Code commune - Code de la zone;Code commune - Libellé de la zone;Classe de véhicule;Catégorie de véhicule;Carburant;Vignette Crit'Air;Parc de véhicule au 1er janvier 2011 (en nombre de véhicules);Parc de véhicule au 1er janvier 2012 (en nombre de véhicules);Parc de véhicule au 1er janvier 2013 (en nombre de véhicules);Parc de véhicule au 1er janvier 2014 (en nombre de véhicules);Parc de véhicule au 1er janvier 2015 (en nombre de véhicules);Parc de véhicule au 1er janvier 2016 (en nombre de véhicules);Parc de véhicule au 1er janvier 2017 (en nombre de véhicules);Parc de véhicule au 1er janvier 2018 (en nombre de véhicules);Parc de véhicule au 1er janvier 2019 (en nombre de véhicules);Parc de véhicule au 1er janvier 2020 (en nombre de véhicules);Parc de véhicule au 1er janvier 2021 (en nombre de véhicules);Parc de véhicule au 1er janvier 2022 (en nombre de véhicules)
69100;Irigny;vp;Véhicule particulier;Diesel;Crit'Air 2;109;340;562;759;955;1083;1213;1314;1429;1465;1522;1532
69100;Irigny;vp;Véhicule particulier;Diesel;Crit'Air 3;1146;1180;1164;1120;1115;1076;1059;1021;974;911;832;759
69100;Irigny;vp;Véhicule particulier;Diesel;Crit'Air 4;766;744;718;714;695;677;610;574;511;409;347;295
69100;Irigny;vp;Véhicule particulier;Diesel;Crit'Air 5;288;269;238;212;184;159;148;130;106;84;61;52
69100;Irigny;vp;Véhicule particulier;Diesel;Non classé;427;364;302;255;213;169;140;107;65;33;29;22
69100;Irigny;vp;Véhicule particulier;Diesel HNR;Crit'Air 2;0;0;1;3;7;14;13;13;13;13;13;17
69100;Irigny;vp;Véhicule particulier;Hybride rechargeable;Crit'Air 1;0;2;1;2;1;2;4;10;13;17;38;54
69100;Irigny;vp;Véhicule particulier;Electrique et hydrogène;Crit'Air E;0;0;0;3;4;9;12;15;14;26;41;70
69100;Irigny;vp;Véhicule particulier;Essence;Crit'Air 1;54;141;225;324;426;551;700;878;1078;1333;1504;1691
69100;Irigny;vp;Véhicule particulier;Essence;Crit'Air 2;514;513;502;522;525;511;484;463;462;459;453;451
69100;Irigny;vp;Véhicule particulier;Essence;Crit'Air 3;880;868;811;745;721;684;622;589;540;483;413;376
69100;Irigny;vp;Véhicule particulier;Essence;Non classé;663;556;454;384;329;269;236;197;160;120;105;106
69100;Irigny;vp;Véhicule particulier;Essence HNR;Crit'Air 1;0;0;1;4;9;17;20;30;39;57;81;129
69100;Irigny;vp;Véhicule particulier;Essence HNR;Crit'Air 2;1;1;0;0;0;0;1;2;2;1;2;2
69100;Irigny;vp;Véhicule particulier;Gaz et inconnu;Crit'Air 1;29;33;31;25;25;24;22;23;27;20;18;24
69100;Irigny;vp;Véhicule particulier;Gaz et inconnu;Crit'Air 3;1;0;0;0;0;0;0;0;0;0;0;0
69100;Irigny;vp;Véhicule particulier;Gaz et inconnu;Non classé;63;3;1;0;0;0;1;2;2;1;1;1
69102;Joux;vp;Véhicule particulier;Diesel;Crit'Air 2;6;16;27;50;66;81;83;101;138;152;162;171
69102;Joux;vp;Véhicule particulier;Diesel;Crit'Air 3;91;103;104;107;119;123;125;115;112;108;87;85
69102;Joux;vp;Véhicule particulier;Diesel;Crit'Air 4;64;53;58;52;60;57;65;70;52;48;43;35
69102;Joux;vp;Véhicule particulier;Diesel;Crit'Air 5;30;22;19;17;19;19;17;17;11;8;6;2
69102;Joux;vp;Véhicule particulier;Diesel;Non classé;43;33;41;39;33;26;21;15;8;1;0;2
69102;Joux;vp;Véhicule particulier;Diesel HNR;Crit'Air 2;0;0;0;0;0;0;0;0;0;0;1;1
69102;Joux;vp;Véhicule particulier;Hybride rechargeable;Crit'Air 1;0;0;0;0;0;1;1;2;2;2;1;0
69102;Joux;vp;Véhicule particulier;Electrique et hydrogène;Crit'Air E;0;0;0;0;0;0;0;1;1;1;4;5
69102;Joux;vp;Véhicule particulier;Essence;Crit'Air 1;1;4;9;11;14;17;30;42;60;71;85;102
69102;Joux;vp;Véhicule particulier;Essence;Crit'Air 2;28;31;35;40;43;41;37;41;42;42;38;34
69102;Joux;vp;Véhicule particulier;Essence;Crit'Air 3;57;57;61;59;55;56;52;57;53;43;42;43
69102;Joux;vp;Véhicule particulier;Essence;Non classé;69;64;50;43;36;34;34;30;27;19;11;9
69102;Joux;vp;Véhicule particulier;Essence HNR;Crit'Air 1;0;0;1;1;1;1;1;2;2;3;5;10
69102;Joux;vp;Véhicule particulier;Gaz et inconnu;Crit'Air 1;1;3;3;3;3;3;3;2;4;3;5;7
69102;Joux;vp;Véhicule particulier;Gaz et inconnu;Non classé;3;0;0;0;0;0;0;0;0;0;0;0
69103;Juliénas;vp;Véhicule particulier;Diesel;Crit'Air 2;4;22;41;68;92;109;131;150;165;175;184;178
69103;Juliénas;vp;Véhicule particulier;Diesel;Crit'Air 3;113;121;133;127;128;117;119;123;112;126;120;111
69103;Juliénas;vp;Véhicule particulier;Diesel;Crit'Air 4;92;87;86;89;75;72;75;71;60;57;51;52
69103;Juliénas;vp;Véhicule particulier;Diesel;Crit'Air 5;35;28;28;27;24;23;18;17;11;9;8;10
69103;Juliénas;vp;Véhicule particulier;Diesel;Non classé;67;73;64;49;43;41;30;29;23;9;7;5
69103;Juliénas;vp;Véhicule particulier;Diesel HNR;Crit'Air 2;0;0;0;1;1;1;1;0;0;1;1;3
69103;Juliénas;vp;Véhicule particulier;Hybride rechargeable;Crit'Air 1;0;0;0;1;1;2;2;1;1;1;2;2
69103;Juliénas;vp;Véhicule particulier;Electrique et hydrogène;Crit'Air E;0;0;0;0;0;0;1;1;1;1;2;6
69103;Juliénas;vp;Véhicule particulier;Essence;Crit'Air 1;1;9;13;19;22;42;56;64;85;104;117;130
69103;Juliénas;vp;Véhicule particulier;Essence;Crit'Air 2;35;38;36;37;39;39;35;44;50;57;50;48
69103;Juliénas;vp;Véhicule particulier;Essence;Crit'Air 3;80;81;76;82;78;72;79;72;55;49;47;47
69103;Juliénas;vp;Véhicule particulier;Essence;Non classé;101;86;86;74;66;54;46;43;30;24;22;17
69103;Juliénas;vp;Véhicule particulier;Essence HNR;Crit'Air 1;0;0;0;2;2;2;2;2;3;3;2;5
69103;Juliénas;vp;Véhicule particulier;Gaz et inconnu;Crit'Air 1;2;3;3;3;3;3;3;4;4;5;4;4
69103;Juliénas;vp;Véhicule particulier;Gaz et inconnu;Non classé;8;0;0;0;0;0;1;0;0;0;0;0
69104;Jullié;vp;Véhicule particulier;Diesel;Crit'Air 2;2;10;21;26;36;36;42;50;61;78;86;89
69104;Jullié;vp;Véhicule particulier;Diesel;Crit'Air 3;45;51;53;56;51;45;52;48;53;57;51;48
69104;Jullié;vp;Véhicule particulier;Diesel;Crit'Air 4;39;39;38;39;41;44;48;47;49;42;39;37
69104;Jullié;vp;Véhicule particulier;Diesel;Crit'Air 5;18;19;19;26;23;22;18;14;13;13;11;10
69104;Jullié;vp;Véhicule particulier;Diesel;Non classé;40;37;33;28;26;25;20;13;8;5;3;3
69104;Jullié;vp;Véhicule particulier;Diesel HNR;Crit'Air 2;0;0;0;0;0;0;0;0;0;0;1;0
69104;Jullié;vp;Véhicule particulier;Hybride rechargeable;Crit'Air 1;1;1;1;1;1;1;1;1;1;1;1;1
69104;Jullié;vp;Véhicule particulier;Electrique et hydrogène;Crit'Air E;0;0;0;0;0;0;0;0;0;0;1;3
69104;Jullié;vp;Véhicule particulier;Essence;Crit'Air 1;0;4;5;8;13;17;22;23;27;38;40;42
69104;Jullié;vp;Véhicule particulier;Essence;Crit'Air 2;11;12;12;14;10;10;9;13;13;16;19;19
69104;Jullié;vp;Véhicule particulier;Essence;Crit'Air 3;28;30;27;24;25;25;29;27;24;26;19;18
69104;Jullié;vp;Véhicule particulier;Essence;Non classé;54;47;44;39;38;35;31;29;16;16;13;8
69104;Jullié;vp;Véhicule particulier;Essence HNR;Crit'Air 1;0;0;0;0;0;0;0;0;1;3;3;4
69104;Jullié;vp;Véhicule particulier;Gaz et inconnu;Crit'Air 1;2;2;2;1;2;1;1;1;1;1;1;1
69104;Jullié;vp;Véhicule particulier;Gaz et inconnu;Non classé;5;0;0;0;0;0;0;0;0;0;0;1
69105;Lacenas;vp;Véhicule particulier;Diesel;Crit'Air 2;12;37;66;102;127;157;172;179;199;210;223;231
69105;Lacenas;vp;Véhicule particulier;Diesel;Crit'Air 3;124;134;137;130;137;135;129;129;131;121;115;100
69105;Lacenas;vp;Véhicule particulier;Diesel;Crit'Air 4;84;82;82;69;72;62;57;56;56;42;29;26
69105;Lacenas;vp;Véhicule particulier;Diesel;Crit'Air 5;33;31;25;20;16;16;13;14;14;15;11;8
69105;Lacenas;vp;Véhicule particulier;Diesel;Non classé;53;50;44;32;29;26;25;19;11;4;4;4
69105;Lacenas;vp;Véhicule particulier;Diesel HNR;Crit'Air 2;0;0;0;1;1;1;0;0;0;2;3;4
69105;Lacenas;vp;Véhicule particulier;Hybride rechargeable;Crit'Air 1;0;0;0;0;0;0;0;0;0;0;2;8
69105;Lacenas;vp;Véhicule particulier;Electrique et hydrogène;Crit'Air E;0;0;0;0;0;0;0;1;1;3;9;16
69105;Lacenas;vp;Véhicule particulier;Essence;Crit'Air 1;4;12;23;38;40;55;81;105;129;142;172;192
69105;Lacenas;vp;Véhicule particulier;Essence;Crit'Air 2;52;56;54;46;44;42;39;33;36;39;37;35
69105;Lacenas;vp;Véhicule particulier;Essence;Crit'Air 3;105;100;97;79;74;65;62;58;54;51;49;46
69105;Lacenas;vp;Véhicule particulier;Essence;Non classé;74;66;57;47;44;40;32;21;22;18;19;22
69105;Lacenas;vp;Véhicule particulier;Essence HNR;Crit'Air 1;0;0;0;0;0;1;5;6;7;6;12;15
69105;Lacenas;vp;Véhicule particulier;Gaz et inconnu;Crit'Air 1;4;4;4;4;3;4;2;3;4;4;5;5
69105;Lacenas;vp;Véhicule particulier;Gaz et inconnu;Non classé;5;1;1;0;0;0;0;0;0;0;0;0
69106;Lachassagne;vp;Véhicule particulier;Diesel;Crit'Air 2;15;47;96;134;172;215;221;238;241;252;297;357
69106;Lachassagne;vp;Véhicule particulier;Diesel;Crit'Air 3;171;168;160;147;130;122;119;108;102;94;81;67
69106;Lachassagne;vp;Véhicule particulier;Diesel;Crit'Air 4;106;98;91;77;72;74;68;59;55;49;43;38
69106;Lachassagne;vp;Véhicule particulier;Diesel;Crit'Air 5;29;25;21;20;22;19;18;16;16;12;8;8
69106;Lachassagne;vp;Véhicule particulier;Diesel;Non classé;47;36;39;40;30;24;20;17;12;6;5;7
69106;Lachassagne;vp;Véhicule particulier;Diesel HNR;Crit'Air 2;0;0;0;1;1;3;2;1;1;0;0;3
69106;Lachassagne;vp;Véhicule particulier;Hybride rechargeable;Crit'Air 1;0;0;1;1;0;0;0;1;2;1;6;16
69106;Lachassagne;vp;Véhicule particulier;Electrique et hydrogène;Crit'Air E;0;0;0;0;0;0;0;0;2;4;12;38
69106;Lachassagne;vp;Véhicule particulier;Essence;Crit'Air 1;12;21;32;40;56;80;97;126;165;207;233;262
69106;Lachassagne;vp;Véhicule particulier;Essence;Crit'Air 2;59;62;62;63;65;67;69;79;74;75;72;66
69106;Lachassagne;vp;Véhicule particulier;Essence;Crit'Air 3;99;101;92;88;88;84;83;80;71;63;54;49
69106;Lachassagne;vp;Véhicule particulier;Essence;Non classé;70;67;58;52;50;47;40;34;31;32;24;27
69106;Lachassagne;vp;Véhicule particulier;Essence HNR;Crit'Air 1;0;0;0;2;1;3;3;10;10;11;10;20
69106;Lachassagne;vp;Véhicule particulier;Gaz et inconnu;Crit'Air 1;1;2;2;2;3;2;3;2;0;0;0;0
69106;Lachassagne;vp;Véhicule particulier;Gaz et inconnu;Non classé;4;1;1;1;1;0;0;0;0;0;0;0
69107;Lamure-sur-Azergues;vp;Véhicule particulier;Diesel;Crit'Air 2;11;32;47;71;98;116;133;160;173;194;199;210
69107;Lamure-sur-Azergues;vp;Véhicule particulier;Diesel;Crit'Air 3;126;130;136;139;131;135;145;144;140;129;115;109
69107;Lamure-sur-Azergues;vp;Véhicule particulier;Diesel;Crit'Air 4;103;85;92;83;76;79;84;77;65;60;58;47
69107;Lamure-sur-Azergues;vp;Véhicule particulier;Diesel;Crit'Air 5;35;30;19;25;18;21;18;23;19;10;9;8
69107;Lamure-sur-Azergues;vp;Véhicule particulier;Diesel;Non classé;81;72;56;42;38;30;27;24;14;5;3;2
69107;Lamure-sur-Azergues;vp;Véhicule particulier;Diesel HNR;Crit'Air 2;0;0;0;0;0;0;1;1;0;0;0;1
69107;Lamure-sur-Azergues;vp;Véhicule particulier;Hybride rechargeable;Crit'Air 1;0;0;0;0;0;0;0;0;0;0;1;4
69107;Lamure-sur-Azergues;vp;Véhicule particulier;Electrique et hydrogène;Crit'Air E;0;0;0;0;0;0;0;0;1;1;3;5
69107;Lamure-sur-Azergues;vp;Véhicule particulier;Essence;Crit'Air 1;4;11;20;27;33;43;50;67;90;116;133;142
69107;Lamure-sur-Azergues;vp;Véhicule particulier;Essence;Crit'Air 2;47;47;52;45;44;37;39;36;39;43;39;45
69107;Lamure-sur-Azergues;vp;Véhicule particulier;Essence;Crit'Air 3;78;85;76;83;74;75;78;75;72;75;60;56
69107;Lamure-sur-Azergues;vp;Véhicule particulier;Essence;Non classé;98;80;70;60;55;42;43;38;29;26;21;19
69107;Lamure-sur-Azergues;vp;Véhicule particulier;Essence HNR;Crit'Air 1;0;0;0;0;0;1;1;1;2;4;9;12
69107;Lamure-sur-Azergues;vp;Véhicule particulier;Gaz et inconnu;Crit'Air 1;3;3;4;3;3;3;4;3;3;4;4;2
69107;Lamure-sur-Azergues;vp;Véhicule particulier;Gaz et inconnu;Non classé;10;0;0;0;0;0;0;0;0;0;0;0
69108;Lancié;vp;Véhicule particulier;Diesel;Crit'Air 2;5;24;45;70;81;101;135;150;181;210;211;216
69108;Lancié;vp;Véhicule particulier;Diesel;Crit'Air 3;107;111;129;137;132;134;130;131;122;113;104;101
69108;Lancié;vp;Véhicule particulier;Diesel;Crit'Air 4;86;96;100;90;81;74;82;79;70;59;60;55
69108;Lancié;vp;Véhicule particulier;Diesel;Crit'Air 5;31;31;35;29;32;30;29;27;22;16;15;12
69108;Lancié;vp;Véhicule particulier;Diesel;Non classé;59;62;60;52;53;42;33;24;14;10;5;4
69108;Lancié;vp;Véhicule particulier;Diesel HNR;Crit'Air 2;0;0;0;0;0;1;1;0;0;0;0;0
69108;Lancié;vp;Véhicule particulier;Electrique et hydrogène;Crit'Air E;0;0;0;0;0;2;2;1;1;0;2;5
69108;Lancié;vp;Véhicule particulier;Essence;Crit'Air 1;2;5;14;19;28;40;52;66;88;107;140;144
69108;Lancié;vp;Véhicule particulier;Essence;Crit'Air 2;23;27;30;35;37;41;41;44;37;41;42;43
69108;Lancié;vp;Véhicule particulier;Essence;Crit'Air 3;59;60;65;58;58;59;59;55;55;55;52;44
69108;Lancié;vp;Véhicule particulier;Essence;Non classé;70;59;54;51;43;38;36;30;21;16;16;15
69108;Lancié;vp;Véhicule particulier;Essence HNR;Crit'Air 1;0;0;0;0;1;1;2;6;9;10;10;20
69108;Lancié;vp;Véhicule particulier;Gaz et inconnu;Crit'Air 1;1;1;2;3;1;1;1;1;1;1;0;2
69108;Lancié;vp;Véhicule particulier;Gaz et inconnu;Non classé;4;0;0;0;0;0;0;0;0;0;0;0
69109;Lantignié;vp;Véhicule particulier;Diesel;Crit'Air 2;9;33;48;68;86;100;120;135;141;164;165;181
69109;Lantignié;vp;Véhicule particulier;Diesel;Crit'Air 3;93;102;113;122;131;123;115;120;108;95;92;87
69109;Lantignié;vp;Véhicule particulier;Diesel;Crit'Air 4;97;98;96;85;84;78;72;64;61;51;53;47
69109;Lantignié;vp;Véhicule particulier;Diesel;Crit'Air 5;35;28;30;23;17;14;12;11;13;10;9;5
69109;Lantignié;vp;Véhicule particulier;Diesel;Non classé;65;59;50;40;37;33;26;22;16;10;6;4
69109;Lantignié;vp;Véhicule particulier;Diesel HNR;Crit'Air 2;0;0;1;0;0;0;0;0;1;2;3;5
69109;Lantignié;vp;Véhicule particulier;Hybride rechargeable;Crit'Air 1;0;0;0;0;0;0;0;0;0;0;2;5
69109;Lantignié;vp;Véhicule particulier;Electrique et hydrogène;Crit'Air E;0;0;0;0;0;0;0;1;0;1;4;4
69109;Lantignié;vp;Véhicule particulier;Essence;Crit'Air 1;2;5;8;12;20;32;37;52;78;93;102;123
69109;Lantignié;vp;Véhicule particulier;Essence;Crit'Air 2;23;20;22;27;29;35;35;35;34;30;31;32
69109;Lantignié;vp;Véhicule particulier;Essence;Crit'Air 3;60;61;60;55;56;65;59;58;55;61;57;54
69109;Lantignié;vp;Véhicule particulier;Essence;Non classé;85;77;76;74;60;59;55;41;31;31;27;23
69109;Lantignié;vp;Véhicule particulier;Essence HNR;Crit'Air 1;0;0;1;1;1;1;0;0;0;1;3;9
69109;Lantignié;vp;Véhicule particulier;Gaz et inconnu;Crit'Air 1;1;1;1;1;1;2;2;2;2;2;2;4
69109;Lantignié;vp;Véhicule particulier;Gaz et inconnu;Non classé;3;1;1;1;1;1;0;0;0;0;0;0
69110;Larajasse;vp;Véhicule particulier;Diesel;Crit'Air 2;12;48;81;126;184;239;279;301;333;361;415;413
69110;Larajasse;vp;Véhicule particulier;Diesel;Crit'Air 3;247;276;302;307;311;294;281;270;250;244;240;215
69110;Larajasse;vp;Véhicule particulier;Diesel;Crit'Air 4;217;224;217;223;212;195;184;179;157;138;114;113
69110;Larajasse;vp;Véhicule particulier;Diesel;Crit'Air 5;95;88;83;69;67;58;47;37;31;26;14;13
69110;Larajasse;vp;Véhicule particulier;Diesel;Non classé;202;174;143;122;99;81;69;52;32;14;10;13
69110;Larajasse;vp;Véhicule particulier;Diesel HNR;Crit'Air 2;0;0;0;0;0;0;0;0;2;1;1;1
69110;Larajasse;vp;Véhicule particulier;Hybride rechargeable;Crit'Air 1;0;0;0;0;0;0;0;0;0;0;0;1
69110;Larajasse;vp;Véhicule particulier;Electrique et hydrogène;Crit'Air E;0;1;1;2;3;3;3;3;5;7;8;14
69110;Larajasse;vp;Véhicule particulier;Essence;Crit'Air 1;3;11;17;29;36;45;61;94;125;162;193;234
69110;Larajasse;vp;Véhicule particulier;Essence;Crit'Air 2;44;45;49;49;51;62;72;62;61;65;59;55
69110;Larajasse;vp;Véhicule particulier;Essence;Crit'Air 3;130;121;117;112;112;113;107;102;89;80;76;70
69110;Larajasse;vp;Véhicule particulier;Essence;Non classé;153;143;127;117;101;99;91;81;79;56;46;33
69110;Larajasse;vp;Véhicule particulier;Essence HNR;Crit'Air 1;0;0;0;1;2;1;1;1;1;3;5;9
69110;Larajasse;vp;Véhicule particulier;Gaz et inconnu;Crit'Air 1;4;3;5;2;2;3;3;3;4;6;6;6
69110;Larajasse;vp;Véhicule particulier;Gaz et inconnu;Non classé;9;1;0;0;1;1;0;0;0;0;0;0
69111;Légny;vp;Véhicule particulier;Diesel;Crit'Air 2;5;23;37;51;66;89;98;116;138;149;148;139
69111;Légny;vp;Véhicule particulier;Diesel;Crit'Air 3;85;89;92;96;87;83;84;75;76;81;79;71
69111;Légny;vp;Véhicule particulier;Diesel;Crit'Air 4;71;65;61;55;58;52;46;38;38;35;34;30
69111;Légny;vp;Véhicule particulier;Diesel;Crit'Air 5;22;24;27;24;17;18;16;17;17;15;8;12
69111;Légny;vp;Véhicule particulier;Diesel;Non classé;42;39;33;30;18;20;17;13;9;3;0;0
69111;Légny;vp;Véhicule particulier;Diesel HNR;Crit'Air 2;0;0;0;0;0;0;1;0;0;1;1;1
69111;Légny;vp;Véhicule particulier;Hybride rechargeable;Crit'Air 1;0;0;0;0;1;1;1;1;1;1;2;4
69111;Légny;vp;Véhicule particulier;Electrique et hydrogène;Crit'Air E;0;0;0;0;0;0;1;1;1;2;2;3
69111;Légny;vp;Véhicule particulier;Essence;Crit'Air 1;1;3;4;12;20;30;44;55;63;74;81;89
69111;Légny;vp;Véhicule particulier;Essence;Crit'Air 2;29;29;29;26;30;28;28;31;29;34;29;22
69111;Légny;vp;Véhicule particulier;Essence;Crit'Air 3;46;47;47;53;50;48;44;33;39;28;35;29
69111;Légny;vp;Véhicule particulier;Essence;Non classé;54;41;37;33;31;26;27;23;18;19;16;13
69111;Légny;vp;Véhicule particulier;Essence HNR;Crit'Air 1;0;0;0;0;0;1;1;1;2;2;3;8
69111;Légny;vp;Véhicule particulier;Gaz et inconnu;Crit'Air 1;1;0;1;1;1;2;1;1;1;1;1;1
69111;Légny;vp;Véhicule particulier;Gaz et inconnu;Non classé;3;0;0;0;0;0;0;0;0;0;0;0
69112;Lentilly;vp;Véhicule particulier;Diesel;Crit'Air 2;74;241;395;548;668;792;940;1019;1153;1230;1265;1241
69112;Lentilly;vp;Véhicule particulier;Diesel;Crit'Air 3;873;855;829;805;796;749;711;711;683;634;596;537
69112;Lentilly;vp;Véhicule particulier;Diesel;Crit'Air 4;517;480;451;426;402;364;351;319;280;266;226;193
69112;Lentilly;vp;Véhicule particulier;Diesel;Crit'Air 5;151;132;120;121;111;107;97;92;76;59;53;43
69112;Lentilly;vp;Véhicule particulier;Diesel;Non classé;227;192;160;144;130;116;95;77;55;34;23;17
69112;Lentilly;vp;Véhicule particulier;Diesel HNR;Crit'Air 2;0;0;1;1;3;6;8;9;12;16;22;17
69112;Lentilly;vp;Véhicule particulier;Hybride rechargeable;Crit'Air 1;1;1;2;3;3;5;4;8;10;11;19;50
69112;Lentilly;vp;Véhicule particulier;Electrique et hydrogène;Crit'Air E;0;0;0;0;2;7;13;16;19;28;48;69
69112;Lentilly;vp;Véhicule particulier;Essence;Crit'Air 1;31;85;136;211;280;374;486;661;845;1006;1154;1292
69112;Lentilly;vp;Véhicule particulier;Essence;Crit'Air 2;346;350;341;326;328;340;350;359;367;374;345;344
69112;Lentilly;vp;Véhicule particulier;Essence;Crit'Air 3;529;499;465;429;416;403;389;383;364;340;288;262
69112;Lentilly;vp;Véhicule particulier;Essence;Non classé;388;342;301;255;243;206;170;158;142;131;114;105
69112;Lentilly;vp;Véhicule particulier;Essence HNR;Crit'Air 1;0;0;2;7;11;15;24;35;50;60;78;125
69112;Lentilly;vp;Véhicule particulier;Essence HNR;Crit'Air 2;2;1;1;1;2;2;2;2;2;2;2;2
69112;Lentilly;vp;Véhicule particulier;Gaz et inconnu;Crit'Air 1;15;21;16;17;15;13;16;13;11;11;15;18
69112;Lentilly;vp;Véhicule particulier;Gaz et inconnu;Non classé;21;3;2;2;3;2;2;2;1;1;1;0
69113;Létra;vp;Véhicule particulier;Diesel;Crit'Air 2;4;16;36;51;77;94;105;120;120;146;159;172
69113;Létra;vp;Véhicule particulier;Diesel;Crit'Air 3;111;121;135;143;155;143;134;134;125;114;114;92
69113;Létra;vp;Véhicule particulier;Diesel;Crit'Air 4;80;78;69;58;65;68;54;59;60;46;45;43
69113;Létra;vp;Véhicule particulier;Diesel;Crit'Air 5;38;39;29;29;26;28;25;20;23;23;19;18
69113;Létra;vp;Véhicule particulier;Diesel;Non classé;71;56;51;41;34;29;23;23;15;10;8;10
69113;Létra;vp;Véhicule particulier;Diesel HNR;Crit'Air 2;0;0;1;1;0;0;0;0;1;1;1;1
69113;Létra;vp;Véhicule particulier;Hybride rechargeable;Crit'Air 1;0;0;0;0;0;0;0;0;0;0;0;2
69113;Létra;vp;Véhicule particulier;Electrique et hydrogène;Crit'Air E;0;0;0;1;1;4;4;4;5;4;5;11
69113;Létra;vp;Véhicule particulier;Essence;Crit'Air 1;3;9;14;17;17;27;37;42;58;68;80;98
69113;Létra;vp;Véhicule particulier;Essence;Crit'Air 2;31;32;30;30;34;37;41;41;36;34;40;42
69113;Létra;vp;Véhicule particulier;Essence;Crit'Air 3;55;51;47;45;42;47;56;52;52;53;55;43
69113;Létra;vp;Véhicule particulier;Essence;Non classé;62;55;46;40;33;25;30;33;29;25;19;12
69113;Létra;vp;Véhicule particulier;Essence HNR;Crit'Air 1;0;0;0;0;1;1;0;0;1;1;2;4
69113;Létra;vp;Véhicule particulier;Essence HNR;Crit'Air 2;0;0;0;0;0;0;0;0;0;0;1;1
69113;Létra;vp;Véhicule particulier;Gaz et inconnu;Crit'Air 1;4;5;4;4;5;5;2;2;2;1;1;1
69113;Létra;vp;Véhicule particulier;Gaz et inconnu;Non classé;9;0;0;0;0;0;0;0;0;0;0;0
69115;Limas;vp;Véhicule particulier;Diesel;Crit'Air 2;86;242;400;547;662;767;853;926;971;1024;1041;1017
69115;Limas;vp;Véhicule particulier;Diesel;Crit'Air 3;680;654;611;580;555;546;538;546;506;493;460;423
69115;Limas;vp;Véhicule particulier;Diesel;Crit'Air 4;418;384;393;383;367;353;330;315;285;249;209;193
69115;Limas;vp;Véhicule particulier;Diesel;Crit'Air 5;159;160;147;137;118;102;97;77;65;57;45;34
69115;Limas;vp;Véhicule particulier;Diesel;Non classé;257;210;174;151;124;96;75;66;49;23;19;17
69115;Limas;vp;Véhicule particulier;Diesel HNR;Crit'Air 2;0;0;4;8;9;7;5;5;4;11;11;20
69115;Limas;vp;Véhicule particulier;Hybride rechargeable;Crit'Air 1;0;1;1;1;1;1;3;3;3;6;20;49
69115;Limas;vp;Véhicule particulier;Electrique et hydrogène;Crit'Air E;0;0;0;0;2;5;7;9;18;19;34;48
69115;Limas;vp;Véhicule particulier;Essence;Crit'Air 1;45;107;152;217;277;376;477;548;645;826;868;949
69115;Limas;vp;Véhicule particulier;Essence;Crit'Air 2;300;280;278;282;267;264;254;261;265;244;225;210
69115;Limas;vp;Véhicule particulier;Essence;Crit'Air 3;455;451;428;395;361;347;329;305;285;255;231;214
69115;Limas;vp;Véhicule particulier;Essence;Non classé;379;325;262;231;211;175;149;132;94;74;63;56
69115;Limas;vp;Véhicule particulier;Essence HNR;Crit'Air 1;0;0;0;4;7;8;14;26;34;48;66;98
69115;Limas;vp;Véhicule particulier;Essence HNR;Crit'Air 2;0;0;0;0;0;1;1;1;1;1;1;1
69115;Limas;vp;Véhicule particulier;Gaz et inconnu;Crit'Air 1;10;13;13;14;13;9;10;9;10;8;8;10
69115;Limas;vp;Véhicule particulier;Gaz et inconnu;Non classé;23;2;1;1;1;1;1;0;0;1;1;1
69116;Limonest;vp;Véhicule particulier;Diesel;Crit'Air 2;320;841;1300;1620;1864;2039;2130;2200;2226;2282;2646;2721
69116;Limonest;vp;Véhicule particulier;Diesel;Crit'Air 3;4240;2650;1356;746;445;401;344;335;305;257;229;204
69116;Limonest;vp;Véhicule particulier;Diesel;Crit'Air 4;308;245;233;211;207;191;168;156;137;115;113;100
69116;Limonest;vp;Véhicule particulier;Diesel;Crit'Air 5;77;70;72;67;59;48;36;30;26;20;18;17
69116;Limonest;vp;Véhicule particulier;Diesel;Non classé;126;101;74;56;47;41;42;34;24;14;11;10
69116;Limonest;vp;Véhicule particulier;Diesel HNR;Crit'Air 2;0;0;1;12;18;29;25;21;37;44;64;99
69116;Limonest;vp;Véhicule particulier;Hybride rechargeable;Crit'Air 1;4;4;4;7;10;8;10;15;22;32;110;885
69116;Limonest;vp;Véhicule particulier;Electrique et hydrogène;Crit'Air E;0;0;0;0;2;7;13;19;26;31;153;288
69116;Limonest;vp;Véhicule particulier;Essence;Crit'Air 1;45;123;201;246;299;396;469;570;743;984;1221;1310
69116;Limonest;vp;Véhicule particulier;Essence;Crit'Air 2;350;335;316;286;275;274;239;236;226;206;204;192
69116;Limonest;vp;Véhicule particulier;Essence;Crit'Air 3;371;341;328;302;279;241;213;201;179;164;150;122
69116;Limonest;vp;Véhicule particulier;Essence;Non classé;249;214;180;158;147;125;107;100;77;59;59;56
69116;Limonest;vp;Véhicule particulier;Essence HNR;Crit'Air 1;1;0;6;8;7;17;31;55;70;103;147;446
69116;Limonest;vp;Véhicule particulier;Essence HNR;Crit'Air 2;6;6;3;2;2;2;2;2;1;1;1;1
69116;Limonest;vp;Véhicule particulier;Gaz et inconnu;Crit'Air 1;11;11;11;13;11;11;11;10;13;9;7;8
69116;Limonest;vp;Véhicule particulier;Gaz et inconnu;Non classé;14;2;1;0;1;1;1;0;0;0;0;0
69117;Lissieu;vp;Véhicule particulier;Diesel;Crit'Air 2;104;232;369;487;563;636;671;713;772;767;780;727
69117;Lissieu;vp;Véhicule particulier;Diesel;Crit'Air 3;623;626;595;531;475;432;387;362;316;279;253;234
69117;Lissieu;vp;Véhicule particulier;Diesel;Crit'Air 4;311;294;252;228;216;187;178;152;143;126;106;89
69117;Lissieu;vp;Véhicule particulier;Diesel;Crit'Air 5;78;70;64;62;53;52;46;39;33;24;24;18
69117;Lissieu;vp;Véhicule particulier;Diesel;Non classé;134;114;89;75;58;51;42;34;20;9;7;7
69117;Lissieu;vp;Véhicule particulier;Diesel HNR;Crit'Air 2;0;0;0;3;6;9;9;10;6;12;14;20
69117;Lissieu;vp;Véhicule particulier;Hybride rechargeable;Crit'Air 1;1;3;2;1;2;4;5;5;8;10;21;31
69117;Lissieu;vp;Véhicule particulier;Electrique et hydrogène;Crit'Air E;0;0;0;0;9;9;15;18;21;25;32;67
69117;Lissieu;vp;Véhicule particulier;Essence;Crit'Air 1;31;71;105;139;178;231;300;377;476;569;648;702
69117;Lissieu;vp;Véhicule particulier;Essence;Crit'Air 2;230;233;216;227;208;199;190;180;163;158;155;154
69117;Lissieu;vp;Véhicule particulier;Essence;Crit'Air 3;338;322;311;290;267;250;241;228;208;182;153;134
69117;Lissieu;vp;Véhicule particulier;Essence;Non classé;191;175;145;115;98;94;92;81;68;48;36;42
69117;Lissieu;vp;Véhicule particulier;Essence HNR;Crit'Air 1;0;0;2;5;8;12;14;18;28;38;48;67
69117;Lissieu;vp;Véhicule particulier;Essence HNR;Crit'Air 2;1;1;1;1;1;1;0;0;0;0;0;0
69117;Lissieu;vp;Véhicule particulier;Gaz et inconnu;Crit'Air 1;13;15;15;15;16;17;15;16;13;15;14;17
69117;Lissieu;vp;Véhicule particulier;Gaz et inconnu;Non classé;15;1;1;1;1;1;1;1;1;1;1;0
69118;Loire-sur-Rhône;vp;Véhicule particulier;Diesel;Crit'Air 2;31;84;155;212;278;319;377;425;427;462;492;507
69118;Loire-sur-Rhône;vp;Véhicule particulier;Diesel;Crit'Air 3;312;364;370;373;381;361;366;340;331;315;307;275
69118;Loire-sur-Rhône;vp;Véhicule particulier;Diesel;Crit'Air 4;286;288;293;289;277;264;235;225;197;173;142;125
69118;Loire-sur-Rhône;vp;Véhicule particulier;Diesel;Crit'Air 5;104;90;81;81;74;73;64;56;52;44;38;35
69118;Loire-sur-Rhône;vp;Véhicule particulier;Diesel;Non classé;181;170;131;114;96;91;66;50;30;17;12;12
69118;Loire-sur-Rhône;vp;Véhicule particulier;Diesel HNR;Crit'Air 2;0;0;0;0;0;0;0;0;0;1;1;2
69118;Loire-sur-Rhône;vp;Véhicule particulier;Hybride rechargeable;Crit'Air 1;0;0;1;0;0;0;0;1;2;2;4;11
69118;Loire-sur-Rhône;vp;Véhicule particulier;Electrique et hydrogène;Crit'Air E;0;0;0;0;0;0;4;8;9;8;14;23
69118;Loire-sur-Rhône;vp;Véhicule particulier;Essence;Crit'Air 1;6;30;54;72;99;141;180;225;292;334;386;425
69118;Loire-sur-Rhône;vp;Véhicule particulier;Essence;Crit'Air 2;107;114;115;121;121;120;125;119;120;114;111;111
69118;Loire-sur-Rhône;vp;Véhicule particulier;Essence;Crit'Air 3;213;208;202;197;185;184;183;179;158;134;114;103
69118;Loire-sur-Rhône;vp;Véhicule particulier;Essence;Non classé;207;156;126;125;110;92;82;83;70;49;42;40
69118;Loire-sur-Rhône;vp;Véhicule particulier;Essence HNR;Crit'Air 1;0;0;1;2;3;3;4;10;18;22;29;40
69118;Loire-sur-Rhône;vp;Véhicule particulier;Gaz et inconnu;Crit'Air 1;6;9;9;8;6;6;6;7;5;3;5;10
69118;Loire-sur-Rhône;vp;Véhicule particulier;Gaz et inconnu;Non classé;23;3;2;1;1;1;0;0;0;0;0;0
69119;Longes;vp;Véhicule particulier;Diesel;Crit'Air 2;5;26;46;77;103;126;141;152;163;179;188;189
69119;Longes;vp;Véhicule particulier;Diesel;Crit'Air 3;109;112;125;134;135;142;145;132;118;115;114;104
69119;Longes;vp;Véhicule particulier;Diesel;Crit'Air 4;112;122;122;123;108;104;98;91;72;69;58;53
69119;Longes;vp;Véhicule particulier;Diesel;Crit'Air 5;46;45;47;48;45;46;42;44;32;25;16;11
69119;Longes;vp;Véhicule particulier;Diesel;Non classé;109;94;89;81;68;55;46;37;23;13;10;6
69119;Longes;vp;Véhicule particulier;Diesel HNR;Crit'Air 2;0;0;1;1;2;1;1;0;0;0;0;0
69119;Longes;vp;Véhicule particulier;Hybride rechargeable;Crit'Air 1;0;0;0;0;0;0;1;1;1;1;4;4
69119;Longes;vp;Véhicule particulier;Electrique et hydrogène;Crit'Air E;0;0;0;0;0;1;1;2;2;2;4;8
69119;Longes;vp;Véhicule particulier;Essence;Crit'Air 1;3;5;9;20;22;32;42;52;66;87;108;115
69119;Longes;vp;Véhicule particulier;Essence;Crit'Air 2;23;22;23;24;28;28;30;35;41;41;42;32
69119;Longes;vp;Véhicule particulier;Essence;Crit'Air 3;69;68;67;62;61;62;62;61;56;50;46;46
69119;Longes;vp;Véhicule particulier;Essence;Non classé;67;66;55;51;47;45;33;33;27;20;23;18
69119;Longes;vp;Véhicule particulier;Essence HNR;Crit'Air 1;0;0;0;0;0;0;0;1;2;3;5;7
69119;Longes;vp;Véhicule particulier;Essence HNR;Crit'Air 2;0;0;0;0;0;0;0;1;1;1;1;0
69119;Longes;vp;Véhicule particulier;Gaz et inconnu;Crit'Air 1;4;5;5;4;3;4;5;6;6;6;5;5
69119;Longes;vp;Véhicule particulier;Gaz et inconnu;Non classé;8;1;1;1;1;1;1;1;0;0;0;0
69119;Longes;vp;Véhicule particulier;Gaz et inconnu;Inconnu;1;0;0;0;0;0;0;0;0;0;0;0
69120;Longessaigne;vp;Véhicule particulier;Diesel;Crit'Air 2;4;14;22;28;41;49;57;73;89;102;106;116
69120;Longessaigne;vp;Véhicule particulier;Diesel;Crit'Air 3;66;75;80;78;81;87;94;91;91;95;93;95
69120;Longessaigne;vp;Véhicule particulier;Diesel;Crit'Air 4;69;71;74;78;73;76;75;78;66;59;47;39
69120;Longessaigne;vp;Véhicule particulier;Diesel;Crit'Air 5;36;31;39;35;31;28;22;16;13;11;8;10
69120;Longessaigne;vp;Véhicule particulier;Diesel;Non classé;85;67;62;51;42;35;29;27;15;7;6;7
69120;Longessaigne;vp;Véhicule particulier;Diesel HNR;Crit'Air 2;0;0;0;0;0;0;0;0;0;1;1;1
69120;Longessaigne;vp;Véhicule particulier;Electrique et hydrogène;Crit'Air E;0;0;0;0;0;0;0;2;3;4;4;7
69120;Longessaigne;vp;Véhicule particulier;Essence;Crit'Air 1;0;3;3;4;7;7;13;19;30;45;53;63
69120;Longessaigne;vp;Véhicule particulier;Essence;Crit'Air 2;9;11;12;14;12;12;12;17;12;12;18;17
69120;Longessaigne;vp;Véhicule particulier;Essence;Crit'Air 3;34;40;36;43;40;43;45;49;44;51;41;37
69120;Longessaigne;vp;Véhicule particulier;Essence;Non classé;66;54;47;37;36;34;27;24;20;15;10;6
69120;Longessaigne;vp;Véhicule particulier;Essence HNR;Crit'Air 1;0;0;0;0;0;0;0;0;1;1;1;8
69120;Longessaigne;vp;Véhicule particulier;Gaz et inconnu;Crit'Air 1;2;3;3;2;2;2;2;2;2;1;2;3
69120;Longessaigne;vp;Véhicule particulier;Gaz et inconnu;Non classé;1;0;0;0;0;0;0;0;0;0;0;0
69121;Lozanne;vp;Véhicule particulier;Diesel;Crit'Air 2;32;91;170;233;296;355;397;474;496;530;542;560
69121;Lozanne;vp;Véhicule particulier;Diesel;Crit'Air 3;352;384;372;360;357;347;336;308;304;292;273;246
69121;Lozanne;vp;Véhicule particulier;Diesel;Crit'Air 4;267;246;231;216;203;192;171;171;154;129;120;120
69121;Lozanne;vp;Véhicule particulier;Diesel;Crit'Air 5;75;79;78;70;73;53;45;41;45;39;32;27
69121;Lozanne;vp;Véhicule particulier;Diesel;Non classé;148;122;110;93;79;67;53;42;33;24;19;10
69121;Lozanne;vp;Véhicule particulier;Diesel HNR;Crit'Air 2;0;0;0;2;2;3;2;3;4;5;6;9
69121;Lozanne;vp;Véhicule particulier;Hybride rechargeable;Crit'Air 1;0;0;0;0;0;0;0;1;3;3;8;19
69121;Lozanne;vp;Véhicule particulier;Electrique et hydrogène;Crit'Air E;0;0;0;0;0;3;5;8;8;9;15;27
69121;Lozanne;vp;Véhicule particulier;Essence;Crit'Air 1;6;46;66;96;128;171;221;269;348;430;522;601
69121;Lozanne;vp;Véhicule particulier;Essence;Crit'Air 2;145;138;129;124;137;143;144;135;131;147;153;147
69121;Lozanne;vp;Véhicule particulier;Essence;Crit'Air 3;253;264;253;263;251;250;226;217;211;173;153;125
69121;Lozanne;vp;Véhicule particulier;Essence;Non classé;199;182;150;126;104;101;82;67;53;43;37;32
69121;Lozanne;vp;Véhicule particulier;Essence HNR;Crit'Air 1;1;2;3;3;4;4;8;11;16;13;24;46
69121;Lozanne;vp;Véhicule particulier;Gaz et inconnu;Crit'Air 1;7;9;9;9;12;13;12;11;11;11;12;11
69121;Lozanne;vp;Véhicule particulier;Gaz et inconnu;Non classé;17;0;0;0;0;0;0;0;0;0;0;0
69122;Lucenay;vp;Véhicule particulier;Diesel;Crit'Air 2;29;79;130;175;219;248;272;300;318;355;372;380
69122;Lucenay;vp;Véhicule particulier;Diesel;Crit'Air 3;267;268;262;253;256;256;232;238;226;210;194;174
69122;Lucenay;vp;Véhicule particulier;Diesel;Crit'Air 4;179;175;145;149;129;131;122;101;86;68;58;41
69122;Lucenay;vp;Véhicule particulier;Diesel;Crit'Air 5;53;59;46;49;39;33;28;23;18;11;7;8
69122;Lucenay;vp;Véhicule particulier;Diesel;Non classé;72;64;56;45;40;36;27;26;18;11;4;5
69122;Lucenay;vp;Véhicule particulier;Diesel HNR;Crit'Air 2;0;0;1;1;1;1;0;1;0;2;3;5
69122;Lucenay;vp;Véhicule particulier;Hybride rechargeable;Crit'Air 1;0;0;0;0;0;1;2;3;4;5;6;15
69122;Lucenay;vp;Véhicule particulier;Electrique et hydrogène;Crit'Air E;0;0;0;1;2;4;4;4;4;8;12;20
69122;Lucenay;vp;Véhicule particulier;Essence;Crit'Air 1;19;41;58;71;85;109;137;173;227;307;361;399
69122;Lucenay;vp;Véhicule particulier;Essence;Crit'Air 2;83;93;81;82;77;74;74;75;88;91;90;87
69122;Lucenay;vp;Véhicule particulier;Essence;Crit'Air 3;172;165;160;156;155;142;127;121;122;111;91;81
69122;Lucenay;vp;Véhicule particulier;Essence;Non classé;98;85;75;68;63;57;56;44;36;35;29;24
69122;Lucenay;vp;Véhicule particulier;Essence HNR;Crit'Air 1;0;0;0;1;1;1;3;6;11;15;20;33
69122;Lucenay;vp;Véhicule particulier;Essence HNR;Crit'Air 2;1;0;0;0;0;0;1;0;0;0;0;0
69122;Lucenay;vp;Véhicule particulier;Gaz et inconnu;Crit'Air 1;3;5;5;5;7;6;7;6;5;7;8;8
69122;Lucenay;vp;Véhicule particulier;Gaz et inconnu;Non classé;8;0;0;0;0;0;0;0;0;0;0;0
69123;Lyon;vp;Véhicule particulier;Diesel;Crit'Air 2;17;29;33;44;33;32;21;11;14;11;15;12
69123;Lyon;vp;Véhicule particulier;Diesel;Crit'Air 3;57;49;35;20;14;13;7;7;6;5;5;7
69123;Lyon;vp;Véhicule particulier;Diesel;Crit'Air 4;5;6;7;7;5;3;2;1;0;0;0;0
69123;Lyon;vp;Véhicule particulier;Diesel;Crit'Air 5;3;2;3;2;0;0;0;0;0;0;0;0
69123;Lyon;vp;Véhicule particulier;Diesel;Non classé;13;7;6;4;2;2;2;3;2;0;1;1
69123;Lyon;vp;Véhicule particulier;Essence;Crit'Air 1;1;3;3;4;4;5;58;59;60;69;70;72
69123;Lyon;vp;Véhicule particulier;Essence;Crit'Air 2;10;9;8;6;6;6;4;5;5;4;2;2
69123;Lyon;vp;Véhicule particulier;Essence;Crit'Air 3;3;3;3;3;3;3;1;2;2;1;2;1
69123;Lyon;vp;Véhicule particulier;Essence;Non classé;30;14;11;11;7;5;2;2;3;3;2;2
69123;Lyon;vp;Véhicule particulier;Essence HNR;Crit'Air 1;0;0;0;0;0;0;1;1;1;1;1;1
69123;Lyon;vp;Véhicule particulier;Gaz et inconnu;Crit'Air 1;1;1;1;0;0;14;14;20;24;22;22;24
69124;Marchampt;vp;Véhicule particulier;Diesel;Crit'Air 2;3;12;23;34;44;47;58;76;74;84;82;84
69124;Marchampt;vp;Véhicule particulier;Diesel;Crit'Air 3;56;61;55;56;57;53;56;55;61;54;52;52
69124;Marchampt;vp;Véhicule particulier;Diesel;Crit'Air 4;51;52;50;55;50;51;47;46;42;39;35;31
69124;Marchampt;vp;Véhicule particulier;Diesel;Crit'Air 5;12;11;11;9;10;6;9;11;11;10;11;10
69124;Marchampt;vp;Véhicule particulier;Diesel;Non classé;31;28;29;25;22;18;14;13;14;10;9;8
69124;Marchampt;vp;Véhicule particulier;Diesel HNR;Crit'Air 2;0;0;0;0;0;0;0;0;1;1;1;1
69124;Marchampt;vp;Véhicule particulier;Essence;Crit'Air 1;4;6;10;13;15;21;25;27;35;34;47;51
69124;Marchampt;vp;Véhicule particulier;Essence;Crit'Air 2;13;10;8;8;6;9;15;13;12;13;13;15
69124;Marchampt;vp;Véhicule particulier;Essence;Crit'Air 3;36;29;30;33;32;27;30;27;26;23;22;24
69124;Marchampt;vp;Véhicule particulier;Essence;Non classé;41;42;40;39;37;31;30;28;21;18;14;12
69124;Marchampt;vp;Véhicule particulier;Essence HNR;Crit'Air 1;0;0;0;0;1;1;1;1;1;3;4;9
69124;Marchampt;vp;Véhicule particulier;Gaz et inconnu;Crit'Air 1;7;7;7;7;5;5;6;5;4;4;4;3
69124;Marchampt;vp;Véhicule particulier;Gaz et inconnu;Non classé;10;2;2;0;0;0;0;0;0;0;0;0
69125;Marcilly-d'Azergues;vp;Véhicule particulier;Diesel;Crit'Air 2;14;33;57;82;115;134;151;182;192;198;200;198
69125;Marcilly-d'Azergues;vp;Véhicule particulier;Diesel;Crit'Air 3;125;125;140;137;128;123;109;98;96;104;97;96
69125;Marcilly-d'Azergues;vp;Véhicule particulier;Diesel;Crit'Air 4;109;99;96;83;73;69;69;64;56;43;38;33
69125;Marcilly-d'Azergues;vp;Véhicule particulier;Diesel;Crit'Air 5;34;34;29;25;21;20;17;16;17;14;13;10
69125;Marcilly-d'Azergues;vp;Véhicule particulier;Diesel;Non classé;51;40;40;33;31;25;22;21;15;9;7;7
69125;Marcilly-d'Azergues;vp;Véhicule particulier;Diesel HNR;Crit'Air 2;0;0;0;1;1;2;2;2;2;2;3;4
69125;Marcilly-d'Azergues;vp;Véhicule particulier;Hybride rechargeable;Crit'Air 1;0;0;0;0;0;0;0;0;0;1;3;6
69125;Marcilly-d'Azergues;vp;Véhicule particulier;Electrique et hydrogène;Crit'Air E;0;0;0;0;2;1;2;4;6;6;8;18
69125;Marcilly-d'Azergues;vp;Véhicule particulier;Essence;Crit'Air 1;7;20;25;39;52;66;79;110;136;152;165;184
69125;Marcilly-d'Azergues;vp;Véhicule particulier;Essence;Crit'Air 2;58;61;58;57;54;50;56;57;51;52;51;49
69125;Marcilly-d'Azergues;vp;Véhicule particulier;Essence;Crit'Air 3;127;116;106;93;94;90;89;77;67;60;53;45
69125;Marcilly-d'Azergues;vp;Véhicule particulier;Essence;Non classé;69;60;55;43;33;37;35;31;30;27;22;20
69125;Marcilly-d'Azergues;vp;Véhicule particulier;Essence HNR;Crit'Air 1;0;0;0;1;2;1;1;2;5;5;7;11
69125;Marcilly-d'Azergues;vp;Véhicule particulier;Gaz et inconnu;Crit'Air 1;3;2;1;0;0;0;0;0;2;3;4;4
69125;Marcilly-d'Azergues;vp;Véhicule particulier;Gaz et inconnu;Non classé;6;2;1;1;1;1;1;1;1;1;1;1
69126;Marcy;vp;Véhicule particulier;Diesel;Crit'Air 2;12;33;57;76;87;118;130;138;152;169;174;182
69126;Marcy;vp;Véhicule particulier;Diesel;Crit'Air 3;97;96;97;93;93;89;82;78;67;63;63;59
69126;Marcy;vp;Véhicule particulier;Diesel;Crit'Air 4;66;76;68;67;62;56;54;55;50;42;43;36
69126;Marcy;vp;Véhicule particulier;Diesel;Crit'Air 5;20;18;19;21;20;17;13;11;9;8;8;6
69126;Marcy;vp;Véhicule particulier;Diesel;Non classé;27;24;20;19;15;14;12;7;5;4;4;4
69126;Marcy;vp;Véhicule particulier;Diesel HNR;Crit'Air 2;0;0;0;0;0;1;1;1;1;1;2;3
69126;Marcy;vp;Véhicule particulier;Hybride rechargeable;Crit'Air 1;0;0;0;0;0;0;0;0;0;1;2;7
69126;Marcy;vp;Véhicule particulier;Electrique et hydrogène;Crit'Air E;0;0;0;0;0;1;1;1;3;4;12;18
69126;Marcy;vp;Véhicule particulier;Essence;Crit'Air 1;2;9;22;33;36;47;60;80;108;131;136;173
69126;Marcy;vp;Véhicule particulier;Essence;Crit'Air 2;37;39;41;40;33;34;37;44;43;40;36;42
69126;Marcy;vp;Véhicule particulier;Essence;Crit'Air 3;86;73;70;68;68;61;55;51;49;46;43;42
69126;Marcy;vp;Véhicule particulier;Essence;Non classé;54;46;36;29;30;31;30;30;29;24;19;20
69126;Marcy;vp;Véhicule particulier;Essence HNR;Crit'Air 1;0;0;0;0;0;0;0;2;3;5;9;17
69126;Marcy;vp;Véhicule particulier;Gaz et inconnu;Crit'Air 1;2;2;2;1;2;1;1;1;2;1;0;1
69126;Marcy;vp;Véhicule particulier;Gaz et inconnu;Non classé;7;1;0;0;1;0;1;1;0;0;0;0
69127;Marcy-l'Étoile;vp;Véhicule particulier;Diesel;Crit'Air 2;52;186;350;486;655;743;782;823;840;839;825;731
69127;Marcy-l'Étoile;vp;Véhicule particulier;Diesel;Crit'Air 3;441;449;441;421;397;369;351;338;318;289;262;242
69127;Marcy-l'Étoile;vp;Véhicule particulier;Diesel;Crit'Air 4;275;269;264;239;229;208;189;156;129;121;104;86
69127;Marcy-l'Étoile;vp;Véhicule particulier;Diesel;Crit'Air 5;100;93;75;64;59;48;43;42;31;29;26;22
69127;Marcy-l'Étoile;vp;Véhicule particulier;Diesel;Non classé;110;100;87;71;53;46;33;22;15;6;1;1
69127;Marcy-l'Étoile;vp;Véhicule particulier;Diesel HNR;Crit'Air 2;0;0;1;2;2;7;6;5;4;4;7;8
69127;Marcy-l'Étoile;vp;Véhicule particulier;Hybride rechargeable;Crit'Air 1;2;4;4;4;2;3;3;3;7;10;28;61
69127;Marcy-l'Étoile;vp;Véhicule particulier;Electrique et hydrogène;Crit'Air E;3;3;4;4;6;8;10;15;18;22;29;47
69127;Marcy-l'Étoile;vp;Véhicule particulier;Essence;Crit'Air 1;22;66;107;153;192;258;324;413;508;612;671;743
69127;Marcy-l'Étoile;vp;Véhicule particulier;Essence;Crit'Air 2;223;229;231;223;220;217;200;183;171;164;155;139
69127;Marcy-l'Étoile;vp;Véhicule particulier;Essence;Crit'Air 3;361;340;311;296;280;256;242;203;176;166;157;131
69127;Marcy-l'Étoile;vp;Véhicule particulier;Essence;Non classé;207;176;139;125;105;93;71;63;47;35;30;26
69127;Marcy-l'Étoile;vp;Véhicule particulier;Essence HNR;Crit'Air 1;0;0;0;1;5;11;23;32;39;49;61;71
69127;Marcy-l'Étoile;vp;Véhicule particulier;Essence HNR;Crit'Air 2;0;0;0;1;1;1;1;1;1;1;2;2
69127;Marcy-l'Étoile;vp;Véhicule particulier;Gaz et inconnu;Crit'Air 1;9;6;5;6;6;5;5;3;3;4;3;8
69127;Marcy-l'Étoile;vp;Véhicule particulier;Gaz et inconnu;Non classé;22;1;1;1;1;0;0;1;1;1;1;1
69130;Meaux-la-Montagne;vp;Véhicule particulier;Diesel;Crit'Air 2;2;8;11;19;24;27;33;34;40;44;44;51
69130;Meaux-la-Montagne;vp;Véhicule particulier;Diesel;Crit'Air 3;26;27;29;27;25;22;19;16;18;18;17;17
69130;Meaux-la-Montagne;vp;Véhicule particulier;Diesel;Crit'Air 4;21;21;22;22;24;22;17;17;11;14;12;10
69130;Meaux-la-Montagne;vp;Véhicule particulier;Diesel;Crit'Air 5;6;8;8;4;4;4;5;6;4;2;2;4
69130;Meaux-la-Montagne;vp;Véhicule particulier;Diesel;Non classé;19;11;11;8;6;8;8;4;3;0;0;0
69130;Meaux-la-Montagne;vp;Véhicule particulier;Electrique et hydrogène;Crit'Air E;0;0;0;0;1;1;1;1;1;0;0;0
69130;Meaux-la-Montagne;vp;Véhicule particulier;Essence;Crit'Air 1;1;3;6;9;9;9;10;16;16;21;24;29
69130;Meaux-la-Montagne;vp;Véhicule particulier;Essence;Crit'Air 2;8;7;6;7;8;8;9;7;7;8;6;8
69130;Meaux-la-Montagne;vp;Véhicule particulier;Essence;Crit'Air 3;14;13;14;11;11;15;15;13;12;11;12;12
69130;Meaux-la-Montagne;vp;Véhicule particulier;Essence;Non classé;11;10;10;7;7;8;9;6;4;3;3;4
69130;Meaux-la-Montagne;vp;Véhicule particulier;Essence HNR;Crit'Air 1;0;0;0;0;0;1;1;1;1;1;1;2
69130;Meaux-la-Montagne;vp;Véhicule particulier;Essence HNR;Crit'Air 2;0;0;1;1;1;1;1;1;1;1;1;0
69130;Meaux-la-Montagne;vp;Véhicule particulier;Gaz et inconnu;Crit'Air 1;0;0;0;0;0;0;1;1;1;1;1;1
69131;Messimy;vp;Véhicule particulier;Diesel;Crit'Air 2;53;120;207;306;399;463;505;547;565;609;643;645
69131;Messimy;vp;Véhicule particulier;Diesel;Crit'Air 3;501;525;508;496;473;458;431;385;361;356;325;297
69131;Messimy;vp;Véhicule particulier;Diesel;Crit'Air 4;338;321;284;272;274;258;235;222;193;176;143;119
69131;Messimy;vp;Véhicule particulier;Diesel;Crit'Air 5;116;101;89;90;83;70;66;59;52;46;33;27
69131;Messimy;vp;Véhicule particulier;Diesel;Non classé;189;164;147;114;100;75;59;45;35;18;13;11
69131;Messimy;vp;Véhicule particulier;Diesel HNR;Crit'Air 2;0;0;1;4;3;3;3;3;3;4;5;7
69131;Messimy;vp;Véhicule particulier;Hybride rechargeable;Crit'Air 1;1;1;1;1;2;2;2;2;4;5;16;27
69131;Messimy;vp;Véhicule particulier;Electrique et hydrogène;Crit'Air E;0;0;0;0;1;3;5;8;13;20;27;37
69131;Messimy;vp;Véhicule particulier;Essence;Crit'Air 1;20;58;83;115;141;195;270;362;444;566;633;704
69131;Messimy;vp;Véhicule particulier;Essence;Crit'Air 2;176;188;195;210;206;201;201;200;190;196;185;192
69131;Messimy;vp;Véhicule particulier;Essence;Crit'Air 3;357;345;337;334;322;319;316;281;277;239;204;177
69131;Messimy;vp;Véhicule particulier;Essence;Non classé;280;253;208;189;154;126;106;93;84;63;52;45
69131;Messimy;vp;Véhicule particulier;Essence HNR;Crit'Air 1;0;0;0;0;3;3;5;10;13;21;158;263
69131;Messimy;vp;Véhicule particulier;Gaz et inconnu;Crit'Air 1;8;10;11;8;7;6;7;6;5;6;5;5
69131;Messimy;vp;Véhicule particulier;Gaz et inconnu;Non classé;24;1;1;1;1;1;1;1;0;1;1;1
69132;Meys;vp;Véhicule particulier;Diesel;Crit'Air 2;4;19;32;48;58;73;87;111;145;155;156;164
69132;Meys;vp;Véhicule particulier;Diesel;Crit'Air 3;84;96;104;110;112;122;128;133;135;131;128;126
69132;Meys;vp;Véhicule particulier;Diesel;Crit'Air 4;88;91;93;97;95;91;81;77;77;65;58;55
69132;Meys;vp;Véhicule particulier;Diesel;Crit'Air 5;39;36;30;26;32;30;24;19;15;11;11;9
69132;Meys;vp;Véhicule particulier;Diesel;Non classé;95;85;68;54;44;34;31;26;15;6;4;4
69132;Meys;vp;Véhicule particulier;Hybride rechargeable;Crit'Air 1;0;0;0;0;0;0;0;0;0;0;1;2
69132;Meys;vp;Véhicule particulier;Electrique et hydrogène;Crit'Air E;0;0;0;0;0;0;1;2;2;1;5;5
69132;Meys;vp;Véhicule particulier;Essence;Crit'Air 1;0;5;10;14;18;20;26;35;42;57;63;73
69132;Meys;vp;Véhicule particulier;Essence;Crit'Air 2;20;23;23;23;20;19;20;23;24;25;29;30
69132;Meys;vp;Véhicule particulier;Essence;Crit'Air 3;51;59;55;46;46;49;41;44;42;40;36;38
69132;Meys;vp;Véhicule particulier;Essence;Non classé;54;50;40;35;36;34;31;28;24;18;13;14
69132;Meys;vp;Véhicule particulier;Essence HNR;Crit'Air 1;0;0;0;0;0;0;0;0;0;1;2;3
69132;Meys;vp;Véhicule particulier;Gaz et inconnu;Crit'Air 1;1;1;0;0;1;0;0;0;1;1;1;3
69132;Meys;vp;Véhicule particulier;Gaz et inconnu;Non classé;8;1;1;1;1;1;0;0;0;0;0;0
69133;Millery;vp;Véhicule particulier;Diesel;Crit'Air 2;47;163;270;388;521;631;697;788;828;854;831;810
69133;Millery;vp;Véhicule particulier;Diesel;Crit'Air 3;547;575;603;623;647;586;547;518;473;438;413;351
69133;Millery;vp;Véhicule particulier;Diesel;Crit'Air 4;396;362;348;330;321;307;282;245;206;168;153;134
69133;Millery;vp;Véhicule particulier;Diesel;Crit'Air 5;112;97;92;94;81;68;59;55;48;35;22;18
69133;Millery;vp;Véhicule particulier;Diesel;Non classé;181;160;134;114;92;73;55;41;27;12;9;9
69133;Millery;vp;Véhicule particulier;Diesel HNR;Crit'Air 2;0;0;0;3;4;6;5;4;4;4;4;5
69133;Millery;vp;Véhicule particulier;Hybride rechargeable;Crit'Air 1;2;2;2;0;0;1;3;3;5;5;19;44
69133;Millery;vp;Véhicule particulier;Electrique et hydrogène;Crit'Air E;0;0;0;1;2;4;4;5;9;15;33;61
69133;Millery;vp;Véhicule particulier;Electrique et hydrogène;Crit'Air 1;0;0;0;0;0;1;0;0;0;0;0;0
69133;Millery;vp;Véhicule particulier;Essence;Crit'Air 1;23;82;116;195;263;335;433;539;637;751;838;911
69133;Millery;vp;Véhicule particulier;Essence;Crit'Air 2;259;269;269;256;260;259;260;252;251;248;237;219
69133;Millery;vp;Véhicule particulier;Essence;Crit'Air 3;390;387;372;351;345;318;298;284;244;227;187;153
69133;Millery;vp;Véhicule particulier;Essence;Non classé;312;269;227;196;170;150;119;104;84;68;52;57
69133;Millery;vp;Véhicule particulier;Essence HNR;Crit'Air 1;0;0;0;1;3;5;8;14;17;26;37;52
69133;Millery;vp;Véhicule particulier;Gaz et inconnu;Crit'Air 1;12;15;15;18;16;14;14;16;14;18;20;26
69133;Millery;vp;Véhicule particulier;Gaz et inconnu;Non classé;21;1;0;0;0;0;0;0;0;0;0;0
69133;Millery;vp;Véhicule particulier;Gaz et inconnu;Inconnu;0;0;0;0;0;1;0;0;0;0;0;0
69134;Moiré;vp;Véhicule particulier;Diesel;Crit'Air 2;2;4;12;16;20;25;31;38;39;46;49;48
69134;Moiré;vp;Véhicule particulier;Diesel;Crit'Air 3;22;28;32;33;29;27;27;29;23;20;17;18
69134;Moiré;vp;Véhicule particulier;Diesel;Crit'Air 4;24;25;20;18;18;17;18;17;14;14;13;8
69134;Moiré;vp;Véhicule particulier;Diesel;Crit'Air 5;10;10;11;12;9;9;8;9;8;7;8;8
69134;Moiré;vp;Véhicule particulier;Diesel;Non classé;25;20;15;14;15;11;9;9;6;3;2;2
69134;Moiré;vp;Véhicule particulier;Diesel HNR;Crit'Air 2;0;0;0;0;0;0;0;0;0;0;1;0
69134;Moiré;vp;Véhicule particulier;Hybride rechargeable;Crit'Air 1;0;0;0;0;0;0;0;0;0;1;2;1
69134;Moiré;vp;Véhicule particulier;Electrique et hydrogène;Crit'Air E;0;0;0;0;1;1;1;1;1;1;3;6
69134;Moiré;vp;Véhicule particulier;Essence;Crit'Air 1;0;4;8;10;12;13;13;17;22;27;33;32
69134;Moiré;vp;Véhicule particulier;Essence;Crit'Air 2;8;6;8;8;9;8;9;12;12;11;9;10
69134;Moiré;vp;Véhicule particulier;Essence;Crit'Air 3;21;18;17;18;16;18;14;13;14;12;11;13
69134;Moiré;vp;Véhicule particulier;Essence;Non classé;19;19;20;21;16;16;13;11;8;12;8;5
69134;Moiré;vp;Véhicule particulier;Essence HNR;Crit'Air 1;0;0;0;0;0;0;0;0;0;0;0;1
69134;Moiré;vp;Véhicule particulier;Gaz et inconnu;Crit'Air 1;1;1;1;1;1;1;1;1;0;0;0;0
69134;Moiré;vp;Véhicule particulier;Gaz et inconnu;Non classé;2;1;1;0;0;0;0;0;0;0;0;0
69135;Deux-Grosnes;vp;Véhicule particulier;Diesel;Crit'Air 2;15;42;73;119;161;187;228;242;299;335;364;391
69135;Deux-Grosnes;vp;Véhicule particulier;Diesel;Crit'Air 3;187;225;237;243;250;253;255;252;252;241;246;227
69135;Deux-Grosnes;vp;Véhicule particulier;Diesel;Crit'Air 4;196;188;194;200;203;201;181;167;157;137;117;94
69135;Deux-Grosnes;vp;Véhicule particulier;Diesel;Crit'Air 5;97;87;78;72;74;62;56;53;43;33;33;28
69135;Deux-Grosnes;vp;Véhicule particulier;Diesel;Non classé;174;175;142;118;96;81;69;48;31;22;15;15
69135;Deux-Grosnes;vp;Véhicule particulier;Diesel HNR;Crit'Air 2;0;0;0;0;0;0;0;0;0;1;1;3
69135;Deux-Grosnes;vp;Véhicule particulier;Hybride rechargeable;Crit'Air 1;0;0;0;0;1;2;2;2;2;2;3;6
69135;Deux-Grosnes;vp;Véhicule particulier;Electrique et hydrogène;Crit'Air E;0;0;0;0;0;3;6;7;8;6;7;13
69135;Deux-Grosnes;vp;Véhicule particulier;Essence;Crit'Air 1;2;9;19;33;49;57;67;95;121;141;141;174
69135;Deux-Grosnes;vp;Véhicule particulier;Essence;Crit'Air 2;62;60;61;53;49;53;57;58;60;61;69;68
69135;Deux-Grosnes;vp;Véhicule particulier;Essence;Crit'Air 3;145;151;131;139;133;133;137;134;117;110;96;87
69135;Deux-Grosnes;vp;Véhicule particulier;Essence;Non classé;175;159;125;108;101;88;81;71;55;40;34;28
69135;Deux-Grosnes;vp;Véhicule particulier;Essence HNR;Crit'Air 1;0;0;0;0;0;0;1;2;2;3;5;5
69135;Deux-Grosnes;vp;Véhicule particulier;Gaz et inconnu;Crit'Air 1;3;4;3;3;4;4;5;5;6;6;4;7
69135;Deux-Grosnes;vp;Véhicule particulier;Gaz et inconnu;Non classé;11;0;0;0;0;0;0;0;0;0;0;0
69136;Montagny;vp;Véhicule particulier;Diesel;Crit'Air 2;39;149;250;345;396;455;506;578;637;705;734;743
69136;Montagny;vp;Véhicule particulier;Diesel;Crit'Air 3;417;418;423;415;407;411;413;395;389;357;312;274
69136;Montagny;vp;Véhicule particulier;Diesel;Crit'Air 4;302;293;279;270;257;242;221;201;181;157;129;105
69136;Montagny;vp;Véhicule particulier;Diesel;Crit'Air 5;114;109;97;88;75;68;68;58;49;36;29;25
69136;Montagny;vp;Véhicule particulier;Diesel;Non classé;154;133;117;107;86;70;62;46;31;20;12;11
69136;Montagny;vp;Véhicule particulier;Diesel HNR;Crit'Air 2;0;0;1;1;1;2;4;4;6;3;6;7
69136;Montagny;vp;Véhicule particulier;Hybride rechargeable;Crit'Air 1;2;3;4;4;4;3;2;1;1;1;6;25
69136;Montagny;vp;Véhicule particulier;Electrique et hydrogène;Crit'Air E;0;0;0;0;0;3;4;7;9;15;20;38
69136;Montagny;vp;Véhicule particulier;Essence;Crit'Air 1;16;48;81;111;140;180;238;317;388;466;517;599
69136;Montagny;vp;Véhicule particulier;Essence;Crit'Air 2;148;160;152;152;167;177;166;158;170;171;158;150
69136;Montagny;vp;Véhicule particulier;Essence;Crit'Air 3;249;238;235;230;222;205;203;198;188;164;155;134
69136;Montagny;vp;Véhicule particulier;Essence;Non classé;199;171;147;132;116;102;97;80;57;46;41;42
69136;Montagny;vp;Véhicule particulier;Essence HNR;Crit'Air 1;0;0;0;1;1;4;7;16;14;20;24;43
69136;Montagny;vp;Véhicule particulier;Essence HNR;Crit'Air 2;1;1;2;2;2;1;1;1;1;1;0;1
69136;Montagny;vp;Véhicule particulier;Gaz et inconnu;Crit'Air 1;14;13;13;12;15;11;10;7;8;9;13;14
69136;Montagny;vp;Véhicule particulier;Gaz et inconnu;Non classé;33;1;2;2;0;0;2;1;0;0;0;0
69137;Montmelas-Saint-Sorlin;vp;Véhicule particulier;Diesel;Crit'Air 2;3;12;11;23;33;38;47;49;60;75;75;81
69137;Montmelas-Saint-Sorlin;vp;Véhicule particulier;Diesel;Crit'Air 3;47;51;54;55;61;58;61;55;49;47;41;39
69137;Montmelas-Saint-Sorlin;vp;Véhicule particulier;Diesel;Crit'Air 4;30;32;34;34;25;27;32;32;23;19;22;21
69137;Montmelas-Saint-Sorlin;vp;Véhicule particulier;Diesel;Crit'Air 5;15;17;15;13;14;10;9;6;6;5;5;4
69137;Montmelas-Saint-Sorlin;vp;Véhicule particulier;Diesel;Non classé;29;27;26;22;22;17;13;8;5;1;0;0
69137;Montmelas-Saint-Sorlin;vp;Véhicule particulier;Electrique et hydrogène;Crit'Air E;0;0;0;0;0;0;0;1;4;4;5;6
69137;Montmelas-Saint-Sorlin;vp;Véhicule particulier;Essence;Crit'Air 1;2;6;12;20;21;24;28;31;44;56;70;76
69137;Montmelas-Saint-Sorlin;vp;Véhicule particulier;Essence;Crit'Air 2;12;12;11;12;13;16;16;17;16;20;15;16
69137;Montmelas-Saint-Sorlin;vp;Véhicule particulier;Essence;Crit'Air 3;24;22;23;24;30;32;24;28;28;30;31;26
69137;Montmelas-Saint-Sorlin;vp;Véhicule particulier;Essence;Non classé;27;27;16;15;13;11;11;11;9;6;6;6
69137;Montmelas-Saint-Sorlin;vp;Véhicule particulier;Essence HNR;Crit'Air 1;0;0;0;0;1;2;1;2;2;2;3;8
69137;Montmelas-Saint-Sorlin;vp;Véhicule particulier;Essence HNR;Crit'Air 2;1;1;1;1;1;1;0;0;0;0;0;0
69137;Montmelas-Saint-Sorlin;vp;Véhicule particulier;Gaz et inconnu;Crit'Air 1;5;5;5;5;5;5;5;5;6;7;6;6
69137;Montmelas-Saint-Sorlin;vp;Véhicule particulier;Gaz et inconnu;Non classé;3;0;0;0;0;0;0;0;0;0;0;0
69138;Montromant;vp;Véhicule particulier;Diesel;Crit'Air 2;3;11;20;28;44;57;62;69;78;82;91;96
69138;Montromant;vp;Véhicule particulier;Diesel;Crit'Air 3;54;60;62;61;63;61;68;65;65;61;52;51
69138;Montromant;vp;Véhicule particulier;Diesel;Crit'Air 4;56;55;50;50;53;56;49;43;41;31;22;18
69138;Montromant;vp;Véhicule particulier;Diesel;Crit'Air 5;19;14;13;13;11;14;14;11;12;8;6;6
69138;Montromant;vp;Véhicule particulier;Diesel;Non classé;22;20;18;13;12;12;11;10;6;2;2;2
69138;Montromant;vp;Véhicule particulier;Diesel HNR;Crit'Air 2;0;0;0;0;0;0;0;0;0;0;1;0
69138;Montromant;vp;Véhicule particulier;Electrique et hydrogène;Crit'Air E;0;0;0;0;0;0;1;3;4;4;4;8
69138;Montromant;vp;Véhicule particulier;Essence;Crit'Air 1;2;4;8;9;13;12;16;22;27;37;44;55
69138;Montromant;vp;Véhicule particulier;Essence;Crit'Air 2;13;14;14;17;15;14;13;14;15;16;19;17
69138;Montromant;vp;Véhicule particulier;Essence;Crit'Air 3;25;25;30;31;35;32;28;25;30;25;23;18
69138;Montromant;vp;Véhicule particulier;Essence;Non classé;34;32;33;33;21;19;16;16;18;17;13;9
69138;Montromant;vp;Véhicule particulier;Essence HNR;Crit'Air 1;0;0;0;0;0;0;0;0;2;3;5;6
69138;Montromant;vp;Véhicule particulier;Gaz et inconnu;Crit'Air 1;3;3;3;2;2;3;5;5;5;4;4;2
69138;Montromant;vp;Véhicule particulier;Gaz et inconnu;Non classé;4;1;0;0;0;0;0;0;0;0;0;0
69139;Montrottier;vp;Véhicule particulier;Diesel;Crit'Air 2;13;36;71;98;128;165;202;235;267;308;312;310
69139;Montrottier;vp;Véhicule particulier;Diesel;Crit'Air 3;178;198;212;223;221;230;216;216;208;195;177;172
69139;Montrottier;vp;Véhicule particulier;Diesel;Crit'Air 4;161;154;160;161;148;134;130;126;115;97;77;74
69139;Montrottier;vp;Véhicule particulier;Diesel;Crit'Air 5;53;59;59;58;47;45;47;43;31;19;21;14
69139;Montrottier;vp;Véhicule particulier;Diesel;Non classé;134;114;101;84;67;63;54;42;31;10;6;5
69139;Montrottier;vp;Véhicule particulier;Diesel HNR;Crit'Air 2;0;0;1;2;2;2;2;2;1;2;1;1
69139;Montrottier;vp;Véhicule particulier;Hybride rechargeable;Crit'Air 1;0;0;0;2;0;0;1;1;2;1;3;4
69139;Montrottier;vp;Véhicule particulier;Electrique et hydrogène;Crit'Air E;0;0;0;0;0;0;3;4;6;7;9;9
69139;Montrottier;vp;Véhicule particulier;Essence;Crit'Air 1;5;15;17;24;31;36;47;62;76;98;117;141
69139;Montrottier;vp;Véhicule particulier;Essence;Crit'Air 2;29;35;33;33;36;38;39;45;51;52;52;52
69139;Montrottier;vp;Véhicule particulier;Essence;Crit'Air 3;76;79;84;90;97;97;98;101;97;84;79;70
69139;Montrottier;vp;Véhicule particulier;Essence;Non classé;131;105;102;87;79;79;69;47;26;24;21;20
69139;Montrottier;vp;Véhicule particulier;Essence HNR;Crit'Air 1;0;0;0;0;0;0;1;2;3;5;8;15
69139;Montrottier;vp;Véhicule particulier;Gaz et inconnu;Crit'Air 1;4;7;6;6;6;5;7;9;7;7;7;10
69139;Montrottier;vp;Véhicule particulier;Gaz et inconnu;Non classé;9;1;1;1;1;1;1;1;0;0;0;0
69140;Morancé;vp;Véhicule particulier;Diesel;Crit'Air 2;22;79;149;213;263;291;318;349;366;388;408;421
69140;Morancé;vp;Véhicule particulier;Diesel;Crit'Air 3;315;325;301;288;273;273;252;237;223;217;203;166
69140;Morancé;vp;Véhicule particulier;Diesel;Crit'Air 4;187;158;166;140;134;121;110;112;106;91;79;67
69140;Morancé;vp;Véhicule particulier;Diesel;Crit'Air 5;71;72;58;50;39;32;26;23;19;12;13;7
69140;Morancé;vp;Véhicule particulier;Diesel;Non classé;99;90;78;68;56;45;46;36;22;18;14;11
69140;Morancé;vp;Véhicule particulier;Diesel HNR;Crit'Air 2;0;0;0;0;0;1;1;1;0;0;2;5
69140;Morancé;vp;Véhicule particulier;Hybride rechargeable;Crit'Air 1;0;0;0;1;1;1;1;1;1;1;1;8
69140;Morancé;vp;Véhicule particulier;Electrique et hydrogène;Crit'Air E;0;0;0;0;0;0;1;1;2;3;10;27
69140;Morancé;vp;Véhicule particulier;Essence;Crit'Air 1;18;40;60;88;117;154;196;249;297;354;405;450
69140;Morancé;vp;Véhicule particulier;Essence;Crit'Air 2;124;126;132;124;125;121;111;113;115;111;105;99
69140;Morancé;vp;Véhicule particulier;Essence;Crit'Air 3;212;190;183;161;147;142;128;124;109;98;79;81
69140;Morancé;vp;Véhicule particulier;Essence;Non classé;135;120;99;85;67;59;56;43;37;43;37;37
69140;Morancé;vp;Véhicule particulier;Essence HNR;Crit'Air 1;0;0;0;0;1;4;5;9;15;18;28;47
69140;Morancé;vp;Véhicule particulier;Essence HNR;Crit'Air 2;0;0;0;0;0;1;1;1;1;1;2;2
69140;Morancé;vp;Véhicule particulier;Gaz et inconnu;Crit'Air 1;1;2;3;4;4;4;5;6;7;7;7;7
69140;Morancé;vp;Véhicule particulier;Gaz et inconnu;Non classé;14;0;0;0;0;0;0;0;0;0;0;0
69141;Mornant;vp;Véhicule particulier;Diesel;Crit'Air 2;77;243;401;533;677;813;943;1057;1124;1184;1256;1282
69141;Mornant;vp;Véhicule particulier;Diesel;Crit'Air 3;868;887;853;833;799;789;773;733;694;669;612;558
69141;Mornant;vp;Véhicule particulier;Diesel;Crit'Air 4;618;578;553;516;488;440;415;382;349;302;258;219
69141;Mornant;vp;Véhicule particulier;Diesel;Crit'Air 5;230;217;203;177;155;128;119;110;98;86;55;44
69141;Mornant;vp;Véhicule particulier;Diesel;Non classé;340;304;255;204;169;147;116;106;72;44;35;31
69141;Mornant;vp;Véhicule particulier;Diesel HNR;Crit'Air 2;0;0;0;0;6;9;10;13;12;9;7;5
69141;Mornant;vp;Véhicule particulier;Hybride rechargeable;Crit'Air 1;2;2;3;4;3;3;4;5;9;11;18;36
69141;Mornant;vp;Véhicule particulier;Electrique et hydrogène;Crit'Air E;0;0;1;2;4;6;10;16;21;25;47;76
69141;Mornant;vp;Véhicule particulier;Essence;Crit'Air 1;32;101;160;215;285;378;488;635;799;989;1066;1168
69141;Mornant;vp;Véhicule particulier;Essence;Crit'Air 2;304;301;294;292;290;299;308;316;318;315;325;310
69141;Mornant;vp;Véhicule particulier;Essence;Crit'Air 3;483;465;439;449;416;403;392;373;361;325;303;264
69141;Mornant;vp;Véhicule particulier;Essence;Non classé;431;380;336;285;240;219;212;173;145;121;111;112
69141;Mornant;vp;Véhicule particulier;Essence HNR;Crit'Air 1;0;0;2;3;6;10;14;20;27;41;62;86
69141;Mornant;vp;Véhicule particulier;Essence HNR;Crit'Air 2;1;1;1;1;2;1;2;2;3;2;1;1
69141;Mornant;vp;Véhicule particulier;Gaz et inconnu;Crit'Air 1;14;16;19;16;12;13;14;15;16;17;20;27
69141;Mornant;vp;Véhicule particulier;Gaz et inconnu;Non classé;40;6;3;2;3;3;2;3;2;1;1;1
69141;Mornant;vp;Véhicule particulier;Gaz et inconnu;Inconnu;0;0;0;0;0;0;0;0;0;1;0;0
69142;La Mulatière;vp;Véhicule particulier;Diesel;Crit'Air 2;38;134;218;299;368;449;519;559;629;663;682;680
69142;La Mulatière;vp;Véhicule particulier;Diesel;Crit'Air 3;533;566;583;561;566;551;555;528;531;488;455;430
69142;La Mulatière;vp;Véhicule particulier;Diesel;Crit'Air 4;456;454;446;442;435;419;414;380;352;297;241;197
69142;La Mulatière;vp;Véhicule particulier;Diesel;Crit'Air 5;188;190;167;157;142;122;114;98;87;65;45;33
69142;La Mulatière;vp;Véhicule particulier;Diesel;Non classé;307;272;222;187;144;126;103;77;56;29;21;17
69142;La Mulatière;vp;Véhicule particulier;Diesel HNR;Crit'Air 2;0;0;0;1;2;1;3;3;6;8;9;11
69142;La Mulatière;vp;Véhicule particulier;Hybride rechargeable;Crit'Air 1;0;1;3;3;3;3;3;4;5;4;6;22
69142;La Mulatière;vp;Véhicule particulier;Electrique et hydrogène;Crit'Air E;0;0;1;0;1;2;2;5;3;6;9;23
69142;La Mulatière;vp;Véhicule particulier;Essence;Crit'Air 1;37;96;163;235;292;374;466;580;683;792;889;954
69142;La Mulatière;vp;Véhicule particulier;Essence;Crit'Air 2;339;359;351;341;335;330;302;294;293;282;256;246
69142;La Mulatière;vp;Véhicule particulier;Essence;Crit'Air 3;609;604;567;516;499;454;411;377;348;316;277;243
69142;La Mulatière;vp;Véhicule particulier;Essence;Non classé;456;389;302;251;207;179;136;118;94;64;53;47
69142;La Mulatière;vp;Véhicule particulier;Essence HNR;Crit'Air 1;0;0;1;5;8;11;17;21;30;36;39;59
69142;La Mulatière;vp;Véhicule particulier;Essence HNR;Crit'Air 2;0;0;0;0;0;0;0;0;0;0;0;1
69142;La Mulatière;vp;Véhicule particulier;Gaz et inconnu;Crit'Air 1;18;16;17;18;18;14;13;13;14;16;14;16
69142;La Mulatière;vp;Véhicule particulier;Gaz et inconnu;Non classé;34;1;1;1;0;0;0;0;0;0;0;0
69143;Neuville-sur-Saône;vp;Véhicule particulier;Diesel;Crit'Air 2;69;227;352;469;603;696;787;857;938;1008;1043;1082
69143;Neuville-sur-Saône;vp;Véhicule particulier;Diesel;Crit'Air 3;726;755;796;797;801;808;783;789;776;748;730;675
69143;Neuville-sur-Saône;vp;Véhicule particulier;Diesel;Crit'Air 4;674;659;632;603;578;558;508;458;412;358;306;271
69143;Neuville-sur-Saône;vp;Véhicule particulier;Diesel;Crit'Air 5;231;201;183;167;157;133;117;109;88;77;56;45
69143;Neuville-sur-Saône;vp;Véhicule particulier;Diesel;Non classé;370;299;253;214;166;135;105;79;50;31;23;19
69143;Neuville-sur-Saône;vp;Véhicule particulier;Diesel HNR;Crit'Air 2;0;0;4;4;6;7;7;9;6;8;10;11
69143;Neuville-sur-Saône;vp;Véhicule particulier;Hybride rechargeable;Crit'Air 1;4;4;1;2;3;3;3;6;7;7;16;32
69143;Neuville-sur-Saône;vp;Véhicule particulier;Electrique et hydrogène;Crit'Air E;0;0;0;2;2;1;5;8;12;16;28;55
69143;Neuville-sur-Saône;vp;Véhicule particulier;Essence;Crit'Air 1;38;109;169;266;343;438;577;708;828;1009;1182;1330
69143;Neuville-sur-Saône;vp;Véhicule particulier;Essence;Crit'Air 2;412;422;423;407;398;410;405;408;396;372;351;357
69143;Neuville-sur-Saône;vp;Véhicule particulier;Essence;Crit'Air 3;674;620;599;554;532;491;487;432;391;357;295;276
69143;Neuville-sur-Saône;vp;Véhicule particulier;Essence;Non classé;480;411;339;281;237;207;176;154;115;85;60;51
69143;Neuville-sur-Saône;vp;Véhicule particulier;Essence HNR;Crit'Air 1;0;0;1;3;7;11;20;28;32;41;59;91
69143;Neuville-sur-Saône;vp;Véhicule particulier;Essence HNR;Crit'Air 2;1;1;0;0;0;0;0;0;0;0;0;1
69143;Neuville-sur-Saône;vp;Véhicule particulier;Gaz et inconnu;Crit'Air 1;13;13;15;14;15;16;15;17;16;18;13;17
69143;Neuville-sur-Saône;vp;Véhicule particulier;Gaz et inconnu;Crit'Air 2;0;0;0;0;0;0;0;0;0;0;1;0
69143;Neuville-sur-Saône;vp;Véhicule particulier;Gaz et inconnu;Non classé;37;2;2;3;1;1;1;1;1;1;1;1
69145;Odenas;vp;Véhicule particulier;Diesel;Crit'Air 2;11;26;49;71;87;111;117;136;155;174;171;186
69145;Odenas;vp;Véhicule particulier;Diesel;Crit'Air 3;114;117;122;122;129;129;117;109;102;98;91;81
69145;Odenas;vp;Véhicule particulier;Diesel;Crit'Air 4;87;94;95;91;84;85;73;62;62;48;36;38
69145;Odenas;vp;Véhicule particulier;Diesel;Crit'Air 5;40;36;34;26;22;21;23;13;11;13;14;8
69145;Odenas;vp;Véhicule particulier;Diesel;Non classé;50;48;41;35;31;27;26;24;14;4;2;4
69145;Odenas;vp;Véhicule particulier;Diesel HNR;Crit'Air 2;0;0;0;1;2;2;2;2;2;2;3;4
69145;Odenas;vp;Véhicule particulier;Hybride rechargeable;Crit'Air 1;0;0;0;0;0;0;0;0;1;1;2;1
69145;Odenas;vp;Véhicule particulier;Electrique et hydrogène;Crit'Air E;0;0;0;0;0;0;0;1;1;3;5;10
69145;Odenas;vp;Véhicule particulier;Essence;Crit'Air 1;1;5;10;14;18;34;42;57;77;97;106;130
69145;Odenas;vp;Véhicule particulier;Essence;Crit'Air 2;32;33;41;42;41;36;36;40;40;39;40;46
69145;Odenas;vp;Véhicule particulier;Essence;Crit'Air 3;78;73;75;73;65;70;68;61;56;53;49;39
69145;Odenas;vp;Véhicule particulier;Essence;Non classé;46;45;26;31;26;24;19;17;16;14;11;12
69145;Odenas;vp;Véhicule particulier;Essence HNR;Crit'Air 1;0;0;0;0;0;0;0;1;1;3;6;11
69145;Odenas;vp;Véhicule particulier;Gaz et inconnu;Crit'Air 1;2;3;4;4;4;2;2;2;2;2;3;3
69145;Odenas;vp;Véhicule particulier;Gaz et inconnu;Non classé;3;1;0;0;0;0;0;0;0;0;0;0
69148;Orliénas;vp;Véhicule particulier;Diesel;Crit'Air 2;24;81;147;204;249;305;372;404;458;487;498;515
69148;Orliénas;vp;Véhicule particulier;Diesel;Crit'Air 3;341;357;363;368;345;349;331;301;280;266;249;235
69148;Orliénas;vp;Véhicule particulier;Diesel;Crit'Air 4;250;222;216;212;199;185;166;158;137;118;102;81
69148;Orliénas;vp;Véhicule particulier;Diesel;Crit'Air 5;76;79;80;70;56;59;49;43;41;35;30;23
69148;Orliénas;vp;Véhicule particulier;Diesel;Non classé;124;110;91;83;76;62;46;29;17;12;9;10
69148;Orliénas;vp;Véhicule particulier;Diesel HNR;Crit'Air 2;0;0;0;1;2;2;3;4;3;3;6;10
69148;Orliénas;vp;Véhicule particulier;Hybride rechargeable;Crit'Air 1;0;1;2;2;2;3;3;4;4;6;8;16
69148;Orliénas;vp;Véhicule particulier;Electrique et hydrogène;Crit'Air E;0;0;0;0;3;4;5;8;10;10;18;27
69148;Orliénas;vp;Véhicule particulier;Essence;Crit'Air 1;9;38;64;92;121;161;214;256;326;384;439;483
69148;Orliénas;vp;Véhicule particulier;Essence;Crit'Air 2;125;129;124;122;126;111;118;123;129;139;146;131
69148;Orliénas;vp;Véhicule particulier;Essence;Crit'Air 3;229;207;179;177;171;166;159;158;144;134;115;106
69148;Orliénas;vp;Véhicule particulier;Essence;Non classé;182;162;138;124;113;99;83;70;60;43;51;45
69148;Orliénas;vp;Véhicule particulier;Essence HNR;Crit'Air 1;0;0;0;1;4;7;12;20;23;24;31;41
69148;Orliénas;vp;Véhicule particulier;Essence HNR;Crit'Air 2;0;0;0;0;0;0;0;0;1;1;0;0
69148;Orliénas;vp;Véhicule particulier;Gaz et inconnu;Crit'Air 1;3;5;6;8;7;8;5;3;4;3;3;3
69148;Orliénas;vp;Véhicule particulier;Gaz et inconnu;Non classé;19;1;1;1;1;1;2;0;1;0;0;0
69149;Oullins;vp;Véhicule particulier;Diesel;Crit'Air 2;177;573;971;1341;1667;1925;2197;2421;2593;2790;2860;2827
69149;Oullins;vp;Véhicule particulier;Diesel;Crit'Air 3;2471;2570;2559;2560;2536;2507;2425;2336;2174;2082;1918;1717
69149;Oullins;vp;Véhicule particulier;Diesel;Crit'Air 4;1883;1889;1876;1800;1718;1596;1474;1347;1205;1019;835;672
69149;Oullins;vp;Véhicule particulier;Diesel;Crit'Air 5;677;636;603;566;489;429;367;308;259;198;140;119
69149;Oullins;vp;Véhicule particulier;Diesel;Non classé;1025;896;753;601;490;378;306;238;164;93;52;46
69149;Oullins;vp;Véhicule particulier;Diesel HNR;Crit'Air 2;0;0;1;2;8;10;13;18;14;19;25;46
69149;Oullins;vp;Véhicule particulier;Hybride rechargeable;Crit'Air 1;0;5;7;8;10;12;13;14;19;25;49;82
69149;Oullins;vp;Véhicule particulier;Hybride rechargeable;Crit'Air 2;0;0;0;0;0;0;0;0;1;1;0;0
69149;Oullins;vp;Véhicule particulier;Electrique et hydrogène;Crit'Air E;0;1;4;4;5;7;11;19;25;37;59;96
69149;Oullins;vp;Véhicule particulier;Electrique et hydrogène;Non classé;2;0;0;0;0;0;0;0;0;0;0;0
69149;Oullins;vp;Véhicule particulier;Essence;Crit'Air 1;146;455;674;939;1196;1537;1919;2382;2872;3354;3796;4141
69149;Oullins;vp;Véhicule particulier;Essence;Crit'Air 2;1365;1332;1346;1360;1352;1346;1323;1307;1245;1160;1102;1050
69149;Oullins;vp;Véhicule particulier;Essence;Crit'Air 3;2719;2594;2419;2327;2198;2080;1898;1725;1522;1322;1121;950
69149;Oullins;vp;Véhicule particulier;Essence;Non classé;1775;1521;1241;1043;871;746;630;527;408;284;216;190
69149;Oullins;vp;Véhicule particulier;Essence HNR;Crit'Air 1;0;0;6;17;32;52;72;95;119;148;185;303
69149;Oullins;vp;Véhicule particulier;Essence HNR;Crit'Air 2;8;7;6;6;5;5;5;6;5;4;4;4
69149;Oullins;vp;Véhicule particulier;Gaz et inconnu;Crit'Air 1;86;90;84;81;89;76;76;75;70;64;77;87
69149;Oullins;vp;Véhicule particulier;Gaz et inconnu;Non classé;151;3;3;1;1;1;2;2;1;0;0;0
69149;Oullins;vp;Véhicule particulier;Gaz et inconnu;Inconnu;0;1;1;1;1;0;0;0;0;0;0;0
69151;Le Perréon;vp;Véhicule particulier;Diesel;Crit'Air 2;16;57;84;103;145;180;209;235;264;286;312;311
69151;Le Perréon;vp;Véhicule particulier;Diesel;Crit'Air 3;185;196;213;222;232;240;229;218;202;196;183;167
69151;Le Perréon;vp;Véhicule particulier;Diesel;Crit'Air 4;150;134;139;131;122;118;119;110;90;87;77;66
69151;Le Perréon;vp;Véhicule particulier;Diesel;Crit'Air 5;61;65;61;55;56;38;32;34;28;25;16;12
69151;Le Perréon;vp;Véhicule particulier;Diesel;Non classé;107;98;93;81;73;61;47;42;31;12;6;6
69151;Le Perréon;vp;Véhicule particulier;Diesel HNR;Crit'Air 2;0;0;1;1;1;1;1;1;1;2;2;3
69151;Le Perréon;vp;Véhicule particulier;Hybride rechargeable;Crit'Air 1;1;1;1;1;1;2;2;4;2;1;4;7
69151;Le Perréon;vp;Véhicule particulier;Electrique et hydrogène;Crit'Air E;0;0;1;1;1;1;2;2;2;3;8;16
69151;Le Perréon;vp;Véhicule particulier;Essence;Crit'Air 1;5;11;19;24;37;61;78;87;123;146;179;200
69151;Le Perréon;vp;Véhicule particulier;Essence;Crit'Air 2;62;61;62;58;61;66;62;62;60;58;48;52
69151;Le Perréon;vp;Véhicule particulier;Essence;Crit'Air 3;102;101;98;102;103;100;91;88;89;88;79;62
69151;Le Perréon;vp;Véhicule particulier;Essence;Non classé;104;82;82;76;61;57;54;50;44;25;25;19
69151;Le Perréon;vp;Véhicule particulier;Essence HNR;Crit'Air 1;0;0;1;1;1;1;1;2;4;6;9;15
69151;Le Perréon;vp;Véhicule particulier;Gaz et inconnu;Crit'Air 1;1;2;2;3;4;5;5;3;4;3;3;5
69151;Le Perréon;vp;Véhicule particulier;Gaz et inconnu;Non classé;7;0;0;0;0;0;0;0;0;0;0;0
69152;Pierre-Bénite;vp;Véhicule particulier;Diesel;Crit'Air 2;78;256;408;561;724;887;983;1066;1173;1293;1356;1417
69152;Pierre-Bénite;vp;Véhicule particulier;Diesel;Crit'Air 3;891;934;940;966;987;1024;1011;1011;995;948;942;890
69152;Pierre-Bénite;vp;Véhicule particulier;Diesel;Crit'Air 4;788;793;818;824;796;787;751;711;643;564;488;437
69152;Pierre-Bénite;vp;Véhicule particulier;Diesel;Crit'Air 5;381;376;360;325;307;275;250;208;178;136;103;75
69152;Pierre-Bénite;vp;Véhicule particulier;Diesel;Non classé;568;475;386;320;270;221;178;133;84;41;30;20
69152;Pierre-Bénite;vp;Véhicule particulier;Diesel HNR;Crit'Air 2;0;0;1;4;5;6;5;7;5;5;9;15
69152;Pierre-Bénite;vp;Véhicule particulier;Hybride rechargeable;Crit'Air 1;2;2;4;4;5;5;9;11;15;19;28;47
69152;Pierre-Bénite;vp;Véhicule particulier;Electrique et hydrogène;Crit'Air E;0;0;1;1;2;2;2;3;5;6;16;30
69152;Pierre-Bénite;vp;Véhicule particulier;Essence;Crit'Air 1;41;118;189;265;358;445;542;686;842;984;1089;1252
69152;Pierre-Bénite;vp;Véhicule particulier;Essence;Crit'Air 2;419;423;432;410;426;426;438;416;412;408;423;391
69152;Pierre-Bénite;vp;Véhicule particulier;Essence;Crit'Air 3;815;809;780;720;670;675;668;616;533;495;434;377
69152;Pierre-Bénite;vp;Véhicule particulier;Essence;Non classé;646;547;454;375;331;268;222;172;149;119;92;87
69152;Pierre-Bénite;vp;Véhicule particulier;Essence HNR;Crit'Air 1;0;0;2;5;12;18;25;34;48;48;53;86
69152;Pierre-Bénite;vp;Véhicule particulier;Essence HNR;Crit'Air 2;2;2;2;1;1;2;1;1;1;2;0;0
69152;Pierre-Bénite;vp;Véhicule particulier;Gaz et inconnu;Crit'Air 1;15;18;19;21;16;17;20;19;20;21;23;40
69152;Pierre-Bénite;vp;Véhicule particulier;Gaz et inconnu;Non classé;59;3;1;1;1;0;1;1;0;0;0;0
69152;Pierre-Bénite;vp;Véhicule particulier;Gaz et inconnu;Inconnu;0;0;0;0;0;0;0;1;0;0;0;0
69153;Poleymieux-au-Mont-d'Or;vp;Véhicule particulier;Diesel;Crit'Air 2;15;46;76;112;131;144;155;175;182;194;198;205
69153;Poleymieux-au-Mont-d'Or;vp;Véhicule particulier;Diesel;Crit'Air 3;127;130;126;119;112;107;98;96;93;79;72;65
69153;Poleymieux-au-Mont-d'Or;vp;Véhicule particulier;Diesel;Crit'Air 4;121;102;94;93;83;71;70;65;54;46;38;29
69153;Poleymieux-au-Mont-d'Or;vp;Véhicule particulier;Diesel;Crit'Air 5;20;21;16;13;11;7;5;5;5;3;4;2
69153;Poleymieux-au-Mont-d'Or;vp;Véhicule particulier;Diesel;Non classé;38;27;30;26;20;21;17;11;6;4;4;3
69153;Poleymieux-au-Mont-d'Or;vp;Véhicule particulier;Diesel HNR;Crit'Air 2;0;0;0;0;0;0;1;1;0;1;2;1
69153;Poleymieux-au-Mont-d'Or;vp;Véhicule particulier;Hybride rechargeable;Crit'Air 1;1;1;0;0;0;1;1;1;2;4;7;11
69153;Poleymieux-au-Mont-d'Or;vp;Véhicule particulier;Electrique et hydrogène;Crit'Air E;0;0;0;0;1;1;3;4;6;10;14;21
69153;Poleymieux-au-Mont-d'Or;vp;Véhicule particulier;Essence;Crit'Air 1;6;22;31;48;67;83;102;139;180;200;220;242
69153;Poleymieux-au-Mont-d'Or;vp;Véhicule particulier;Essence;Crit'Air 2;74;74;75;68;68;62;56;57;53;46;46;45
69153;Poleymieux-au-Mont-d'Or;vp;Véhicule particulier;Essence;Crit'Air 3;100;94;90;80;81;73;70;66;63;51;48;50
69153;Poleymieux-au-Mont-d'Or;vp;Véhicule particulier;Essence;Non classé;72;69;59;50;47;37;28;22;22;19;13;8
69153;Poleymieux-au-Mont-d'Or;vp;Véhicule particulier;Essence HNR;Crit'Air 1;0;0;0;1;1;2;1;4;8;9;12;16
69153;Poleymieux-au-Mont-d'Or;vp;Véhicule particulier;Gaz et inconnu;Crit'Air 1;2;4;4;4;5;4;3;4;4;3;2;2
69153;Poleymieux-au-Mont-d'Or;vp;Véhicule particulier;Gaz et inconnu;Non classé;5;1;1;0;0;0;0;0;0;0;0;0
69154;Pollionnay;vp;Véhicule particulier;Diesel;Crit'Air 2;20;74;127;175;230;292;346;383;429;454;453;470
69154;Pollionnay;vp;Véhicule particulier;Diesel;Crit'Air 3;257;286;281;301;325;303;297;305;288;251;234;219
69154;Pollionnay;vp;Véhicule particulier;Diesel;Crit'Air 4;163;157;163;162;175;157;140;131;110;90;82;75
69154;Pollionnay;vp;Véhicule particulier;Diesel;Crit'Air 5;56;45;44;48;39;38;38;34;29;25;18;14
69154;Pollionnay;vp;Véhicule particulier;Diesel;Non classé;80;77;60;53;49;46;34;26;14;3;3;5
69154;Pollionnay;vp;Véhicule particulier;Diesel HNR;Crit'Air 2;0;0;0;1;2;3;2;3;2;4;5;8
69154;Pollionnay;vp;Véhicule particulier;Hybride rechargeable;Crit'Air 1;0;0;0;0;1;2;1;0;0;3;6;15
69154;Pollionnay;vp;Véhicule particulier;Electrique et hydrogène;Crit'Air E;0;0;0;2;2;3;6;8;8;5;16;25
69154;Pollionnay;vp;Véhicule particulier;Essence;Crit'Air 1;8;33;49;90;120;163;202;285;347;404;489;538
69154;Pollionnay;vp;Véhicule particulier;Essence;Crit'Air 2;102;113;124;126;123;125;130;129;130;129;123;118
69154;Pollionnay;vp;Véhicule particulier;Essence;Crit'Air 3;175;170;171;166;158;159;144;133;134;129;108;92
69154;Pollionnay;vp;Véhicule particulier;Essence;Non classé;140;127;104;90;90;84;83;74;58;41;31;33
69154;Pollionnay;vp;Véhicule particulier;Essence HNR;Crit'Air 1;0;0;1;2;2;3;7;10;16;19;29;40
69154;Pollionnay;vp;Véhicule particulier;Gaz et inconnu;Crit'Air 1;5;5;4;4;4;4;5;5;5;4;6;6
69154;Pollionnay;vp;Véhicule particulier;Gaz et inconnu;Non classé;8;0;1;0;0;0;1;1;0;0;0;0
69155;Pomeys;vp;Véhicule particulier;Diesel;Crit'Air 2;5;21;47;89;138;163;172;201;230;254;242;248
69155;Pomeys;vp;Véhicule particulier;Diesel;Crit'Air 3;143;161;184;192;188;182;179;163;154;149;129;121
69155;Pomeys;vp;Véhicule particulier;Diesel;Crit'Air 4;155;139;143;145;142;129;124;106;89;70;52;45
69155;Pomeys;vp;Véhicule particulier;Diesel;Crit'Air 5;44;42;45;37;37;31;33;25;23;18;13;11
69155;Pomeys;vp;Véhicule particulier;Diesel;Non classé;72;63;53;43;37;30;27;21;12;9;5;2
69155;Pomeys;vp;Véhicule particulier;Diesel HNR;Crit'Air 2;0;0;0;0;0;1;2;3;4;4;1;2
69155;Pomeys;vp;Véhicule particulier;Hybride rechargeable;Crit'Air 1;0;0;0;0;0;0;0;0;0;0;2;5
69155;Pomeys;vp;Véhicule particulier;Electrique et hydrogène;Crit'Air E;0;0;0;0;0;0;0;0;3;3;9;9
69155;Pomeys;vp;Véhicule particulier;Essence;Crit'Air 1;0;7;8;16;27;37;51;74;120;140;160;181
69155;Pomeys;vp;Véhicule particulier;Essence;Crit'Air 2;38;36;40;45;44;45;44;38;37;38;40;39
69155;Pomeys;vp;Véhicule particulier;Essence;Crit'Air 3;98;110;110;108;97;89;82;88;91;76;69;58
69155;Pomeys;vp;Véhicule particulier;Essence;Non classé;82;67;63;52;45;40;30;23;19;8;8;7
69155;Pomeys;vp;Véhicule particulier;Essence HNR;Crit'Air 1;0;0;0;0;0;2;2;1;3;3;5;11
69155;Pomeys;vp;Véhicule particulier;Gaz et inconnu;Crit'Air 1;2;1;1;1;1;1;1;1;1;1;5;11
69155;Pomeys;vp;Véhicule particulier;Gaz et inconnu;Non classé;6;1;0;0;0;0;0;0;0;0;0;0
69156;Pommiers;vp;Véhicule particulier;Diesel;Crit'Air 2;20;98;176;250;301;363;427;484;508;527;522;510
69156;Pommiers;vp;Véhicule particulier;Diesel;Crit'Air 3;338;344;332;341;337;339;322;302;267;250;227;183
69156;Pommiers;vp;Véhicule particulier;Diesel;Crit'Air 4;226;196;190;192;190;175;147;133;110;88;63;60
69156;Pommiers;vp;Véhicule particulier;Diesel;Crit'Air 5;67;68;62;48;38;30;32;30;28;21;19;14
69156;Pommiers;vp;Véhicule particulier;Diesel;Non classé;112;95;91;76;69;59;41;35;17;12;9;8
69156;Pommiers;vp;Véhicule particulier;Diesel HNR;Crit'Air 2;0;0;2;4;2;2;4;4;4;3;3;8
69156;Pommiers;vp;Véhicule particulier;Hybride rechargeable;Crit'Air 1;0;0;0;1;1;1;1;1;0;2;6;18
69156;Pommiers;vp;Véhicule particulier;Electrique et hydrogène;Crit'Air E;0;0;0;2;2;1;2;3;5;11;13;33
69156;Pommiers;vp;Véhicule particulier;Essence;Crit'Air 1;27;51;75;111;128;165;228;287;369;441;486;526
69156;Pommiers;vp;Véhicule particulier;Essence;Crit'Air 2;152;149;151;140;134;138;132;122;127;130;129;120
69156;Pommiers;vp;Véhicule particulier;Essence;Crit'Air 3;227;217;221;206;196;196;185;165;158;136;114;101
69156;Pommiers;vp;Véhicule particulier;Essence;Non classé;158;139;120;94;85;77;72;61;43;35;38;31
69156;Pommiers;vp;Véhicule particulier;Essence HNR;Crit'Air 1;0;0;1;4;5;9;10;18;18;28;37;65
69156;Pommiers;vp;Véhicule particulier;Essence HNR;Crit'Air 2;1;1;1;1;1;1;1;1;0;0;0;0
69156;Pommiers;vp;Véhicule particulier;Gaz et inconnu;Crit'Air 1;4;4;5;6;4;5;3;3;3;2;2;8
69156;Pommiers;vp;Véhicule particulier;Gaz et inconnu;Non classé;12;3;3;3;3;3;2;2;2;0;0;0
69157;Vindry-sur-Turdine;vp;Véhicule particulier;Diesel;Crit'Air 2;50;168;307;429;563;671;788;893;972;1040;1090;1118
69157;Vindry-sur-Turdine;vp;Véhicule particulier;Diesel;Crit'Air 3;693;699;710;714;701;708;689;665;627;587;558;518
69157;Vindry-sur-Turdine;vp;Véhicule particulier;Diesel;Crit'Air 4;577;567;521;487;474;449;412;369;335;319;279;247
69157;Vindry-sur-Turdine;vp;Véhicule particulier;Diesel;Crit'Air 5;179;158;132;120;96;93;87;74;63;62;53;42
69157;Vindry-sur-Turdine;vp;Véhicule particulier;Diesel;Non classé;330;288;244;222;176;169;134;103;80;43;26;25
69157;Vindry-sur-Turdine;vp;Véhicule particulier;Diesel HNR;Crit'Air 2;0;0;1;1;5;8;9;10;9;8;10;10
69157;Vindry-sur-Turdine;vp;Véhicule particulier;Hybride rechargeable;Crit'Air 1;0;0;0;0;0;2;1;2;5;5;11;26
69157;Vindry-sur-Turdine;vp;Véhicule particulier;Electrique et hydrogène;Crit'Air E;0;0;0;0;3;3;5;4;5;8;21;37
69157;Vindry-sur-Turdine;vp;Véhicule particulier;Essence;Crit'Air 1;20;69;111;146;211;291;348;465;586;706;807;893
69157;Vindry-sur-Turdine;vp;Véhicule particulier;Essence;Crit'Air 2;204;213;217;216;217;227;228;226;230;215;208;211
69157;Vindry-sur-Turdine;vp;Véhicule particulier;Essence;Crit'Air 3;442;419;406;398;386;372;365;339;323;306;251;228
69157;Vindry-sur-Turdine;vp;Véhicule particulier;Essence;Non classé;426;375;325;285;236;198;169;156;126;98;82;79
69157;Vindry-sur-Turdine;vp;Véhicule particulier;Essence HNR;Crit'Air 1;0;1;1;2;2;3;4;6;16;22;37;56
69157;Vindry-sur-Turdine;vp;Véhicule particulier;Essence HNR;Crit'Air 2;0;0;0;0;0;0;0;1;0;1;2;1
69157;Vindry-sur-Turdine;vp;Véhicule particulier;Gaz et inconnu;Crit'Air 1;14;12;12;11;13;14;13;13;13;12;13;10
69157;Vindry-sur-Turdine;vp;Véhicule particulier;Gaz et inconnu;Non classé;28;3;3;2;2;2;2;2;1;0;0;0
69159;Porte des Pierres Dorées;vp;Véhicule particulier;Diesel;Crit'Air 2;58;168;274;396;463;518;604;658;702;754;796;805
69159;Porte des Pierres Dorées;vp;Véhicule particulier;Diesel;Crit'Air 3;508;526;520;518;505;501;490;477;459;422;395;352
69159;Porte des Pierres Dorées;vp;Véhicule particulier;Diesel;Crit'Air 4;363;328;314;274;271;243;235;215;198;173;141;124
69159;Porte des Pierres Dorées;vp;Véhicule particulier;Diesel;Crit'Air 5;105;108;99;87;79;75;70;55;43;38;29;27
69159;Porte des Pierres Dorées;vp;Véhicule particulier;Diesel;Non classé;182;166;151;122;102;84;64;51;35;24;18;13
69159;Porte des Pierres Dorées;vp;Véhicule particulier;Diesel HNR;Crit'Air 2;0;0;0;0;0;1;1;4;5;3;5;7
69159;Porte des Pierres Dorées;vp;Véhicule particulier;Hybride rechargeable;Crit'Air 1;1;1;1;1;1;2;4;3;6;4;7;14
69159;Porte des Pierres Dorées;vp;Véhicule particulier;Electrique et hydrogène;Crit'Air E;0;0;0;0;0;1;3;8;10;15;28;38
69159;Porte des Pierres Dorées;vp;Véhicule particulier;Essence;Crit'Air 1;19;56;89;132;161;203;248;334;411;506;602;678
69159;Porte des Pierres Dorées;vp;Véhicule particulier;Essence;Crit'Air 2;191;183;184;182;181;178;185;174;168;161;159;163
69159;Porte des Pierres Dorées;vp;Véhicule particulier;Essence;Crit'Air 3;339;327;318;314;296;274;261;239;243;221;201;179
69159;Porte des Pierres Dorées;vp;Véhicule particulier;Essence;Non classé;282;254;207;164;158;132;107;90;78;62;45;43
69159;Porte des Pierres Dorées;vp;Véhicule particulier;Essence HNR;Crit'Air 1;0;0;0;5;9;14;18;23;23;28;42;56
69159;Porte des Pierres Dorées;vp;Véhicule particulier;Essence HNR;Crit'Air 2;3;3;3;2;1;0;0;1;1;1;1;1
69159;Porte des Pierres Dorées;vp;Véhicule particulier;Gaz et inconnu;Crit'Air 1;6;7;8;9;8;7;9;10;10;9;12;12
69159;Porte des Pierres Dorées;vp;Véhicule particulier;Gaz et inconnu;Non classé;20;0;0;0;0;0;0;0;0;0;0;0
69160;Poule-les-Écharmeaux;vp;Véhicule particulier;Diesel;Crit'Air 2;16;37;56;81;96;116;138;156;179;200;205;224
69160;Poule-les-Écharmeaux;vp;Véhicule particulier;Diesel;Crit'Air 3;129;123;133;124;129;131;134;148;146;142;134;121
69160;Poule-les-Écharmeaux;vp;Véhicule particulier;Diesel;Crit'Air 4;105;105;108;108;114;114;102;94;81;73;66;58
69160;Poule-les-Écharmeaux;vp;Véhicule particulier;Diesel;Crit'Air 5;45;48;60;50;51;52;41;40;35;28;15;16
69160;Poule-les-Écharmeaux;vp;Véhicule particulier;Diesel;Non classé;94;85;72;63;51;41;37;30;25;17;11;9
69160;Poule-les-Écharmeaux;vp;Véhicule particulier;Diesel HNR;Crit'Air 2;0;0;0;0;0;1;1;1;2;2;2;3
69160;Poule-les-Écharmeaux;vp;Véhicule particulier;Hybride rechargeable;Crit'Air 1;0;0;0;0;0;0;0;0;0;2;0;2
69160;Poule-les-Écharmeaux;vp;Véhicule particulier;Electrique et hydrogène;Crit'Air E;0;0;0;0;0;0;0;0;1;2;2;4
69160;Poule-les-Écharmeaux;vp;Véhicule particulier;Essence;Crit'Air 1;2;9;12;22;32;42;49;68;83;89;105;134
69160;Poule-les-Écharmeaux;vp;Véhicule particulier;Essence;Crit'Air 2;45;41;44;41;37;37;38;40;42;43;47;41
69160;Poule-les-Écharmeaux;vp;Véhicule particulier;Essence;Crit'Air 3;71;69;73;75;71;71;68;67;61;53;50;48
69160;Poule-les-Écharmeaux;vp;Véhicule particulier;Essence;Non classé;85;83;73;62;50;39;39;37;29;24;18;18
69160;Poule-les-Écharmeaux;vp;Véhicule particulier;Essence HNR;Crit'Air 1;0;0;0;0;0;0;0;1;2;2;3;10
69160;Poule-les-Écharmeaux;vp;Véhicule particulier;Gaz et inconnu;Crit'Air 1;3;2;2;3;2;2;0;0;0;1;0;0
69160;Poule-les-Écharmeaux;vp;Véhicule particulier;Gaz et inconnu;Non classé;7;0;0;0;0;0;0;0;0;0;0;0
69161;Propières;vp;Véhicule particulier;Diesel;Crit'Air 2;4;12;25;35;45;56;60;70;75;97;100;104
69161;Propières;vp;Véhicule particulier;Diesel;Crit'Air 3;48;50;55;58;56;71;68;71;66;64;62;59
69161;Propières;vp;Véhicule particulier;Diesel;Crit'Air 4;73;79;69;68;72;67;62;60;60;57;46;41
69161;Propières;vp;Véhicule particulier;Diesel;Crit'Air 5;24;27;25;23;26;20;18;16;14;13;9;9
69161;Propières;vp;Véhicule particulier;Diesel;Non classé;58;59;48;38;30;31;27;20;11;6;7;8
69161;Propières;vp;Véhicule particulier;Diesel HNR;Crit'Air 2;0;0;0;0;0;0;0;0;0;0;1;2
69161;Propières;vp;Véhicule particulier;Electrique et hydrogène;Crit'Air E;0;0;0;0;0;0;0;0;1;3;3;4
69161;Propières;vp;Véhicule particulier;Essence;Crit'Air 1;3;4;6;7;9;12;14;23;29;37;45;50
69161;Propières;vp;Véhicule particulier;Essence;Crit'Air 2;14;13;12;12;12;12;15;13;13;13;18;14
69161;Propières;vp;Véhicule particulier;Essence;Crit'Air 3;33;28;27;24;28;27;25;26;28;29;30;26
69161;Propières;vp;Véhicule particulier;Essence;Non classé;41;37;36;36;33;28;26;19;20;12;12;14
69161;Propières;vp;Véhicule particulier;Essence HNR;Crit'Air 1;0;0;0;0;0;0;0;0;0;0;1;2
69161;Propières;vp;Véhicule particulier;Gaz et inconnu;Crit'Air 1;1;2;2;3;2;2;2;1;1;2;2;1
69161;Propières;vp;Véhicule particulier;Gaz et inconnu;Non classé;1;0;0;0;0;0;0;0;0;0;0;0
69162;Quincié-en-Beaujolais;vp;Véhicule particulier;Diesel;Crit'Air 2;14;38;74;105;140;168;178;204;246;256;277;276
69162;Quincié-en-Beaujolais;vp;Véhicule particulier;Diesel;Crit'Air 3;146;174;176;179;177;187;181;184;161;165;153;130
69162;Quincié-en-Beaujolais;vp;Véhicule particulier;Diesel;Crit'Air 4;135;126;131;139;139;127;112;105;104;103;90;78
69162;Quincié-en-Beaujolais;vp;Véhicule particulier;Diesel;Crit'Air 5;68;74;64;63;64;57;50;46;39;31;23;19
69162;Quincié-en-Beaujolais;vp;Véhicule particulier;Diesel;Non classé;92;82;75;66;64;58;49;45;34;25;23;24
69162;Quincié-en-Beaujolais;vp;Véhicule particulier;Diesel HNR;Crit'Air 2;0;0;0;0;0;0;0;0;0;0;2;3
69162;Quincié-en-Beaujolais;vp;Véhicule particulier;Hybride rechargeable;Crit'Air 1;1;1;1;0;1;1;1;1;1;1;1;5
69162;Quincié-en-Beaujolais;vp;Véhicule particulier;Electrique et hydrogène;Crit'Air E;0;0;0;0;1;2;2;4;4;4;5;7
69162;Quincié-en-Beaujolais;vp;Véhicule particulier;Essence;Crit'Air 1;3;11;21;29;36;45;59;73;96;128;134;139
69162;Quincié-en-Beaujolais;vp;Véhicule particulier;Essence;Crit'Air 2;46;45;42;45;45;48;52;51;58;55;61;62
69162;Quincié-en-Beaujolais;vp;Véhicule particulier;Essence;Crit'Air 3;121;124;124;117;115;110;107;94;88;83;86;79
69162;Quincié-en-Beaujolais;vp;Véhicule particulier;Essence;Non classé;102;81;71;65;56;46;46;44;44;35;30;27
69162;Quincié-en-Beaujolais;vp;Véhicule particulier;Essence HNR;Crit'Air 1;0;0;0;0;0;0;0;0;3;8;12;17
69162;Quincié-en-Beaujolais;vp;Véhicule particulier;Essence HNR;Crit'Air 2;1;1;0;0;0;0;0;0;0;0;0;0
69162;Quincié-en-Beaujolais;vp;Véhicule particulier;Gaz et inconnu;Crit'Air 1;3;3;3;3;3;3;2;2;2;3;3;5
69162;Quincié-en-Beaujolais;vp;Véhicule particulier;Gaz et inconnu;Non classé;9;2;0;0;0;0;0;0;0;0;0;0
69163;Quincieux;vp;Véhicule particulier;Diesel;Crit'Air 2;34;104;182;287;382;445;540;589;659;683;676;664
69163;Quincieux;vp;Véhicule particulier;Diesel;Crit'Air 3;424;465;469;458;451;428;408;388;371;347;312;274
69163;Quincieux;vp;Véhicule particulier;Diesel;Crit'Air 4;298;283;288;288;275;273;256;221;202;177;147;127
69163;Quincieux;vp;Véhicule particulier;Diesel;Crit'Air 5;99;101;92;95;83;72;68;58;54;44;30;28
69163;Quincieux;vp;Véhicule particulier;Diesel;Non classé;151;133;118;99;92;66;48;38;27;14;10;7
69163;Quincieux;vp;Véhicule particulier;Diesel HNR;Crit'Air 2;0;0;0;1;2;3;4;2;3;3;5;5
69163;Quincieux;vp;Véhicule particulier;Hybride rechargeable;Crit'Air 1;0;1;1;1;0;1;2;3;4;6;16;22
69163;Quincieux;vp;Véhicule particulier;Electrique et hydrogène;Crit'Air E;0;0;0;0;1;1;1;0;2;4;15;26
69163;Quincieux;vp;Véhicule particulier;Essence;Crit'Air 1;15;41;79;103;130;181;247;320;402;478;563;628
69163;Quincieux;vp;Véhicule particulier;Essence;Crit'Air 2;174;187;185;188;195;196;193;195;192;190;185;175
69163;Quincieux;vp;Véhicule particulier;Essence;Crit'Air 3;282;269;257;265;239;233;238;209;205;175;147;130
69163;Quincieux;vp;Véhicule particulier;Essence;Non classé;214;195;169;141;112;106;79;71;62;51;44;36
69163;Quincieux;vp;Véhicule particulier;Essence HNR;Crit'Air 1;2;1;1;3;3;3;1;4;9;18;32;43
69163;Quincieux;vp;Véhicule particulier;Gaz et inconnu;Crit'Air 1;11;15;14;12;12;10;10;8;8;7;9;9
69163;Quincieux;vp;Véhicule particulier;Gaz et inconnu;Non classé;17;1;1;0;0;0;0;0;0;0;1;1
69164;Ranchal;vp;Véhicule particulier;Diesel;Crit'Air 2;0;5;14;17;22;25;31;41;49;51;56;64
69164;Ranchal;vp;Véhicule particulier;Diesel;Crit'Air 3;37;40;42;48;51;52;50;43;41;43;46;48
69164;Ranchal;vp;Véhicule particulier;Diesel;Crit'Air 4;36;40;38;36;36;36;37;28;25;21;16;13
69164;Ranchal;vp;Véhicule particulier;Diesel;Crit'Air 5;17;16;13;9;11;10;8;7;2;3;1;0
69164;Ranchal;vp;Véhicule particulier;Diesel;Non classé;35;31;27;27;23;17;13;11;9;6;4;3
69164;Ranchal;vp;Véhicule particulier;Electrique et hydrogène;Crit'Air E;0;0;0;0;0;1;1;1;1;1;2;3
69164;Ranchal;vp;Véhicule particulier;Essence;Crit'Air 1;0;5;5;6;8;9;11;12;17;24;31;37
69164;Ranchal;vp;Véhicule particulier;Essence;Crit'Air 2;7;9;9;12;10;11;12;10;11;11;15;20
69164;Ranchal;vp;Véhicule particulier;Essence;Crit'Air 3;26;24;27;25;22;21;16;18;19;18;19;15
69164;Ranchal;vp;Véhicule particulier;Essence;Non classé;45;34;25;22;18;14;16;15;10;9;8;9
69164;Ranchal;vp;Véhicule particulier;Essence HNR;Crit'Air 1;0;0;0;0;0;0;0;0;2;2;2;5
69164;Ranchal;vp;Véhicule particulier;Gaz et inconnu;Crit'Air 1;4;3;1;2;2;1;1;1;1;1;1;0
69164;Ranchal;vp;Véhicule particulier;Gaz et inconnu;Non classé;1;0;0;0;0;0;0;0;0;0;0;0
69165;Régnié-Durette;vp;Véhicule particulier;Diesel;Crit'Air 2;10;36;55;83;114;142;159;185;190;212;235;228
69165;Régnié-Durette;vp;Véhicule particulier;Diesel;Crit'Air 3;136;156;176;163;161;151;149;135;118;120;108;105
69165;Régnié-Durette;vp;Véhicule particulier;Diesel;Crit'Air 4;109;108;103;99;100;89;83;76;68;66;61;48
69165;Régnié-Durette;vp;Véhicule particulier;Diesel;Crit'Air 5;41;44;42;34;29;29;24;19;19;15;11;8
69165;Régnié-Durette;vp;Véhicule particulier;Diesel;Non classé;70;64;50;49;42;33;29;23;15;7;8;5
69165;Régnié-Durette;vp;Véhicule particulier;Diesel HNR;Crit'Air 2;0;0;0;0;0;0;0;0;0;0;1;2
69165;Régnié-Durette;vp;Véhicule particulier;Hybride rechargeable;Crit'Air 1;0;0;0;0;1;1;2;2;2;1;2;7
69165;Régnié-Durette;vp;Véhicule particulier;Electrique et hydrogène;Crit'Air E;0;0;0;1;1;1;2;3;4;3;3;5
69165;Régnié-Durette;vp;Véhicule particulier;Essence;Crit'Air 1;5;12;17;21;31;42;53;72;102;117;126;149
69165;Régnié-Durette;vp;Véhicule particulier;Essence;Crit'Air 2;41;41;46;42;42;38;35;34;30;38;40;39
69165;Régnié-Durette;vp;Véhicule particulier;Essence;Crit'Air 3;79;78;69;65;73;64;68;74;68;58;51;52
69165;Régnié-Durette;vp;Véhicule particulier;Essence;Non classé;95;85;73;64;55;48;44;41;29;24;18;11
69165;Régnié-Durette;vp;Véhicule particulier;Essence HNR;Crit'Air 1;0;0;0;1;0;1;1;2;2;4;6;13
69165;Régnié-Durette;vp;Véhicule particulier;Gaz et inconnu;Crit'Air 1;3;3;3;2;2;3;3;3;3;3;3;3
69165;Régnié-Durette;vp;Véhicule particulier;Gaz et inconnu;Non classé;7;0;0;0;0;0;0;0;0;0;0;0
69166;Riverie;vp;Véhicule particulier;Diesel;Crit'Air 2;2;8;11;19;25;33;36;42;49;52;51;50
69166;Riverie;vp;Véhicule particulier;Diesel;Crit'Air 3;31;34;38;34;33;33;35;31;28;23;29;25
69166;Riverie;vp;Véhicule particulier;Diesel;Crit'Air 4;25;22;23;25;23;27;21;18;16;17;16;11
69166;Riverie;vp;Véhicule particulier;Diesel;Crit'Air 5;18;15;10;14;12;11;8;7;4;4;2;2
69166;Riverie;vp;Véhicule particulier;Diesel;Non classé;16;12;9;6;4;4;3;2;1;1;2;1
69166;Riverie;vp;Véhicule particulier;Diesel HNR;Crit'Air 2;0;0;0;0;0;0;0;0;0;0;0;1
69166;Riverie;vp;Véhicule particulier;Hybride rechargeable;Crit'Air 1;1;1;1;0;0;0;0;0;0;0;1;1
69166;Riverie;vp;Véhicule particulier;Electrique et hydrogène;Crit'Air E;0;0;0;0;0;0;0;0;0;0;1;1
69166;Riverie;vp;Véhicule particulier;Essence;Crit'Air 1;0;3;3;7;10;11;13;15;20;25;23;29
69166;Riverie;vp;Véhicule particulier;Essence;Crit'Air 2;11;9;10;12;8;8;11;13;17;16;16;12
69166;Riverie;vp;Véhicule particulier;Essence;Crit'Air 3;18;18;21;25;19;18;13;11;14;13;8;4
69166;Riverie;vp;Véhicule particulier;Essence;Non classé;18;18;12;12;11;8;7;7;7;3;3;2
69166;Riverie;vp;Véhicule particulier;Essence HNR;Crit'Air 1;0;0;0;1;1;0;1;2;2;3;4;5
69166;Riverie;vp;Véhicule particulier;Essence HNR;Crit'Air 2;0;0;0;0;0;0;0;0;0;1;1;0
69166;Riverie;vp;Véhicule particulier;Gaz et inconnu;Crit'Air 1;4;3;3;2;2;1;3;3;3;2;3;2
69166;Riverie;vp;Véhicule particulier;Gaz et inconnu;Non classé;2;0;0;0;0;0;0;0;0;0;0;0
69167;Rivolet;vp;Véhicule particulier;Diesel;Crit'Air 2;6;21;40;42;50;64;75;84;90;101;108;111
69167;Rivolet;vp;Véhicule particulier;Diesel;Crit'Air 3;70;76;68;70;72;83;77;84;76;72;75;65
69167;Rivolet;vp;Véhicule particulier;Diesel;Crit'Air 4;47;48;52;49;56;58;47;51;44;38;33;31
69167;Rivolet;vp;Véhicule particulier;Diesel;Crit'Air 5;28;25;27;23;18;12;12;12;10;8;7;6
69167;Rivolet;vp;Véhicule particulier;Diesel;Non classé;48;48;49;33;28;26;18;14;9;4;3;2
69167;Rivolet;vp;Véhicule particulier;Diesel HNR;Crit'Air 2;0;0;0;0;0;0;1;1;0;0;0;1
69167;Rivolet;vp;Véhicule particulier;Hybride rechargeable;Crit'Air 1;0;0;0;0;0;0;0;1;0;1;2;4
69167;Rivolet;vp;Véhicule particulier;Electrique et hydrogène;Crit'Air E;0;0;0;0;0;0;0;0;0;0;4;13
69167;Rivolet;vp;Véhicule particulier;Essence;Crit'Air 1;3;7;12;16;20;24;27;33;47;60;64;71
69167;Rivolet;vp;Véhicule particulier;Essence;Crit'Air 2;24;24;21;18;21;21;19;16;20;17;22;22
69167;Rivolet;vp;Véhicule particulier;Essence;Crit'Air 3;56;51;50;43;43;47;38;39;50;46;39;34
69167;Rivolet;vp;Véhicule particulier;Essence;Non classé;54;43;29;30;27;26;20;16;10;8;6;4
69167;Rivolet;vp;Véhicule particulier;Essence HNR;Crit'Air 1;0;0;0;0;1;1;1;1;3;4;6;5
69167;Rivolet;vp;Véhicule particulier;Essence HNR;Crit'Air 2;0;1;0;0;0;0;0;0;0;0;0;0
69167;Rivolet;vp;Véhicule particulier;Gaz et inconnu;Crit'Air 1;1;1;1;0;1;1;1;2;3;1;1;2
69167;Rivolet;vp;Véhicule particulier;Gaz et inconnu;Non classé;2;1;1;1;0;0;0;0;0;0;0;0
69168;Rochetaillée-sur-Saône;vp;Véhicule particulier;Diesel;Crit'Air 2;13;33;72;95;114;133;150;182;205;219;219;205
69168;Rochetaillée-sur-Saône;vp;Véhicule particulier;Diesel;Crit'Air 3;176;184;177;178;181;174;161;150;129;127;122;111
69168;Rochetaillée-sur-Saône;vp;Véhicule particulier;Diesel;Crit'Air 4;106;104;106;105;93;87;82;69;59;54;43;36
69168;Rochetaillée-sur-Saône;vp;Véhicule particulier;Diesel;Crit'Air 5;41;43;44;38;31;23;18;20;17;15;13;11
69168;Rochetaillée-sur-Saône;vp;Véhicule particulier;Diesel;Non classé;52;47;39;33;26;24;15;11;13;6;6;6
69168;Rochetaillée-sur-Saône;vp;Véhicule particulier;Diesel HNR;Crit'Air 2;0;0;0;2;1;2;2;2;1;1;0;0
69168;Rochetaillée-sur-Saône;vp;Véhicule particulier;Hybride rechargeable;Crit'Air 1;0;1;1;1;1;2;2;2;2;1;9;17
69168;Rochetaillée-sur-Saône;vp;Véhicule particulier;Electrique et hydrogène;Crit'Air E;0;0;0;0;0;0;1;2;2;4;11;17
69168;Rochetaillée-sur-Saône;vp;Véhicule particulier;Essence;Crit'Air 1;14;43;56;76;90;111;135;151;191;223;244;249
69168;Rochetaillée-sur-Saône;vp;Véhicule particulier;Essence;Crit'Air 2;103;98;92;88;83;80;78;71;64;58;52;55
69168;Rochetaillée-sur-Saône;vp;Véhicule particulier;Essence;Crit'Air 3;128;123;106;98;94;98;93;88;80;64;54;50
69168;Rochetaillée-sur-Saône;vp;Véhicule particulier;Essence;Non classé;98;82;69;60;52;42;32;24;22;21;15;15
69168;Rochetaillée-sur-Saône;vp;Véhicule particulier;Essence HNR;Crit'Air 1;0;0;0;1;3;5;5;9;15;14;17;25
69168;Rochetaillée-sur-Saône;vp;Véhicule particulier;Essence HNR;Crit'Air 2;2;2;2;2;1;1;1;1;1;1;0;0
69168;Rochetaillée-sur-Saône;vp;Véhicule particulier;Gaz et inconnu;Crit'Air 1;4;3;3;4;4;4;6;5;2;1;1;3
69168;Rochetaillée-sur-Saône;vp;Véhicule particulier;Gaz et inconnu;Non classé;6;0;1;1;1;0;0;0;0;0;0;0
69169;Ronno;vp;Véhicule particulier;Diesel;Crit'Air 2;8;22;32;57;70;88;100;111;125;138;143;148
69169;Ronno;vp;Véhicule particulier;Diesel;Crit'Air 3;89;97;101;96;106;100;98;98;97;95;95;94
69169;Ronno;vp;Véhicule particulier;Diesel;Crit'Air 4;67;56;57;63;60;65;63;65;56;45;44;38
69169;Ronno;vp;Véhicule particulier;Diesel;Crit'Air 5;24;21;18;18;15;14;13;9;11;10;9;6
69169;Ronno;vp;Véhicule particulier;Diesel;Non classé;60;54;47;43;35;28;22;21;16;11;10;6
69169;Ronno;vp;Véhicule particulier;Diesel HNR;Crit'Air 2;0;0;1;1;1;1;1;1;0;1;1;1
69169;Ronno;vp;Véhicule particulier;Hybride rechargeable;Crit'Air 1;0;0;0;0;0;0;0;0;0;0;1;2
69169;Ronno;vp;Véhicule particulier;Electrique et hydrogène;Crit'Air E;0;0;0;0;0;0;0;0;0;0;1;3
69169;Ronno;vp;Véhicule particulier;Essence;Crit'Air 1;2;8;10;13;21;28;33;45;55;66;74;84
69169;Ronno;vp;Véhicule particulier;Essence;Crit'Air 2;25;27;28;28;22;22;22;25;29;28;24;24
69169;Ronno;vp;Véhicule particulier;Essence;Crit'Air 3;44;37;37;39;45;39;39;35;33;37;30;26
69169;Ronno;vp;Véhicule particulier;Essence;Non classé;52;47;42;37;29;22;14;13;13;13;10;12
69169;Ronno;vp;Véhicule particulier;Essence HNR;Crit'Air 1;0;0;0;0;1;1;1;1;3;2;3;3
69169;Ronno;vp;Véhicule particulier;Gaz et inconnu;Crit'Air 1;2;2;1;2;2;1;1;1;1;1;1;3
69169;Ronno;vp;Véhicule particulier;Gaz et inconnu;Non classé;9;0;0;0;0;0;0;0;0;0;0;0
69170;Rontalon;vp;Véhicule particulier;Diesel;Crit'Air 2;8;32;58;72;115;128;154;178;186;198;204;203
69170;Rontalon;vp;Véhicule particulier;Diesel;Crit'Air 3;128;146;172;167;164;177;166;153;154;138;140;122
69170;Rontalon;vp;Véhicule particulier;Diesel;Crit'Air 4;141;147;149;150;144;144;136;133;113;100;89;81
69170;Rontalon;vp;Véhicule particulier;Diesel;Crit'Air 5;61;60;55;53;47;40;33;23;17;18;11;11
69170;Rontalon;vp;Véhicule particulier;Diesel;Non classé;101;94;81;66;51;39;30;29;19;10;9;9
69170;Rontalon;vp;Véhicule particulier;Diesel HNR;Crit'Air 2;0;0;0;1;1;1;1;1;2;3;2;4
69170;Rontalon;vp;Véhicule particulier;Hybride rechargeable;Crit'Air 1;0;0;0;0;0;0;0;0;0;0;1;3
69170;Rontalon;vp;Véhicule particulier;Electrique et hydrogène;Crit'Air E;0;0;0;1;1;2;2;4;4;5;5;7
69170;Rontalon;vp;Véhicule particulier;Essence;Crit'Air 1;3;9;17;22;29;38;55;71;86;112;135;154
69170;Rontalon;vp;Véhicule particulier;Essence;Crit'Air 2;28;30;34;34;31;33;29;30;35;36;35;33
69170;Rontalon;vp;Véhicule particulier;Essence;Crit'Air 3;114;104;93;93;90;94;85;84;85;73;68;64
69170;Rontalon;vp;Véhicule particulier;Essence;Non classé;108;91;82;62;46;49;44;36;31;27;21;21
69170;Rontalon;vp;Véhicule particulier;Essence HNR;Crit'Air 1;0;0;0;0;0;0;0;1;2;3;6;8
69170;Rontalon;vp;Véhicule particulier;Gaz et inconnu;Crit'Air 1;2;2;2;2;5;5;7;7;5;7;5;4
69170;Rontalon;vp;Véhicule particulier;Gaz et inconnu;Non classé;11;2;2;2;2;2;1;1;0;0;0;1
69171;Sain-Bel;vp;Véhicule particulier;Diesel;Crit'Air 2;19;79;109;173;220;256;284;323;341;382;407;402
69171;Sain-Bel;vp;Véhicule particulier;Diesel;Crit'Air 3;302;309;312;311;310;287;306;286;295;280;263;240
69171;Sain-Bel;vp;Véhicule particulier;Diesel;Crit'Air 4;268;252;245;242;238;224;206;178;158;132;115;100
69171;Sain-Bel;vp;Véhicule particulier;Diesel;Crit'Air 5;89;81;75;66;61;65;49;42;34;32;17;12
69171;Sain-Bel;vp;Véhicule particulier;Diesel;Non classé;133;115;100;90;78;65;59;50;34;13;8;7
69171;Sain-Bel;vp;Véhicule particulier;Diesel HNR;Crit'Air 2;0;0;0;0;0;0;1;1;2;2;5;6
69171;Sain-Bel;vp;Véhicule particulier;Hybride rechargeable;Crit'Air 1;2;3;3;3;3;3;3;4;3;2;4;10
69171;Sain-Bel;vp;Véhicule particulier;Electrique et hydrogène;Crit'Air E;0;0;0;0;1;1;1;2;3;5;8;15
69171;Sain-Bel;vp;Véhicule particulier;Essence;Crit'Air 1;9;24;40;53;80;128;171;223;293;365;410;449
69171;Sain-Bel;vp;Véhicule particulier;Essence;Crit'Air 2;104;105;108;108;118;119;122;122;117;117;132;135
69171;Sain-Bel;vp;Véhicule particulier;Essence;Crit'Air 3;202;195;185;178;182;169;167;156;141;128;117;105
69171;Sain-Bel;vp;Véhicule particulier;Essence;Non classé;168;144;117;109;93;79;65;62;44;35;27;20
69171;Sain-Bel;vp;Véhicule particulier;Essence HNR;Crit'Air 1;0;0;0;1;1;6;7;11;11;15;19;29
69171;Sain-Bel;vp;Véhicule particulier;Gaz et inconnu;Crit'Air 1;6;7;8;7;6;7;7;9;9;7;7;11
69171;Sain-Bel;vp;Véhicule particulier;Gaz et inconnu;Crit'Air 2;0;1;1;1;1;1;1;1;1;1;0;0
69171;Sain-Bel;vp;Véhicule particulier;Gaz et inconnu;Non classé;19;0;0;0;0;0;0;0;0;0;0;0
69172;Salles-Arbuissonnas-en-Beaujolais;vp;Véhicule particulier;Diesel;Crit'Air 2;4;17;37;50;75;83;88;108;123;127;133;140
69172;Salles-Arbuissonnas-en-Beaujolais;vp;Véhicule particulier;Diesel;Crit'Air 3;95;101;95;100;98;105;104;93;88;85;91;83
69172;Salles-Arbuissonnas-en-Beaujolais;vp;Véhicule particulier;Diesel;Crit'Air 4;70;68;68;66;58;64;58;58;51;43;39;33
69172;Salles-Arbuissonnas-en-Beaujolais;vp;Véhicule particulier;Diesel;Crit'Air 5;23;26;26;24;24;21;20;14;12;10;10;9
69172;Salles-Arbuissonnas-en-Beaujolais;vp;Véhicule particulier;Diesel;Non classé;56;46;42;38;35;29;28;22;13;11;7;8
69172;Salles-Arbuissonnas-en-Beaujolais;vp;Véhicule particulier;Diesel HNR;Crit'Air 2;0;0;0;2;2;2;2;2;1;1;2;1
69172;Salles-Arbuissonnas-en-Beaujolais;vp;Véhicule particulier;Hybride rechargeable;Crit'Air 1;1;1;1;1;0;1;0;0;0;0;0;3
69172;Salles-Arbuissonnas-en-Beaujolais;vp;Véhicule particulier;Electrique et hydrogène;Crit'Air E;0;0;0;0;0;0;0;0;0;3;4;7
69172;Salles-Arbuissonnas-en-Beaujolais;vp;Véhicule particulier;Essence;Crit'Air 1;1;10;13;14;20;30;44;63;82;83;100;111
69172;Salles-Arbuissonnas-en-Beaujolais;vp;Véhicule particulier;Essence;Crit'Air 2;36;39;40;38;40;42;39;36;39;41;31;30
69172;Salles-Arbuissonnas-en-Beaujolais;vp;Véhicule particulier;Essence;Crit'Air 3;62;68;65;65;72;69;61;56;53;53;51;53
69172;Salles-Arbuissonnas-en-Beaujolais;vp;Véhicule particulier;Essence;Non classé;92;78;63;55;49;50;47;37;31;26;25;24
69172;Salles-Arbuissonnas-en-Beaujolais;vp;Véhicule particulier;Essence HNR;Crit'Air 1;0;0;0;0;1;1;1;1;0;2;5;8
69172;Salles-Arbuissonnas-en-Beaujolais;vp;Véhicule particulier;Essence HNR;Crit'Air 2;1;1;1;0;0;0;0;0;0;0;1;1
69172;Salles-Arbuissonnas-en-Beaujolais;vp;Véhicule particulier;Gaz et inconnu;Crit'Air 1;0;1;1;1;1;1;1;2;1;1;3;3
69172;Salles-Arbuissonnas-en-Beaujolais;vp;Véhicule particulier;Gaz et inconnu;Non classé;4;0;0;0;0;0;1;1;1;1;1;0
69173;Sarcey;vp;Véhicule particulier;Diesel;Crit'Air 2;15;45;64;86;117;138;161;179;207;211;219;235
69173;Sarcey;vp;Véhicule particulier;Diesel;Crit'Air 3;144;158;147;159;159;140;135;128;110;106;94;87
69173;Sarcey;vp;Véhicule particulier;Diesel;Crit'Air 4;106;99;101;98;82;76;80;71;65;56;52;49
69173;Sarcey;vp;Véhicule particulier;Diesel;Crit'Air 5;41;35;33;26;23;21;17;13;12;16;12;12
69173;Sarcey;vp;Véhicule particulier;Diesel;Non classé;68;59;54;47;39;33;29;22;15;9;6;4
69173;Sarcey;vp;Véhicule particulier;Diesel HNR;Crit'Air 2;0;0;0;0;0;0;0;1;1;1;2;3
69173;Sarcey;vp;Véhicule particulier;Hybride rechargeable;Crit'Air 1;0;0;0;0;0;0;0;0;0;0;0;1
69173;Sarcey;vp;Véhicule particulier;Electrique et hydrogène;Crit'Air E;0;0;0;0;0;3;4;4;2;2;4;8
69173;Sarcey;vp;Véhicule particulier;Essence;Crit'Air 1;3;9;16;19;28;42;61;79;109;129;148;162
69173;Sarcey;vp;Véhicule particulier;Essence;Crit'Air 2;26;31;29;33;37;38;37;37;38;40;32;34
69173;Sarcey;vp;Véhicule particulier;Essence;Crit'Air 3;71;77;71;74;82;79;78;69;69;70;69;51
69173;Sarcey;vp;Véhicule particulier;Essence;Non classé;77;75;66;57;47;44;38;34;28;26;24;20
69173;Sarcey;vp;Véhicule particulier;Essence HNR;Crit'Air 1;0;0;0;0;1;1;2;2;3;6;10;14
69173;Sarcey;vp;Véhicule particulier;Gaz et inconnu;Crit'Air 1;2;3;4;4;5;5;4;4;4;3;2;3
69173;Sarcey;vp;Véhicule particulier;Gaz et inconnu;Non classé;7;1;1;1;1;1;1;1;1;0;0;0
69174;Les Sauvages;vp;Véhicule particulier;Diesel;Crit'Air 2;2;13;26;39;55;71;93;103;121;138;141;141
69174;Les Sauvages;vp;Véhicule particulier;Diesel;Crit'Air 3;87;96;97;97;88;83;72;73;68;67;64;72
69174;Les Sauvages;vp;Véhicule particulier;Diesel;Crit'Air 4;82;84;68;69;64;56;56;57;51;41;38;30
69174;Les Sauvages;vp;Véhicule particulier;Diesel;Crit'Air 5;36;32;30;26;13;8;8;10;9;8;7;5
69174;Les Sauvages;vp;Véhicule particulier;Diesel;Non classé;45;33;29;29;29;26;22;19;11;11;8;4
69174;Les Sauvages;vp;Véhicule particulier;Diesel HNR;Crit'Air 2;0;0;0;0;0;0;0;1;2;2;1;0
69174;Les Sauvages;vp;Véhicule particulier;Hybride rechargeable;Crit'Air 1;0;0;0;0;0;0;0;0;0;0;1;1
69174;Les Sauvages;vp;Véhicule particulier;Electrique et hydrogène;Crit'Air E;0;0;0;0;0;0;0;1;1;1;1;4
69174;Les Sauvages;vp;Véhicule particulier;Essence;Crit'Air 1;2;5;13;14;20;26;35;48;68;75;82;94
69174;Les Sauvages;vp;Véhicule particulier;Essence;Crit'Air 2;23;27;27;30;32;31;26;25;22;24;25;26
69174;Les Sauvages;vp;Véhicule particulier;Essence;Crit'Air 3;50;51;44;44;41;37;40;36;35;37;33;29
69174;Les Sauvages;vp;Véhicule particulier;Essence;Non classé;47;42;35;33;34;27;21;14;12;6;6;5
69174;Les Sauvages;vp;Véhicule particulier;Essence HNR;Crit'Air 1;0;0;0;1;2;1;3;3;4;4;6;7
69174;Les Sauvages;vp;Véhicule particulier;Gaz et inconnu;Crit'Air 1;1;3;3;3;2;1;2;1;1;1;1;0
69174;Les Sauvages;vp;Véhicule particulier;Gaz et inconnu;Non classé;1;0;0;0;0;0;0;0;0;0;0;0
69175;Savigny;vp;Véhicule particulier;Diesel;Crit'Air 2;22;78;139;194;233;262;316;361;385;414;443;435
69175;Savigny;vp;Véhicule particulier;Diesel;Crit'Air 3;271;279;297;291;278;277;273;267;262;252;225;203
69175;Savigny;vp;Véhicule particulier;Diesel;Crit'Air 4;218;210;205;192;189;189;175;165;153;126;101;92
69175;Savigny;vp;Véhicule particulier;Diesel;Crit'Air 5;68;60;59;58;52;53;55;46;41;37;26;22
69175;Savigny;vp;Véhicule particulier;Diesel;Non classé;134;113;93;79;74;63;51;36;29;16;12;8
69175;Savigny;vp;Véhicule particulier;Diesel HNR;Crit'Air 2;0;0;1;3;5;5;6;4;3;3;4;6
69175;Savigny;vp;Véhicule particulier;Hybride rechargeable;Crit'Air 1;3;3;3;3;3;3;3;4;4;6;9;12
69175;Savigny;vp;Véhicule particulier;Electrique et hydrogène;Crit'Air E;0;0;0;0;1;1;1;2;2;4;9;17
69175;Savigny;vp;Véhicule particulier;Essence;Crit'Air 1;5;24;41;63;82;105;150;184;225;285;324;370
69175;Savigny;vp;Véhicule particulier;Essence;Crit'Air 2;90;94;92;95;98;100;100;101;103;94;107;110
69175;Savigny;vp;Véhicule particulier;Essence;Crit'Air 3;181;189;184;176;177;174;168;156;148;142;118;112
69175;Savigny;vp;Véhicule particulier;Essence;Non classé;189;174;145;130;115;94;85;88;64;42;37;35
69175;Savigny;vp;Véhicule particulier;Essence HNR;Crit'Air 1;0;0;0;0;1;1;3;6;12;12;16;23
69175;Savigny;vp;Véhicule particulier;Gaz et inconnu;Crit'Air 1;5;6;7;5;5;6;6;5;4;4;4;4
69175;Savigny;vp;Véhicule particulier;Gaz et inconnu;Non classé;18;2;1;1;1;1;1;1;0;0;0;0
69176;Soucieu-en-Jarrest;vp;Véhicule particulier;Diesel;Crit'Air 2;49;142;252;347;442;525;667;739;799;836;886;895
69176;Soucieu-en-Jarrest;vp;Véhicule particulier;Diesel;Crit'Air 3;534;573;623;641;643;606;584;577;524;480;440;392
69176;Soucieu-en-Jarrest;vp;Véhicule particulier;Diesel;Crit'Air 4;415;401;375;360;344;326;294;251;218;211;183;153
69176;Soucieu-en-Jarrest;vp;Véhicule particulier;Diesel;Crit'Air 5;121;113;114;101;90;76;74;62;48;34;25;27
69176;Soucieu-en-Jarrest;vp;Véhicule particulier;Diesel;Non classé;198;176;155;139;122;97;79;64;43;25;20;17
69176;Soucieu-en-Jarrest;vp;Véhicule particulier;Diesel HNR;Crit'Air 2;0;0;1;1;3;5;6;4;4;4;6;5
69176;Soucieu-en-Jarrest;vp;Véhicule particulier;Hybride rechargeable;Crit'Air 1;0;1;2;1;2;2;3;3;3;4;10;17
69176;Soucieu-en-Jarrest;vp;Véhicule particulier;Electrique et hydrogène;Crit'Air E;0;0;0;0;1;1;5;5;9;15;26;40
69176;Soucieu-en-Jarrest;vp;Véhicule particulier;Essence;Crit'Air 1;16;36;74;121;165;254;326;420;537;619;710;782
69176;Soucieu-en-Jarrest;vp;Véhicule particulier;Essence;Crit'Air 2;190;186;199;200;214;209;204;203;215;210;206;202
69176;Soucieu-en-Jarrest;vp;Véhicule particulier;Essence;Crit'Air 3;386;388;368;368;354;320;322;300;283;263;225;203
69176;Soucieu-en-Jarrest;vp;Véhicule particulier;Essence;Non classé;292;263;222;199;167;144;132;110;85;66;50;47
69176;Soucieu-en-Jarrest;vp;Véhicule particulier;Essence HNR;Crit'Air 1;0;0;2;5;6;9;9;13;21;27;33;49
69176;Soucieu-en-Jarrest;vp;Véhicule particulier;Gaz et inconnu;Crit'Air 1;9;13;11;12;14;14;17;17;16;13;17;25
69176;Soucieu-en-Jarrest;vp;Véhicule particulier;Gaz et inconnu;Non classé;28;0;0;0;0;0;0;0;0;0;0;0
69177;Sourcieux-les-Mines;vp;Véhicule particulier;Diesel;Crit'Air 2;19;63;112;163;213;251;289;308;332;360;368;358
69177;Sourcieux-les-Mines;vp;Véhicule particulier;Diesel;Crit'Air 3;290;314;309;300;298;300;286;264;241;229;203;185
69177;Sourcieux-les-Mines;vp;Véhicule particulier;Diesel;Crit'Air 4;226;213;198;196;201;186;173;158;151;124;108;88
69177;Sourcieux-les-Mines;vp;Véhicule particulier;Diesel;Crit'Air 5;80;81;77;69;65;61;54;51;41;28;26;20
69177;Sourcieux-les-Mines;vp;Véhicule particulier;Diesel;Non classé;137;125;115;94;79;67;51;45;31;22;19;17
69177;Sourcieux-les-Mines;vp;Véhicule particulier;Diesel HNR;Crit'Air 2;0;0;0;0;0;1;2;2;1;2;2;4
69177;Sourcieux-les-Mines;vp;Véhicule particulier;Hybride rechargeable;Crit'Air 1;0;0;0;0;0;0;0;0;1;1;8;8
69177;Sourcieux-les-Mines;vp;Véhicule particulier;Electrique et hydrogène;Crit'Air E;0;0;0;0;0;2;5;8;9;7;9;16
69177;Sourcieux-les-Mines;vp;Véhicule particulier;Essence;Crit'Air 1;10;31;46;58;63;99;123;169;241;302;356;388
69177;Sourcieux-les-Mines;vp;Véhicule particulier;Essence;Crit'Air 2;86;94;100;93;95;93;90;95;100;104;96;101
69177;Sourcieux-les-Mines;vp;Véhicule particulier;Essence;Crit'Air 3;168;165;158;160;160;148;134;136;128;117;105;93
69177;Sourcieux-les-Mines;vp;Véhicule particulier;Essence;Non classé;164;142;116;97;89;79;59;54;45;33;29;29
69177;Sourcieux-les-Mines;vp;Véhicule particulier;Essence HNR;Crit'Air 1;0;0;0;0;1;0;1;1;7;9;11;22
69177;Sourcieux-les-Mines;vp;Véhicule particulier;Essence HNR;Crit'Air 2;0;0;0;0;0;0;0;0;0;0;0;0
69177;Sourcieux-les-Mines;vp;Véhicule particulier;Gaz et inconnu;Crit'Air 1;8;7;9;9;10;11;10;10;8;8;5;11
69177;Sourcieux-les-Mines;vp;Véhicule particulier;Gaz et inconnu;Non classé;8;0;0;0;0;0;0;0;0;0;0;0
69178;Souzy;vp;Véhicule particulier;Diesel;Crit'Air 2;3;13;23;40;56;83;101;112;132;148;160;170
69178;Souzy;vp;Véhicule particulier;Diesel;Crit'Air 3;80;101;117;125;133;141;142;141;131;118;110;108
69178;Souzy;vp;Véhicule particulier;Diesel;Crit'Air 4;83;82;80;74;72;65;61;60;56;44;42;33
69178;Souzy;vp;Véhicule particulier;Diesel;Crit'Air 5;33;32;28;23;23;25;21;24;16;11;10;7
69178;Souzy;vp;Véhicule particulier;Diesel;Non classé;75;65;52;38;30;24;23;17;9;4;3;2
69178;Souzy;vp;Véhicule particulier;Diesel HNR;Crit'Air 2;0;0;0;1;1;1;1;1;1;1;1;1
69178;Souzy;vp;Véhicule particulier;Hybride rechargeable;Crit'Air 1;0;0;0;1;1;0;0;0;1;0;1;3
69178;Souzy;vp;Véhicule particulier;Electrique et hydrogène;Crit'Air E;0;0;0;0;4;3;5;4;4;3;5;9
69178;Souzy;vp;Véhicule particulier;Essence;Crit'Air 1;1;5;8;12;16;24;34;38;52;62;74;81
69178;Souzy;vp;Véhicule particulier;Essence;Crit'Air 2;25;25;22;21;18;21;20;25;26;26;30;30
69178;Souzy;vp;Véhicule particulier;Essence;Crit'Air 3;52;53;51;52;47;40;50;50;43;37;32;29
69178;Souzy;vp;Véhicule particulier;Essence;Non classé;47;37;30;32;27;28;23;21;17;9;6;7
69178;Souzy;vp;Véhicule particulier;Essence HNR;Crit'Air 1;0;0;0;0;0;0;0;0;0;0;2;0
69178;Souzy;vp;Véhicule particulier;Gaz et inconnu;Crit'Air 1;0;0;0;1;1;1;1;1;1;1;2;2
69178;Souzy;vp;Véhicule particulier;Gaz et inconnu;Non classé;6;0;0;0;0;0;0;0;0;0;0;0
69179;Beauvallon;vp;Véhicule particulier;Diesel;Crit'Air 2;47;161;254;366;472;570;650;725;766;847;885;868
69179;Beauvallon;vp;Véhicule particulier;Diesel;Crit'Air 3;574;605;605;628;631;633;616;566;517;481;437;391
69179;Beauvallon;vp;Véhicule particulier;Diesel;Crit'Air 4;455;435;409;388;371;348;313;278;244;213;163;150
69179;Beauvallon;vp;Véhicule particulier;Diesel;Crit'Air 5;141;127;124;111;94;84;81;73;60;46;26;27
69179;Beauvallon;vp;Véhicule particulier;Diesel;Non classé;221;192;160;142;120;97;73;56;42;27;20;18
69179;Beauvallon;vp;Véhicule particulier;Diesel HNR;Crit'Air 2;0;0;2;4;2;2;3;2;4;5;7;6
69179;Beauvallon;vp;Véhicule particulier;Hybride rechargeable;Crit'Air 1;1;1;1;1;2;1;1;2;4;5;6;12
69179;Beauvallon;vp;Véhicule particulier;Electrique et hydrogène;Crit'Air E;0;0;0;0;0;0;3;9;10;12;26;34
69179;Beauvallon;vp;Véhicule particulier;Essence;Crit'Air 1;16;57;88;134;190;244;331;427;520;647;747;799
69179;Beauvallon;vp;Véhicule particulier;Essence;Crit'Air 2;167;174;189;197;200;206;204;202;195;191;187;181
69179;Beauvallon;vp;Véhicule particulier;Essence;Crit'Air 3;341;341;333;317;316;302;264;249;223;207;183;157
69179;Beauvallon;vp;Véhicule particulier;Essence;Non classé;260;234;203;165;149;136;115;92;79;56;53;48
69179;Beauvallon;vp;Véhicule particulier;Essence HNR;Crit'Air 1;0;0;0;2;4;5;9;16;25;30;37;59
69179;Beauvallon;vp;Véhicule particulier;Gaz et inconnu;Crit'Air 1;9;12;12;11;10;12;11;12;12;12;12;14
69179;Beauvallon;vp;Véhicule particulier;Gaz et inconnu;Non classé;30;1;2;2;2;2;2;1;0;0;0;0
69180;Saint-André-la-Côte;vp;Véhicule particulier;Diesel;Crit'Air 2;5;12;22;29;37;45;53;59;57;57;52;59
69180;Saint-André-la-Côte;vp;Véhicule particulier;Diesel;Crit'Air 3;42;41;43;45;36;37;31;33;34;32;32;27
69180;Saint-André-la-Côte;vp;Véhicule particulier;Diesel;Crit'Air 4;30;30;30;26;25;19;21;15;15;14;14;10
69180;Saint-André-la-Côte;vp;Véhicule particulier;Diesel;Crit'Air 5;9;8;9;12;7;7;7;6;4;3;3;1
69180;Saint-André-la-Côte;vp;Véhicule particulier;Diesel;Non classé;21;16;12;9;9;10;9;7;7;4;0;1
69180;Saint-André-la-Côte;vp;Véhicule particulier;Electrique et hydrogène;Crit'Air E;0;0;0;0;0;0;0;0;0;1;3;4
69180;Saint-André-la-Côte;vp;Véhicule particulier;Essence;Crit'Air 1;0;1;1;1;5;9;12;16;25;28;30;32
69180;Saint-André-la-Côte;vp;Véhicule particulier;Essence;Crit'Air 2;7;7;9;11;11;7;9;10;14;12;14;18
69180;Saint-André-la-Côte;vp;Véhicule particulier;Essence;Crit'Air 3;22;25;22;24;22;22;20;18;15;13;12;12
69180;Saint-André-la-Côte;vp;Véhicule particulier;Essence;Non classé;22;17;14;13;10;10;7;5;7;8;9;7
69180;Saint-André-la-Côte;vp;Véhicule particulier;Essence HNR;Crit'Air 1;0;0;0;0;0;0;0;0;0;1;2;4
69180;Saint-André-la-Côte;vp;Véhicule particulier;Essence HNR;Crit'Air 2;1;1;1;1;0;0;0;0;0;0;0;0
69180;Saint-André-la-Côte;vp;Véhicule particulier;Gaz et inconnu;Crit'Air 1;0;0;0;0;0;0;0;0;0;0;0;1
69180;Saint-André-la-Côte;vp;Véhicule particulier;Gaz et inconnu;Non classé;3;0;0;0;0;0;0;0;0;0;0;0
69181;Saint-Appolinaire;vp;Véhicule particulier;Diesel;Crit'Air 2;0;2;6;13;15;15;20;25;28;34;34;31
69181;Saint-Appolinaire;vp;Véhicule particulier;Diesel;Crit'Air 3;11;14;17;19;24;26;26;23;22;24;25;25
69181;Saint-Appolinaire;vp;Véhicule particulier;Diesel;Crit'Air 4;13;16;15;18;18;15;15;13;16;15;13;14
69181;Saint-Appolinaire;vp;Véhicule particulier;Diesel;Crit'Air 5;10;9;10;9;9;12;11;8;7;4;5;4
69181;Saint-Appolinaire;vp;Véhicule particulier;Diesel;Non classé;15;15;12;15;12;13;11;5;4;1;1;0
69181;Saint-Appolinaire;vp;Véhicule particulier;Diesel HNR;Crit'Air 2;0;0;0;0;0;1;1;1;1;1;1;1
69181;Saint-Appolinaire;vp;Véhicule particulier;Hybride rechargeable;Crit'Air 1;0;0;0;0;0;0;0;0;0;0;0;1
69181;Saint-Appolinaire;vp;Véhicule particulier;Electrique et hydrogène;Crit'Air E;0;0;0;0;0;0;0;0;0;0;0;1
69181;Saint-Appolinaire;vp;Véhicule particulier;Essence;Crit'Air 1;1;1;1;2;3;4;6;12;16;19;20;22
69181;Saint-Appolinaire;vp;Véhicule particulier;Essence;Crit'Air 2;4;5;3;3;4;5;6;6;5;6;4;3
69181;Saint-Appolinaire;vp;Véhicule particulier;Essence;Crit'Air 3;10;12;12;14;17;13;14;11;9;8;5;7
69181;Saint-Appolinaire;vp;Véhicule particulier;Essence;Non classé;12;8;10;6;7;5;3;2;2;3;3;4
69181;Saint-Appolinaire;vp;Véhicule particulier;Essence HNR;Crit'Air 1;0;0;0;0;0;0;0;0;1;1;3;4
69181;Saint-Appolinaire;vp;Véhicule particulier;Gaz et inconnu;Crit'Air 1;1;1;1;1;1;0;0;0;1;1;1;1
69181;Saint-Appolinaire;vp;Véhicule particulier;Gaz et inconnu;Non classé;1;0;0;0;0;0;0;0;0;0;0;0
69182;Saint-Bonnet-des-Bruyères;vp;Véhicule particulier;Diesel;Crit'Air 2;5;12;23;29;33;38;48;54;63;66;72;76
69182;Saint-Bonnet-des-Bruyères;vp;Véhicule particulier;Diesel;Crit'Air 3;56;58;57;57;55;51;48;50;51;53;48;53
69182;Saint-Bonnet-des-Bruyères;vp;Véhicule particulier;Diesel;Crit'Air 4;41;38;37;36;32;31;29;29;27;27;25;22
69182;Saint-Bonnet-des-Bruyères;vp;Véhicule particulier;Diesel;Crit'Air 5;21;21;16;16;14;14;14;14;12;8;6;6
69182;Saint-Bonnet-des-Bruyères;vp;Véhicule particulier;Diesel;Non classé;45;40;27;26;28;22;17;12;8;3;1;2
69182;Saint-Bonnet-des-Bruyères;vp;Véhicule particulier;Diesel HNR;Crit'Air 2;0;0;0;0;0;0;0;0;0;0;0;3
69182;Saint-Bonnet-des-Bruyères;vp;Véhicule particulier;Essence;Crit'Air 1;0;2;2;2;5;7;13;17;25;29;30;34
69182;Saint-Bonnet-des-Bruyères;vp;Véhicule particulier;Essence;Crit'Air 2;10;9;9;8;11;10;11;10;9;9;11;9
69182;Saint-Bonnet-des-Bruyères;vp;Véhicule particulier;Essence;Crit'Air 3;22;24;25;27;26;25;26;26;25;20;25;21
69182;Saint-Bonnet-des-Bruyères;vp;Véhicule particulier;Essence;Non classé;33;25;21;18;16;14;11;13;10;6;4;5
69182;Saint-Bonnet-des-Bruyères;vp;Véhicule particulier;Essence HNR;Crit'Air 1;0;0;0;0;0;0;0;1;1;1;1;3
69182;Saint-Bonnet-des-Bruyères;vp;Véhicule particulier;Gaz et inconnu;Crit'Air 1;0;0;0;0;0;0;0;1;0;0;1;1
69182;Saint-Bonnet-des-Bruyères;vp;Véhicule particulier;Gaz et inconnu;Non classé;3;0;0;0;0;0;0;0;0;0;0;0
69183;Saint-Bonnet-le-Troncy;vp;Véhicule particulier;Diesel;Crit'Air 2;3;11;16;21;31;43;54;53;65;69;74;73
69183;Saint-Bonnet-le-Troncy;vp;Véhicule particulier;Diesel;Crit'Air 3;29;30;40;38;40;41;41;44;36;36;33;31
69183;Saint-Bonnet-le-Troncy;vp;Véhicule particulier;Diesel;Crit'Air 4;37;37;31;30;29;30;32;29;27;21;18;20
69183;Saint-Bonnet-le-Troncy;vp;Véhicule particulier;Diesel;Crit'Air 5;11;7;10;11;11;11;8;8;8;10;9;6
69183;Saint-Bonnet-le-Troncy;vp;Véhicule particulier;Diesel;Non classé;27;24;20;22;19;11;10;10;8;2;1;2
69183;Saint-Bonnet-le-Troncy;vp;Véhicule particulier;Diesel HNR;Crit'Air 2;0;0;0;0;0;0;0;0;1;1;1;1
69183;Saint-Bonnet-le-Troncy;vp;Véhicule particulier;Electrique et hydrogène;Crit'Air E;0;0;0;0;0;1;1;1;1;1;1;1
69183;Saint-Bonnet-le-Troncy;vp;Véhicule particulier;Essence;Crit'Air 1;1;2;1;4;5;8;10;10;12;22;30;32
69183;Saint-Bonnet-le-Troncy;vp;Véhicule particulier;Essence;Crit'Air 2;9;8;7;7;9;9;8;9;9;9;10;8
69183;Saint-Bonnet-le-Troncy;vp;Véhicule particulier;Essence;Crit'Air 3;21;24;24;22;15;18;18;19;18;17;13;12
69183;Saint-Bonnet-le-Troncy;vp;Véhicule particulier;Essence;Non classé;27;28;22;22;19;14;11;10;10;8;4;3
69183;Saint-Bonnet-le-Troncy;vp;Véhicule particulier;Essence HNR;Crit'Air 1;0;0;0;0;0;0;0;0;1;1;1;2
69183;Saint-Bonnet-le-Troncy;vp;Véhicule particulier;Gaz et inconnu;Crit'Air 1;0;0;0;0;0;0;0;1;1;0;0;1
69183;Saint-Bonnet-le-Troncy;vp;Véhicule particulier;Gaz et inconnu;Non classé;3;0;0;0;0;0;0;0;0;0;0;0
69184;Sainte-Catherine;vp;Véhicule particulier;Diesel;Crit'Air 2;16;37;53;74;98;114;142;163;185;205;236;229
69184;Sainte-Catherine;vp;Véhicule particulier;Diesel;Crit'Air 3;111;124;130;143;145;144;138;135;120;118;110;99
69184;Sainte-Catherine;vp;Véhicule particulier;Diesel;Crit'Air 4;111;114;129;114;108;98;85;83;66;52;50;50
69184;Sainte-Catherine;vp;Véhicule particulier;Diesel;Crit'Air 5;57;56;52;47;44;39;39;30;22;16;12;16
69184;Sainte-Catherine;vp;Véhicule particulier;Diesel;Non classé;92;86;71;59;41;37;33;27;17;7;3;2
69184;Sainte-Catherine;vp;Véhicule particulier;Diesel HNR;Crit'Air 2;0;0;0;0;1;1;1;1;2;2;1;2
69184;Sainte-Catherine;vp;Véhicule particulier;Hybride rechargeable;Crit'Air 1;0;0;0;0;0;1;1;1;1;1;1;3
69184;Sainte-Catherine;vp;Véhicule particulier;Electrique et hydrogène;Crit'Air E;0;0;0;0;0;0;0;0;0;1;2;4
69184;Sainte-Catherine;vp;Véhicule particulier;Essence;Crit'Air 1;3;12;17;22;27;37;47;59;75;104;119;132
69184;Sainte-Catherine;vp;Véhicule particulier;Essence;Crit'Air 2;22;23;28;31;33;39;38;35;41;39;31;36
69184;Sainte-Catherine;vp;Véhicule particulier;Essence;Crit'Air 3;73;71;76;85;77;75;75;58;61;55;48;49
69184;Sainte-Catherine;vp;Véhicule particulier;Essence;Non classé;77;73;64;60;59;52;36;27;22;20;15;15
69184;Sainte-Catherine;vp;Véhicule particulier;Essence HNR;Crit'Air 1;0;0;0;0;0;0;1;2;7;9;13;12
69184;Sainte-Catherine;vp;Véhicule particulier;Essence HNR;Crit'Air 2;0;0;0;0;0;0;0;0;0;0;0;1
69184;Sainte-Catherine;vp;Véhicule particulier;Gaz et inconnu;Crit'Air 1;0;0;0;1;2;2;4;5;5;5;4;6
69184;Sainte-Catherine;vp;Véhicule particulier;Gaz et inconnu;Non classé;8;0;0;0;0;0;0;0;0;0;0;0
69184;Sainte-Catherine;vp;Véhicule particulier;Gaz et inconnu;Inconnu;0;0;0;0;0;0;0;0;0;0;0;1
69186;Saint-Clément-de-Vers;vp;Véhicule particulier;Diesel;Crit'Air 2;2;4;11;17;19;25;31;37;41;52;54;56
69186;Saint-Clément-de-Vers;vp;Véhicule particulier;Diesel;Crit'Air 3;33;33;33;35;33;29;32;28;25;20;25;25
69186;Saint-Clément-de-Vers;vp;Véhicule particulier;Diesel;Crit'Air 4;34;29;22;23;23;21;23;23;22;18;14;13
69186;Saint-Clément-de-Vers;vp;Véhicule particulier;Diesel;Crit'Air 5;13;13;9;9;12;10;7;7;5;4;3;3
69186;Saint-Clément-de-Vers;vp;Véhicule particulier;Diesel;Non classé;12;8;9;10;7;9;8;7;2;0;0;0
69186;Saint-Clément-de-Vers;vp;Véhicule particulier;Diesel HNR;Crit'Air 2;0;0;0;0;0;0;0;0;0;0;0;1
69186;Saint-Clément-de-Vers;vp;Véhicule particulier;Essence;Crit'Air 1;1;3;7;10;11;9;9;11;14;17;17;21
69186;Saint-Clément-de-Vers;vp;Véhicule particulier;Essence;Crit'Air 2;6;9;6;6;6;7;7;12;12;8;11;6
69186;Saint-Clément-de-Vers;vp;Véhicule particulier;Essence;Crit'Air 3;9;7;11;10;12;12;10;11;12;10;10;11
69186;Saint-Clément-de-Vers;vp;Véhicule particulier;Essence;Non classé;19;21;17;14;11;6;6;6;1;1;0;4
69186;Saint-Clément-de-Vers;vp;Véhicule particulier;Essence HNR;Crit'Air 1;0;0;0;0;0;0;0;0;0;0;0;1
69186;Saint-Clément-de-Vers;vp;Véhicule particulier;Gaz et inconnu;Crit'Air 1;1;1;1;1;1;1;1;1;1;1;1;2
69186;Saint-Clément-de-Vers;vp;Véhicule particulier;Gaz et inconnu;Non classé;1;0;0;0;0;0;0;0;0;0;0;0
69187;Saint-Clément-les-Places;vp;Véhicule particulier;Diesel;Crit'Air 2;1;17;31;44;73;89;97;107;122;137;148;162
69187;Saint-Clément-les-Places;vp;Véhicule particulier;Diesel;Crit'Air 3;77;89;89;97;104;109;108;109;101;93;75;71
69187;Saint-Clément-les-Places;vp;Véhicule particulier;Diesel;Crit'Air 4;71;70;65;67;62;57;60;63;57;45;41;43
69187;Saint-Clément-les-Places;vp;Véhicule particulier;Diesel;Crit'Air 5;42;35;33;29;28;24;25;20;19;18;18;14
69187;Saint-Clément-les-Places;vp;Véhicule particulier;Diesel;Non classé;72;63;50;52;47;44;39;31;17;9;7;7
69187;Saint-Clément-les-Places;vp;Véhicule particulier;Diesel HNR;Crit'Air 2;0;0;0;0;0;0;0;0;0;0;1;0
69187;Saint-Clément-les-Places;vp;Véhicule particulier;Electrique et hydrogène;Crit'Air E;0;0;0;0;0;0;0;0;0;1;2;4
69187;Saint-Clément-les-Places;vp;Véhicule particulier;Essence;Crit'Air 1;1;6;8;10;9;10;13;21;37;44;59;64
69187;Saint-Clément-les-Places;vp;Véhicule particulier;Essence;Crit'Air 2;13;15;14;14;16;19;19;19;19;19;18;22
69187;Saint-Clément-les-Places;vp;Véhicule particulier;Essence;Crit'Air 3;31;29;37;40;38;40;36;38;35;31;22;23
69187;Saint-Clément-les-Places;vp;Véhicule particulier;Essence;Non classé;58;51;43;38;36;29;23;21;16;16;15;12
69187;Saint-Clément-les-Places;vp;Véhicule particulier;Essence HNR;Crit'Air 1;0;0;0;0;0;0;0;0;1;1;3;3
69187;Saint-Clément-les-Places;vp;Véhicule particulier;Gaz et inconnu;Crit'Air 1;1;1;1;2;3;5;5;4;6;3;4;2
69187;Saint-Clément-les-Places;vp;Véhicule particulier;Gaz et inconnu;Non classé;7;0;0;0;0;0;0;0;0;0;0;0
69188;Saint-Clément-sur-Valsonne;vp;Véhicule particulier;Diesel;Crit'Air 2;2;23;38;52;73;93;119;133;151;183;193;190
69188;Saint-Clément-sur-Valsonne;vp;Véhicule particulier;Diesel;Crit'Air 3;99;99;100;100;105;110;101;106;99;85;83;74
69188;Saint-Clément-sur-Valsonne;vp;Véhicule particulier;Diesel;Crit'Air 4;68;67;79;79;76;70;69;68;59;48;45;47
69188;Saint-Clément-sur-Valsonne;vp;Véhicule particulier;Diesel;Crit'Air 5;36;32;36;31;24;26;24;18;14;13;12;9
69188;Saint-Clément-sur-Valsonne;vp;Véhicule particulier;Diesel;Non classé;57;56;57;48;42;40;33;26;22;11;4;7
69188;Saint-Clément-sur-Valsonne;vp;Véhicule particulier;Diesel HNR;Crit'Air 2;0;0;0;0;0;0;0;1;2;0;1;1
69188;Saint-Clément-sur-Valsonne;vp;Véhicule particulier;Hybride rechargeable;Crit'Air 1;0;0;1;1;1;2;2;2;2;2;2;3
69188;Saint-Clément-sur-Valsonne;vp;Véhicule particulier;Electrique et hydrogène;Crit'Air E;0;0;0;0;0;0;0;0;0;3;6;7
69188;Saint-Clément-sur-Valsonne;vp;Véhicule particulier;Essence;Crit'Air 1;0;6;14;14;20;25;37;39;64;83;95;111
69188;Saint-Clément-sur-Valsonne;vp;Véhicule particulier;Essence;Crit'Air 2;24;22;23;27;33;35;39;41;39;34;33;36
69188;Saint-Clément-sur-Valsonne;vp;Véhicule particulier;Essence;Crit'Air 3;55;56;54;53;51;56;48;50;42;35;30;27
69188;Saint-Clément-sur-Valsonne;vp;Véhicule particulier;Essence;Non classé;47;34;34;36;38;32;21;15;13;10;9;10
69188;Saint-Clément-sur-Valsonne;vp;Véhicule particulier;Essence HNR;Crit'Air 1;0;0;0;1;1;0;2;3;4;4;3;6
69188;Saint-Clément-sur-Valsonne;vp;Véhicule particulier;Essence HNR;Crit'Air 2;1;1;1;1;1;1;0;0;0;0;0;0
69188;Saint-Clément-sur-Valsonne;vp;Véhicule particulier;Gaz et inconnu;Crit'Air 1;9;8;5;5;4;4;4;4;4;3;3;3
69188;Saint-Clément-sur-Valsonne;vp;Véhicule particulier;Gaz et inconnu;Non classé;6;1;0;0;0;0;0;0;0;0;0;0
69189;Sainte-Colombe;vp;Véhicule particulier;Diesel;Crit'Air 2;20;60;100;139;170;207;240;267;265;284;282;299
69189;Sainte-Colombe;vp;Véhicule particulier;Diesel;Crit'Air 3;244;265;255;252;244;236;226;218;201;187;189;176
69189;Sainte-Colombe;vp;Véhicule particulier;Diesel;Crit'Air 4;184;183;155;138;131;128;118;105;80;70;66;60
69189;Sainte-Colombe;vp;Véhicule particulier;Diesel;Crit'Air 5;66;62;58;55;44;39;38;30;24;18;17;13
69189;Sainte-Colombe;vp;Véhicule particulier;Diesel;Non classé;83;67;51;47;39;32;21;20;15;9;6;4
69189;Sainte-Colombe;vp;Véhicule particulier;Diesel HNR;Crit'Air 2;0;0;0;0;0;0;1;1;1;3;5;4
69189;Sainte-Colombe;vp;Véhicule particulier;Hybride rechargeable;Crit'Air 1;0;0;0;1;1;2;2;1;4;5;10;16
69189;Sainte-Colombe;vp;Véhicule particulier;Electrique et hydrogène;Crit'Air E;0;0;0;0;0;0;1;2;2;2;9;10
69189;Sainte-Colombe;vp;Véhicule particulier;Essence;Crit'Air 1;15;27;42;63;93;133;168;219;260;313;358;405
69189;Sainte-Colombe;vp;Véhicule particulier;Essence;Crit'Air 2;112;106;115;112;118;119;127;124;112;109;107;100
69189;Sainte-Colombe;vp;Véhicule particulier;Essence;Crit'Air 3;174;175;166;166;155;142;131;126;118;106;94;84
69189;Sainte-Colombe;vp;Véhicule particulier;Essence;Non classé;149;137;115;94;77;68;48;42;41;33;27;19
69189;Sainte-Colombe;vp;Véhicule particulier;Essence HNR;Crit'Air 1;0;0;0;0;0;1;5;7;11;19;17;33
69189;Sainte-Colombe;vp;Véhicule particulier;Essence HNR;Crit'Air 2;1;1;1;1;2;2;1;1;1;1;1;1
69189;Sainte-Colombe;vp;Véhicule particulier;Gaz et inconnu;Crit'Air 1;10;9;10;10;10;9;9;8;7;6;4;6
69189;Sainte-Colombe;vp;Véhicule particulier;Gaz et inconnu;Non classé;10;0;0;0;0;1;1;0;0;0;0;0
69190;Sainte-Consorce;vp;Véhicule particulier;Diesel;Crit'Air 2;34;87;152;199;245;288;326;370;384;428;431;423
69190;Sainte-Consorce;vp;Véhicule particulier;Diesel;Crit'Air 3;286;293;283;284;283;270;243;225;220;213;200;175
69190;Sainte-Consorce;vp;Véhicule particulier;Diesel;Crit'Air 4;178;162;163;151;148;139;129;117;94;82;70;69
69190;Sainte-Consorce;vp;Véhicule particulier;Diesel;Crit'Air 5;65;63;58;51;43;37;29;23;18;16;12;12
69190;Sainte-Consorce;vp;Véhicule particulier;Diesel;Non classé;86;70;60;45;33;27;29;22;14;6;5;5
69190;Sainte-Consorce;vp;Véhicule particulier;Diesel HNR;Crit'Air 2;0;0;0;1;1;2;3;3;2;6;6;9
69190;Sainte-Consorce;vp;Véhicule particulier;Hybride rechargeable;Crit'Air 1;1;1;2;0;0;2;5;5;5;4;10;19
69190;Sainte-Consorce;vp;Véhicule particulier;Electrique et hydrogène;Crit'Air E;0;0;0;0;1;3;7;10;8;10;14;27
69190;Sainte-Consorce;vp;Véhicule particulier;Essence;Crit'Air 1;15;40;68;99;127;164;210;252;309;367;411;469
69190;Sainte-Consorce;vp;Véhicule particulier;Essence;Crit'Air 2;131;137;133;126;121;120;125;127;121;119;115;120
69190;Sainte-Consorce;vp;Véhicule particulier;Essence;Crit'Air 3;226;229;223;219;188;183;178;163;158;140;119;103
69190;Sainte-Consorce;vp;Véhicule particulier;Essence;Non classé;120;112;93;86;85;77;72;62;54;43;35;30
69190;Sainte-Consorce;vp;Véhicule particulier;Essence HNR;Crit'Air 1;0;0;0;2;5;5;5;12;17;24;30;29
69190;Sainte-Consorce;vp;Véhicule particulier;Essence HNR;Crit'Air 2;1;1;1;0;0;0;0;0;0;0;0;0
69190;Sainte-Consorce;vp;Véhicule particulier;Gaz et inconnu;Crit'Air 1;4;7;7;6;3;5;5;5;6;5;7;14
69190;Sainte-Consorce;vp;Véhicule particulier;Gaz et inconnu;Non classé;10;2;1;1;1;0;0;0;0;0;0;0
69191;Saint-Cyr-au-Mont-d'Or;vp;Véhicule particulier;Diesel;Crit'Air 2;136;317;499;657;810;910;971;1040;1054;1042;1012;943
69191;Saint-Cyr-au-Mont-d'Or;vp;Véhicule particulier;Diesel;Crit'Air 3;2434;1574;928;737;637;552;498;454;404;382;365;334
69191;Saint-Cyr-au-Mont-d'Or;vp;Véhicule particulier;Diesel;Crit'Air 4;424;352;321;294;271;250;235;224;198;176;137;129
69191;Saint-Cyr-au-Mont-d'Or;vp;Véhicule particulier;Diesel;Crit'Air 5;133;123;103;97;89;75;60;47;38;35;21;16
69191;Saint-Cyr-au-Mont-d'Or;vp;Véhicule particulier;Diesel;Non classé;169;134;109;89;67;57;45;30;26;13;9;8
69191;Saint-Cyr-au-Mont-d'Or;vp;Véhicule particulier;Diesel HNR;Crit'Air 2;0;0;4;9;14;16;20;16;9;12;19;26
69191;Saint-Cyr-au-Mont-d'Or;vp;Véhicule particulier;Hybride rechargeable;Crit'Air 1;3;4;7;10;9;9;14;17;21;29;42;82
69191;Saint-Cyr-au-Mont-d'Or;vp;Véhicule particulier;Electrique et hydrogène;Crit'Air E;0;0;1;1;3;15;22;27;36;41;72;113
69191;Saint-Cyr-au-Mont-d'Or;vp;Véhicule particulier;Essence;Crit'Air 1;71;173;260;368;454;553;681;851;991;1199;1345;1441
69191;Saint-Cyr-au-Mont-d'Or;vp;Véhicule particulier;Essence;Crit'Air 2;591;577;541;507;483;455;430;401;386;382;348;322
69191;Saint-Cyr-au-Mont-d'Or;vp;Véhicule particulier;Essence;Crit'Air 3;688;632;587;537;504;471;437;381;338;302;277;229
69191;Saint-Cyr-au-Mont-d'Or;vp;Véhicule particulier;Essence;Non classé;381;352;282;228;202;185;163;138;120;100;95;98
69191;Saint-Cyr-au-Mont-d'Or;vp;Véhicule particulier;Essence HNR;Crit'Air 1;1;0;1;8;15;25;35;47;62;74;102;137
69191;Saint-Cyr-au-Mont-d'Or;vp;Véhicule particulier;Essence HNR;Crit'Air 2;4;3;1;1;1;1;2;2;2;2;1;1
69191;Saint-Cyr-au-Mont-d'Or;vp;Véhicule particulier;Gaz et inconnu;Crit'Air 1;14;10;10;13;14;14;18;19;16;16;16;14
69191;Saint-Cyr-au-Mont-d'Or;vp;Véhicule particulier;Gaz et inconnu;Non classé;39;5;4;2;2;4;3;1;2;2;0;1
69192;Saint-Cyr-le-Chatoux;vp;Véhicule particulier;Diesel;Crit'Air 2;3;11;14;19;23;27;24;28;35;37;39;40
69192;Saint-Cyr-le-Chatoux;vp;Véhicule particulier;Diesel;Crit'Air 3;17;17;19;20;17;16;17;15;15;15;16;13
69192;Saint-Cyr-le-Chatoux;vp;Véhicule particulier;Diesel;Crit'Air 4;16;12;16;14;15;18;16;14;12;7;9;7
69192;Saint-Cyr-le-Chatoux;vp;Véhicule particulier;Diesel;Crit'Air 5;7;7;3;4;3;4;4;4;2;2;2;3
69192;Saint-Cyr-le-Chatoux;vp;Véhicule particulier;Diesel;Non classé;10;10;11;9;9;6;4;4;2;0;0;0
69192;Saint-Cyr-le-Chatoux;vp;Véhicule particulier;Electrique et hydrogène;Crit'Air E;0;0;0;0;0;0;0;0;0;0;1;1
69192;Saint-Cyr-le-Chatoux;vp;Véhicule particulier;Essence;Crit'Air 1;1;2;2;2;3;3;5;8;11;10;8;11
69192;Saint-Cyr-le-Chatoux;vp;Véhicule particulier;Essence;Crit'Air 2;4;3;2;2;2;2;3;4;4;4;5;5
69192;Saint-Cyr-le-Chatoux;vp;Véhicule particulier;Essence;Crit'Air 3;14;14;14;9;10;9;10;8;10;10;10;10
69192;Saint-Cyr-le-Chatoux;vp;Véhicule particulier;Essence;Non classé;6;5;4;3;3;3;3;2;0;0;0;0
69192;Saint-Cyr-le-Chatoux;vp;Véhicule particulier;Essence HNR;Crit'Air 1;0;0;0;0;0;0;2;2;2;2;2;2
69192;Saint-Cyr-le-Chatoux;vp;Véhicule particulier;Gaz et inconnu;Crit'Air 1;0;0;0;0;0;1;1;1;1;1;1;1
69192;Saint-Cyr-le-Chatoux;vp;Véhicule particulier;Gaz et inconnu;Non classé;1;0;0;0;0;0;0;0;0;0;0;0
69193;Saint-Cyr-sur-le-Rhône;vp;Véhicule particulier;Diesel;Crit'Air 2;34;78;111;147;187;215;251;274;279;290;290;281
69193;Saint-Cyr-sur-le-Rhône;vp;Véhicule particulier;Diesel;Crit'Air 3;219;219;221;215;203;199;192;179;161;155;134;123
69193;Saint-Cyr-sur-le-Rhône;vp;Véhicule particulier;Diesel;Crit'Air 4;145;125;110;100;90;82;78;82;68;61;51;44
69193;Saint-Cyr-sur-le-Rhône;vp;Véhicule particulier;Diesel;Crit'Air 5;46;45;38;34;30;31;26;22;18;15;13;8
69193;Saint-Cyr-sur-le-Rhône;vp;Véhicule particulier;Diesel;Non classé;75;66;57;37;34;30;24;22;16;9;6;4
69193;Saint-Cyr-sur-le-Rhône;vp;Véhicule particulier;Diesel HNR;Crit'Air 2;0;0;0;0;0;1;1;1;4;4;3;5
69193;Saint-Cyr-sur-le-Rhône;vp;Véhicule particulier;Hybride rechargeable;Crit'Air 1;0;1;1;2;2;2;1;2;2;3;1;3
69193;Saint-Cyr-sur-le-Rhône;vp;Véhicule particulier;Electrique et hydrogène;Crit'Air E;0;0;0;1;1;2;2;2;3;6;9;17
69193;Saint-Cyr-sur-le-Rhône;vp;Véhicule particulier;Essence;Crit'Air 1;14;28;45;72;89;100;119;149;172;205;231;253
69193;Saint-Cyr-sur-le-Rhône;vp;Véhicule particulier;Essence;Crit'Air 2;83;84;86;88;81;76;79;77;76;80;77;79
69193;Saint-Cyr-sur-le-Rhône;vp;Véhicule particulier;Essence;Crit'Air 3;128;121;113;95;94;92;82;91;82;71;56;49
69193;Saint-Cyr-sur-le-Rhône;vp;Véhicule particulier;Essence;Non classé;79;72;64;53;45;42;37;32;31;29;25;19
69193;Saint-Cyr-sur-le-Rhône;vp;Véhicule particulier;Essence HNR;Crit'Air 1;1;0;2;2;2;2;1;5;5;10;10;18
69193;Saint-Cyr-sur-le-Rhône;vp;Véhicule particulier;Gaz et inconnu;Crit'Air 1;2;3;1;1;1;2;2;3;4;5;5;6
69193;Saint-Cyr-sur-le-Rhône;vp;Véhicule particulier;Gaz et inconnu;Non classé;3;0;0;0;0;1;1;0;0;0;0;0
69194;Saint-Didier-au-Mont-d'Or;vp;Véhicule particulier;Diesel;Crit'Air 2;161;384;645;837;980;1094;1236;1327;1454;1471;1420;1281
69194;Saint-Didier-au-Mont-d'Or;vp;Véhicule particulier;Diesel;Crit'Air 3;982;952;852;779;737;667;606;541;473;430;356;316
69194;Saint-Didier-au-Mont-d'Or;vp;Véhicule particulier;Diesel;Crit'Air 4;492;429;377;333;308;277;248;234;184;161;131;102
69194;Saint-Didier-au-Mont-d'Or;vp;Véhicule particulier;Diesel;Crit'Air 5;124;109;93;84;72;59;55;45;42;35;26;22
69194;Saint-Didier-au-Mont-d'Or;vp;Véhicule particulier;Diesel;Non classé;181;168;134;107;83;70;53;47;34;19;14;12
69194;Saint-Didier-au-Mont-d'Or;vp;Véhicule particulier;Diesel HNR;Crit'Air 2;0;0;3;11;14;19;19;19;16;18;27;37
69194;Saint-Didier-au-Mont-d'Or;vp;Véhicule particulier;Hybride rechargeable;Crit'Air 1;7;11;11;13;18;18;24;24;38;50;83;141
69194;Saint-Didier-au-Mont-d'Or;vp;Véhicule particulier;Electrique et hydrogène;Crit'Air E;0;0;2;2;7;12;17;48;68;114;162;206
69194;Saint-Didier-au-Mont-d'Or;vp;Véhicule particulier;Essence;Crit'Air 1;101;215;320;450;575;707;887;1089;1310;1527;1676;1840
69194;Saint-Didier-au-Mont-d'Or;vp;Véhicule particulier;Essence;Crit'Air 2;700;694;656;631;587;575;542;532;507;443;407;385
69194;Saint-Didier-au-Mont-d'Or;vp;Véhicule particulier;Essence;Crit'Air 3;857;776;674;630;555;517;478;404;353;308;267;226
69194;Saint-Didier-au-Mont-d'Or;vp;Véhicule particulier;Essence;Non classé;486;422;354;283;249;220;197;168;144;128;108;102
69194;Saint-Didier-au-Mont-d'Or;vp;Véhicule particulier;Essence HNR;Crit'Air 1;0;0;3;13;18;25;40;66;81;101;118;156
69194;Saint-Didier-au-Mont-d'Or;vp;Véhicule particulier;Essence HNR;Crit'Air 2;2;2;2;2;3;2;3;3;3;3;3;2
69194;Saint-Didier-au-Mont-d'Or;vp;Véhicule particulier;Gaz et inconnu;Crit'Air 1;14;14;12;10;6;6;8;11;11;10;8;11
69194;Saint-Didier-au-Mont-d'Or;vp;Véhicule particulier;Gaz et inconnu;Non classé;28;3;1;1;1;1;1;1;1;2;1;2
69196;Saint-Didier-sur-Beaujeu;vp;Véhicule particulier;Diesel;Crit'Air 2;2;14;35;53;63;75;95;106;111;123;131;134
69196;Saint-Didier-sur-Beaujeu;vp;Véhicule particulier;Diesel;Crit'Air 3;71;79;90;90;86;80;78;67;74;75;72;68
69196;Saint-Didier-sur-Beaujeu;vp;Véhicule particulier;Diesel;Crit'Air 4;61;59;59;53;52;52;52;48;44;39;35;33
69196;Saint-Didier-sur-Beaujeu;vp;Véhicule particulier;Diesel;Crit'Air 5;38;36;27;23;20;18;17;22;18;13;9;7
69196;Saint-Didier-sur-Beaujeu;vp;Véhicule particulier;Diesel;Non classé;55;49;40;36;31;24;19;15;12;6;3;3
69196;Saint-Didier-sur-Beaujeu;vp;Véhicule particulier;Diesel HNR;Crit'Air 2;0;0;0;0;0;0;0;0;0;1;1;1
69196;Saint-Didier-sur-Beaujeu;vp;Véhicule particulier;Hybride rechargeable;Crit'Air 1;0;0;0;0;0;0;1;2;1;1;1;2
69196;Saint-Didier-sur-Beaujeu;vp;Véhicule particulier;Electrique et hydrogène;Crit'Air E;0;0;0;0;0;1;1;2;2;2;3;7
69196;Saint-Didier-sur-Beaujeu;vp;Véhicule particulier;Essence;Crit'Air 1;0;2;6;11;13;20;25;34;43;51;64;76
69196;Saint-Didier-sur-Beaujeu;vp;Véhicule particulier;Essence;Crit'Air 2;18;20;19;18;16;17;18;16;21;22;22;21
69196;Saint-Didier-sur-Beaujeu;vp;Véhicule particulier;Essence;Crit'Air 3;39;38;35;49;50;53;46;39;37;33;31;22
69196;Saint-Didier-sur-Beaujeu;vp;Véhicule particulier;Essence;Non classé;46;42;36;35;35;31;28;30;23;17;14;15
69196;Saint-Didier-sur-Beaujeu;vp;Véhicule particulier;Gaz et inconnu;Crit'Air 1;2;5;3;3;2;1;1;1;1;0;0;0
69196;Saint-Didier-sur-Beaujeu;vp;Véhicule particulier;Gaz et inconnu;Non classé;3;0;0;0;0;0;0;0;0;0;0;0
69197;Saint-Étienne-des-Oullières;vp;Véhicule particulier;Diesel;Crit'Air 2;17;69;111;154;202;249;291;339;375;395;424;457
69197;Saint-Étienne-des-Oullières;vp;Véhicule particulier;Diesel;Crit'Air 3;231;254;252;269;277;277;276;257;245;250;216;214
69197;Saint-Étienne-des-Oullières;vp;Véhicule particulier;Diesel;Crit'Air 4;204;208;201;206;187;164;140;131;119;104;85;84
69197;Saint-Étienne-des-Oullières;vp;Véhicule particulier;Diesel;Crit'Air 5;88;78;71;65;56;58;50;49;40;32;22;20
69197;Saint-Étienne-des-Oullières;vp;Véhicule particulier;Diesel;Non classé;130;117;97;82;78;63;52;40;25;15;13;10
69197;Saint-Étienne-des-Oullières;vp;Véhicule particulier;Diesel HNR;Crit'Air 2;0;0;0;0;0;0;1;2;1;2;3;3
69197;Saint-Étienne-des-Oullières;vp;Véhicule particulier;Hybride rechargeable;Crit'Air 1;0;0;0;0;0;0;2;1;1;1;3;9
69197;Saint-Étienne-des-Oullières;vp;Véhicule particulier;Electrique et hydrogène;Crit'Air E;0;0;0;0;0;2;3;3;2;3;8;15
69197;Saint-Étienne-des-Oullières;vp;Véhicule particulier;Essence;Crit'Air 1;9;26;32;46;63;87;121;171;207;258;293;324
69197;Saint-Étienne-des-Oullières;vp;Véhicule particulier;Essence;Crit'Air 2;69;78;80;84;81;70;77;80;98;98;95;93
69197;Saint-Étienne-des-Oullières;vp;Véhicule particulier;Essence;Crit'Air 3;168;169;173;172;174;175;169;171;157;147;120;109
69197;Saint-Étienne-des-Oullières;vp;Véhicule particulier;Essence;Non classé;136;137;107;100;82;74;67;60;54;44;36;39
69197;Saint-Étienne-des-Oullières;vp;Véhicule particulier;Essence HNR;Crit'Air 1;0;0;0;1;1;2;3;6;9;11;16;26
69197;Saint-Étienne-des-Oullières;vp;Véhicule particulier;Essence HNR;Crit'Air 2;0;0;0;0;0;0;0;0;1;1;2;1
69197;Saint-Étienne-des-Oullières;vp;Véhicule particulier;Gaz et inconnu;Crit'Air 1;1;2;2;1;3;3;3;1;2;2;2;2
69197;Saint-Étienne-des-Oullières;vp;Véhicule particulier;Gaz et inconnu;Non classé;7;0;0;0;0;0;0;0;0;0;1;1
69198;Saint-Étienne-la-Varenne;vp;Véhicule particulier;Diesel;Crit'Air 2;13;29;47;61;72;87;101;117;123;133;136;135
69198;Saint-Étienne-la-Varenne;vp;Véhicule particulier;Diesel;Crit'Air 3;94;98;102;95;92;94;91;92;82;73;78;72
69198;Saint-Étienne-la-Varenne;vp;Véhicule particulier;Diesel;Crit'Air 4;74;65;67;72;67;62;59;53;46;34;33;28
69198;Saint-Étienne-la-Varenne;vp;Véhicule particulier;Diesel;Crit'Air 5;28;26;21;20;18;16;15;13;14;7;3;3
69198;Saint-Étienne-la-Varenne;vp;Véhicule particulier;Diesel;Non classé;44;37;37;32;25;19;17;13;10;4;2;1
69198;Saint-Étienne-la-Varenne;vp;Véhicule particulier;Diesel HNR;Crit'Air 2;0;0;0;0;1;1;1;1;1;1;1;1
69198;Saint-Étienne-la-Varenne;vp;Véhicule particulier;Hybride rechargeable;Crit'Air 1;0;0;0;1;2;1;0;1;1;1;3;4
69198;Saint-Étienne-la-Varenne;vp;Véhicule particulier;Electrique et hydrogène;Crit'Air E;0;0;1;1;1;1;1;0;1;2;5;11
69198;Saint-Étienne-la-Varenne;vp;Véhicule particulier;Essence;Crit'Air 1;8;13;19;30;40;56;67;70;84;94;117;125
69198;Saint-Étienne-la-Varenne;vp;Véhicule particulier;Essence;Crit'Air 2;22;23;27;30;33;30;29;30;32;35;33;28
69198;Saint-Étienne-la-Varenne;vp;Véhicule particulier;Essence;Crit'Air 3;67;72;70;61;64;55;57;53;53;51;43;44
69198;Saint-Étienne-la-Varenne;vp;Véhicule particulier;Essence;Non classé;56;48;48;43;40;35;36;29;27;19;17;15
69198;Saint-Étienne-la-Varenne;vp;Véhicule particulier;Essence HNR;Crit'Air 1;0;0;0;0;0;0;1;2;4;6;5;9
69198;Saint-Étienne-la-Varenne;vp;Véhicule particulier;Gaz et inconnu;Crit'Air 1;1;1;1;1;2;3;3;4;3;4;4;3
69198;Saint-Étienne-la-Varenne;vp;Véhicule particulier;Gaz et inconnu;Non classé;9;0;0;0;0;0;0;0;0;0;0;0
69199;Saint-Fons;vp;Véhicule particulier;Diesel;Crit'Air 1;0;0;0;0;0;1;0;0;0;0;0;0
69199;Saint-Fons;vp;Véhicule particulier;Diesel;Crit'Air 2;120;406;844;1285;1493;1728;1766;1934;2204;2434;2484;2493
69199;Saint-Fons;vp;Véhicule particulier;Diesel;Crit'Air 3;1496;1558;1554;1476;1531;1644;1702;1800;1881;1872;1837;1775
69199;Saint-Fons;vp;Véhicule particulier;Diesel;Crit'Air 4;1196;1332;1347;1373;1419;1514;1489;1455;1381;1219;1033;857
69199;Saint-Fons;vp;Véhicule particulier;Diesel;Crit'Air 5;716;677;660;618;595;541;493;434;362;272;195;158
69199;Saint-Fons;vp;Véhicule particulier;Diesel;Non classé;1104;951;759;649;520;394;348;271;158;71;44;34
69199;Saint-Fons;vp;Véhicule particulier;Diesel HNR;Crit'Air 2;0;0;0;2;4;9;11;10;15;25;45;50
69199;Saint-Fons;vp;Véhicule particulier;Hybride rechargeable;Crit'Air 1;7;9;5;5;5;5;7;10;12;30;65;158
69199;Saint-Fons;vp;Véhicule particulier;Electrique et hydrogène;Crit'Air E;0;0;0;0;1;1;4;8;12;17;117;147
69199;Saint-Fons;vp;Véhicule particulier;Essence;Crit'Air 1;55;157;251;361;455;560;709;874;1175;1571;1805;1939
69199;Saint-Fons;vp;Véhicule particulier;Essence;Crit'Air 2;616;582;541;487;457;459;455;457;464;455;460;484
69199;Saint-Fons;vp;Véhicule particulier;Essence;Crit'Air 3;936;954;932;896;864;855;838;754;717;659;550;501
69199;Saint-Fons;vp;Véhicule particulier;Essence;Non classé;975;824;651;515;458;354;284;221;179;120;84;79
69199;Saint-Fons;vp;Véhicule particulier;Essence HNR;Crit'Air 1;0;0;6;4;8;15;20;25;47;58;108;136
69199;Saint-Fons;vp;Véhicule particulier;Essence HNR;Crit'Air 2;0;0;0;1;1;0;0;0;1;0;0;0
69199;Saint-Fons;vp;Véhicule particulier;Gaz et inconnu;Crit'Air 1;20;24;23;22;23;24;24;25;28;32;34;39
69199;Saint-Fons;vp;Véhicule particulier;Gaz et inconnu;Non classé;107;4;2;1;1;1;1;1;0;0;0;0
69121;Lozanne;tcp;Autocar;Diesel;Crit'Air 5;0;0;0;0;0;0;0;0;0;0;1;1
69124;Marchampt;tcp;Autobus;Diesel;Crit'Air 3;0;1;1;1;1;1;1;1;1;1;1;1
69124;Marchampt;tcp;Autocar;Diesel;Crit'Air 3;1;1;2;3;3;3;3;2;3;3;3;0
69124;Marchampt;tcp;Autocar;Diesel;Crit'Air 4;3;3;3;3;3;3;3;3;3;3;3;2
69124;Marchampt;tcp;Autocar;Diesel;Crit'Air 5;2;2;2;2;2;2;2;2;2;1;1;1
69124;Marchampt;tcp;Autocar;Diesel;Non classé;2;2;2;1;1;1;1;0;0;0;0;0
69127;Marcy-l'Étoile;tcp;Autocar;Diesel;Crit'Air 5;0;0;0;0;1;1;1;1;1;1;1;1
69133;Millery;tcp;Autocar;Diesel;Crit'Air 5;4;4;4;4;4;4;1;0;0;0;0;0
69141;Mornant;tcp;Autocar;Diesel;Crit'Air 5;14;12;12;11;10;0;0;0;0;0;0;0
69141;Mornant;tcp;Autocar;Diesel;Non classé;3;2;2;2;1;0;0;0;0;0;0;0
69155;Pomeys;tcp;Autocar;Diesel;Non classé;1;0;0;0;0;0;0;0;0;0;0;0
69157;Vindry-sur-Turdine;tcp;Autocar;Diesel;Crit'Air 5;1;1;1;0;1;0;0;0;0;0;0;0
69184;Sainte-Catherine;tcp;Autocar;Diesel;Non classé;3;3;2;2;2;0;0;0;0;0;0;0
69190;Sainte-Consorce;tcp;Autocar;Diesel;Crit'Air 5;1;0;0;0;0;0;0;0;0;0;0;0
69191;Saint-Cyr-au-Mont-d'Or;tcp;Autocar;Diesel;Crit'Air 3;0;0;0;0;0;0;0;0;0;1;1;1
69191;Saint-Cyr-au-Mont-d'Or;tcp;Autocar;Diesel;Crit'Air 4;2;2;2;2;2;2;2;2;2;2;2;2
69191;Saint-Cyr-au-Mont-d'Or;tcp;Autobus;Diesel;Non classé;0;1;1;1;1;1;1;0;0;0;0;0
69191;Saint-Cyr-au-Mont-d'Or;tcp;Autocar;Diesel;Non classé;2;2;3;2;2;0;0;1;1;1;0;0
69199;Saint-Fons;tcp;Autobus;Diesel;Crit'Air 3;0;0;0;0;1;1;1;1;1;1;1;1
69199;Saint-Fons;tcp;Autocar;Diesel;Crit'Air 3;7;9;9;9;9;8;8;6;7;8;9;7
69199;Saint-Fons;tcp;Autobus;Diesel;Crit'Air 4;2;2;2;2;2;2;2;1;1;1;1;0
69199;Saint-Fons;tcp;Autocar;Diesel;Crit'Air 4;31;32;33;32;30;30;29;22;21;21;9;7
69199;Saint-Fons;tcp;Autobus;Diesel;Crit'Air 5;4;7;5;5;3;3;2;1;1;1;1;0
69199;Saint-Fons;tcp;Autocar;Diesel;Crit'Air 5;58;59;58;57;56;54;49;41;35;27;18;8
69199;Saint-Fons;tcp;Autobus;Diesel;Non classé;3;3;3;2;1;0;0;0;0;0;0;0
69199;Saint-Fons;tcp;Autocar;Diesel;Non classé;75;63;52;42;24;16;10;10;4;4;1;1
69100;Irigny;pl;Camion;Diesel;Crit'Air 2;0;0;0;0;2;3;5;6;10;16;27;29
69100;Irigny;pl;Tracteur routier;Diesel;Crit'Air 2;0;0;0;0;0;0;0;0;0;4;13;19
69100;Irigny;pl;Camion;Diesel;Crit'Air 3;0;3;5;7;8;8;11;11;11;12;13;10
69100;Irigny;pl;VASP lourd;Diesel;Crit'Air 3;1;1;7;7;8;8;7;7;7;4;3;3
69100;Irigny;pl;Camion;Diesel;Crit'Air 4;14;14;15;18;19;19;19;18;16;14;10;8
69100;Irigny;pl;Tracteur routier;Diesel;Crit'Air 4;2;2;1;1;1;1;1;1;1;0;0;0
69100;Irigny;pl;VASP lourd;Diesel;Crit'Air 4;5;7;7;7;7;6;4;3;1;2;2;2
69100;Irigny;pl;Camion;Diesel;Crit'Air 5;31;36;32;26;21;19;18;13;10;7;4;3
69100;Irigny;pl;Tracteur routier;Diesel;Crit'Air 5;1;1;1;0;0;0;0;0;0;0;0;0
69100;Irigny;pl;VASP lourd;Diesel;Crit'Air 5;8;8;8;5;2;2;2;1;1;2;0;0
69100;Irigny;pl;Camion;Diesel;Non classé;13;10;9;6;8;8;11;9;7;8;4;4
69100;Irigny;pl;Tracteur routier;Diesel;Non classé;1;2;0;0;0;0;0;0;0;1;0;0
69100;Irigny;pl;VASP lourd;Diesel;Non classé;5;5;3;0;0;1;0;0;0;0;0;1
69102;Joux;pl;Camion;Diesel;Crit'Air 2;0;0;0;0;0;0;0;1;1;1;0;0
69102;Joux;pl;Tracteur routier;Diesel;Crit'Air 2;0;0;0;0;0;0;0;6;12;12;10;10
69102;Joux;pl;Camion;Diesel;Crit'Air 3;0;0;0;0;0;0;1;1;0;0;0;0
69102;Joux;pl;Tracteur routier;Diesel;Crit'Air 3;0;0;0;0;0;0;1;1;0;0;0;0
69102;Joux;pl;Camion;Diesel;Non classé;2;2;2;2;2;2;2;2;2;2;1;1
69103;Juliénas;pl;Camion;Diesel;Crit'Air 2;0;0;0;0;0;0;0;1;1;1;1;1
69103;Juliénas;pl;VASP lourd;Diesel;Crit'Air 2;0;0;0;0;0;0;0;0;0;0;1;1
69103;Juliénas;pl;Camion;Diesel;Crit'Air 3;0;0;1;1;1;1;1;1;1;1;1;1
69103;Juliénas;pl;VASP lourd;Diesel;Crit'Air 3;0;0;0;0;0;0;0;0;0;0;0;1
69103;Juliénas;pl;Camion;Diesel;Crit'Air 5;2;2;1;1;1;1;1;0;0;0;0;0
69103;Juliénas;pl;Tracteur routier;Diesel;Crit'Air 5;0;0;0;1;1;1;1;1;1;1;1;1
69103;Juliénas;pl;Camion;Diesel;Non classé;1;1;1;1;1;1;1;1;0;0;0;1
69103;Juliénas;pl;Tracteur routier;Diesel;Non classé;1;1;0;1;1;1;1;1;1;1;1;1
69103;Juliénas;pl;VASP lourd;Diesel;Non classé;0;0;0;0;0;0;0;0;0;1;1;1
69104;Jullié;pl;VASP lourd;Diesel;Crit'Air 3;0;0;0;0;0;0;0;0;1;1;1;1
69104;Jullié;pl;Camion;Diesel;Non classé;0;0;0;0;0;0;0;0;1;1;1;0
69105;Lacenas;pl;Camion;Diesel;Crit'Air 3;0;0;0;0;1;1;1;1;1;1;1;0
69105;Lacenas;pl;Camion;Diesel;Non classé;2;2;2;2;2;2;2;1;1;1;1;1
69106;Lachassagne;pl;Camion;Diesel;Crit'Air 2;0;0;0;0;0;1;4;5;7;8;15;35
69106;Lachassagne;pl;Tracteur routier;Diesel;Crit'Air 2;0;0;0;0;0;0;0;0;0;0;2;3
69106;Lachassagne;pl;VASP lourd;Diesel;Crit'Air 2;0;0;0;0;1;1;1;1;1;3;4;11
69106;Lachassagne;pl;Camion;Diesel;Crit'Air 3;0;0;1;4;5;5;4;4;3;3;2;3
69106;Lachassagne;pl;VASP lourd;Diesel;Crit'Air 3;0;0;0;1;1;1;2;2;2;2;2;2
69106;Lachassagne;pl;Camion;Diesel;Crit'Air 4;2;4;11;15;15;15;15;16;17;17;17;17
69106;Lachassagne;pl;VASP lourd;Diesel;Crit'Air 4;0;0;1;1;2;3;3;3;3;3;3;3
69106;Lachassagne;pl;Camion;Diesel;Crit'Air 5;2;6;5;11;11;12;11;12;13;12;12;11
69106;Lachassagne;pl;Tracteur routier;Diesel;Crit'Air 5;1;1;1;1;1;1;1;1;1;1;1;0
69106;Lachassagne;pl;VASP lourd;Diesel;Crit'Air 5;1;1;1;1;1;2;2;2;2;2;1;1
69106;Lachassagne;pl;Camion;Diesel;Non classé;4;5;7;19;17;16;15;16;14;13;12;9
69106;Lachassagne;pl;VASP lourd;Diesel;Non classé;0;0;1;4;3;2;5;4;3;3;2;2
69107;Lamure-sur-Azergues;pl;Camion;Diesel;Crit'Air 2;0;0;0;0;1;2;3;4;4;5;4;6
69107;Lamure-sur-Azergues;pl;Tracteur routier;Diesel;Crit'Air 2;0;0;0;0;2;3;4;4;10;15;20;20
69107;Lamure-sur-Azergues;pl;Camion;Diesel;Crit'Air 3;0;1;1;1;2;2;3;2;2;2;2;0
69107;Lamure-sur-Azergues;pl;Tracteur routier;Diesel;Crit'Air 3;2;2;3;5;5;5;4;6;5;3;3;3
69107;Lamure-sur-Azergues;pl;Camion;Diesel;Crit'Air 4;6;6;5;4;2;1;1;1;2;2;2;1
69107;Lamure-sur-Azergues;pl;Tracteur routier;Diesel;Crit'Air 4;0;0;1;1;1;2;2;1;1;1;1;1
69107;Lamure-sur-Azergues;pl;VASP lourd;Diesel;Crit'Air 4;1;1;0;0;0;0;0;0;0;0;0;0
69107;Lamure-sur-Azergues;pl;Camion;Diesel;Crit'Air 5;4;3;3;3;2;1;0;0;0;0;0;0
69107;Lamure-sur-Azergues;pl;Camion;Diesel;Non classé;2;2;2;3;2;2;2;2;1;1;1;2
69107;Lamure-sur-Azergues;pl;Tracteur routier;Diesel;Non classé;3;3;3;3;3;2;2;1;1;1;0;0
69108;Lancié;pl;Camion;Diesel;Crit'Air 2;0;0;0;0;0;0;1;1;1;1;1;1
69108;Lancié;pl;Camion;Diesel;Crit'Air 4;0;0;0;0;0;1;1;1;1;1;1;1
69108;Lancié;pl;Camion;Diesel;Crit'Air 5;2;2;2;2;2;2;1;1;1;1;1;1
69108;Lancié;pl;Camion;Diesel;Non classé;3;2;1;1;1;1;0;0;0;0;0;0
69108;Lancié;pl;Tracteur routier;Diesel;Non classé;0;1;1;1;1;1;1;1;1;0;0;0
69109;Lantignié;pl;Camion;Diesel;Crit'Air 2;0;0;0;0;0;0;0;0;0;1;1;3
69109;Lantignié;pl;Tracteur routier;Diesel;Crit'Air 2;0;0;0;0;0;0;0;0;0;0;1;1
69109;Lantignié;pl;Camion;Diesel;Crit'Air 4;1;1;1;1;1;1;1;1;1;1;2;1
69109;Lantignié;pl;Tracteur routier;Diesel;Crit'Air 4;2;1;1;0;0;0;0;0;0;0;0;0
69109;Lantignié;pl;Camion;Diesel;Non classé;3;2;2;2;1;1;1;1;1;0;0;0
69110;Larajasse;pl;Camion;Diesel;Crit'Air 2;0;0;0;0;1;1;2;2;2;3;3;3
69110;Larajasse;pl;VASP lourd;Diesel;Crit'Air 2;0;0;0;0;0;0;0;0;0;0;1;1
69110;Larajasse;pl;Camion;Diesel;Crit'Air 3;1;1;2;4;5;5;5;5;5;5;5;5
69110;Larajasse;pl;Tracteur routier;Diesel;Crit'Air 3;0;0;0;0;0;0;0;0;0;0;0;1
69110;Larajasse;pl;VASP lourd;Diesel;Crit'Air 3;0;0;0;0;1;1;2;2;3;3;3;2
69110;Larajasse;pl;Camion;Diesel;Crit'Air 4;1;1;1;1;2;2;1;2;2;1;1;1
69110;Larajasse;pl;Camion;Diesel;Crit'Air 5;5;5;5;2;1;1;1;1;1;1;1;1
69110;Larajasse;pl;VASP lourd;Diesel;Crit'Air 5;1;1;1;1;0;0;0;0;0;0;0;0
69110;Larajasse;pl;Camion;Diesel;Non classé;3;3;2;2;2;2;1;1;0;1;0;0
69110;Larajasse;pl;VASP lourd;Diesel;Non classé;0;0;0;0;0;0;1;1;1;0;0;0
69111;Légny;pl;Camion;Diesel;Crit'Air 3;0;0;1;1;1;1;1;1;2;2;2;1
69111;Légny;pl;VASP lourd;Diesel;Crit'Air 3;0;0;0;0;0;1;1;1;0;0;0;0
69111;Légny;pl;Tracteur routier;Diesel;Crit'Air 4;0;0;0;1;1;1;1;0;0;0;0;0
69111;Légny;pl;VASP lourd;Diesel;Crit'Air 4;0;0;1;0;0;0;0;1;0;0;0;0
69111;Légny;pl;Camion;Diesel;Non classé;4;4;3;3;3;4;4;4;2;1;1;1
69111;Légny;pl;Tracteur routier;Diesel;Non classé;1;1;1;0;0;0;0;0;0;1;0;0
69111;Légny;pl;VASP lourd;Diesel;Non classé;0;0;1;0;0;1;0;0;0;0;0;0
69112;Lentilly;pl;Camion;Diesel;Crit'Air 2;0;0;0;0;2;3;4;6;9;11;12;13
69112;Lentilly;pl;Tracteur routier;Diesel;Crit'Air 2;0;0;0;0;2;6;9;12;13;13;11;9
69112;Lentilly;pl;VASP lourd;Diesel;Crit'Air 2;0;0;0;0;0;0;1;1;1;1;1;2
69112;Lentilly;pl;Camion;Diesel;Crit'Air 3;1;5;9;13;14;14;16;15;10;6;6;5
69112;Lentilly;pl;Tracteur routier;Diesel;Crit'Air 3;0;5;7;10;10;10;8;5;5;5;5;3
69112;Lentilly;pl;VASP lourd;Diesel;Crit'Air 3;0;1;2;3;3;3;1;1;1;1;1;1
69112;Lentilly;pl;Camion;Diesel;Crit'Air 4;9;9;10;9;8;8;8;7;6;5;5;5
69112;Lentilly;pl;Tracteur routier;Diesel;Crit'Air 4;6;6;8;8;8;8;5;4;2;0;0;0
69112;Lentilly;pl;VASP lourd;Diesel;Crit'Air 4;1;1;0;0;0;0;0;0;0;0;0;0
69112;Lentilly;pl;Camion;Diesel;Crit'Air 5;14;13;13;13;10;7;8;8;8;7;7;7
69112;Lentilly;pl;Tracteur routier;Diesel;Crit'Air 5;6;5;5;3;3;2;2;0;0;0;0;0
69112;Lentilly;pl;Camion;Diesel;Non classé;11;10;9;9;8;8;7;6;7;7;7;5
69112;Lentilly;pl;Tracteur routier;Diesel;Non classé;2;1;0;0;0;0;0;0;0;0;0;0
69112;Lentilly;pl;VASP lourd;Diesel;Non classé;1;0;1;1;0;0;1;1;1;1;1;1
69112;Lentilly;pl;VASP lourd;Essence;Crit'Air 3;0;0;0;0;0;0;0;0;0;0;0;1
69113;Létra;pl;Camion;Diesel;Crit'Air 5;0;0;0;0;1;1;1;1;1;1;0;1
69113;Létra;pl;Camion;Diesel;Non classé;2;2;2;1;1;1;1;1;1;1;1;1
69115;Limas;pl;Camion;Diesel;Crit'Air 2;0;0;0;0;1;2;4;1;4;4;8;13
69115;Limas;pl;Tracteur routier;Diesel;Crit'Air 2;0;0;0;1;14;20;23;5;5;3;2;2
69115;Limas;pl;VASP lourd;Diesel;Crit'Air 2;0;0;0;0;0;0;0;0;0;0;0;1
69115;Limas;pl;Camion;Diesel;Crit'Air 3;8;18;24;25;25;11;9;8;8;9;7;6
69115;Limas;pl;Tracteur routier;Diesel;Crit'Air 3;7;18;29;34;30;21;19;5;4;3;0;0
69115;Limas;pl;VASP lourd;Diesel;Crit'Air 3;0;0;0;0;0;0;0;0;1;1;1;1
69115;Limas;pl;Camion;Diesel;Crit'Air 4;23;22;19;16;16;8;6;4;2;3;3;4
69115;Limas;pl;Tracteur routier;Diesel;Crit'Air 4;23;22;11;8;5;2;2;0;0;0;0;0
69115;Limas;pl;VASP lourd;Diesel;Crit'Air 4;0;0;0;0;0;0;0;0;1;1;1;0
69115;Limas;pl;Camion;Diesel;Crit'Air 5;28;26;23;21;20;17;16;14;10;8;8;8
69115;Limas;pl;Tracteur routier;Diesel;Crit'Air 5;4;4;2;0;1;0;0;0;0;0;0;0
69115;Limas;pl;Camion;Diesel;Non classé;29;26;23;22;19;18;15;13;12;10;10;6
69115;Limas;pl;VASP lourd;Diesel;Non classé;1;1;1;1;0;0;0;0;0;0;0;2
69116;Limonest;pl;Camion;Diesel;Crit'Air 3;0;0;0;0;0;0;0;0;0;0;0;1
69116;Limonest;pl;VASP lourd;Diesel;Crit'Air 3;0;0;1;0;0;0;0;0;0;1;1;1
69116;Limonest;pl;Camion;Diesel;Crit'Air 4;12;12;12;12;11;10;2;0;0;0;0;0
69116;Limonest;pl;Camion;Diesel;Crit'Air 5;1;1;1;2;1;1;1;1;1;1;2;1
69116;Limonest;pl;Camion;Diesel;Non classé;3;3;3;3;2;2;2;1;1;1;2;1
69116;Limonest;pl;Tracteur routier;Diesel;Non classé;0;0;0;0;0;0;0;0;0;0;1;1
69116;Limonest;pl;VASP lourd;Diesel;Non classé;1;0;1;1;1;0;0;0;0;0;0;0
69116;Limonest;pl;Camion;Gaz et inconnu;Crit'Air 1;0;0;0;0;0;0;0;0;0;0;13;13
69117;Lissieu;pl;Camion;Diesel;Crit'Air 2;0;0;0;0;0;1;6;6;6;6;9;8
69117;Lissieu;pl;Tracteur routier;Diesel;Crit'Air 2;0;0;0;0;16;52;89;123;161;182;192;192
69117;Lissieu;pl;VASP lourd;Diesel;Crit'Air 2;0;0;0;0;0;0;1;1;1;0;0;0
69117;Lissieu;pl;Camion;Diesel;Crit'Air 3;2;2;2;4;4;4;4;4;4;4;3;3
69117;Lissieu;pl;Tracteur routier;Diesel;Crit'Air 3;32;62;85;112;113;97;82;49;20;7;6;5
69117;Lissieu;pl;Camion;Diesel;Crit'Air 4;3;3;3;3;4;3;3;4;3;3;4;3
69117;Lissieu;pl;Tracteur routier;Diesel;Crit'Air 4;58;54;42;17;11;6;3;1;1;1;1;1
69117;Lissieu;pl;Camion;Diesel;Crit'Air 5;3;3;3;2;2;2;1;1;1;1;0;0
69117;Lissieu;pl;Tracteur routier;Diesel;Crit'Air 5;34;16;11;9;5;3;2;2;2;2;3;2
69117;Lissieu;pl;Camion;Diesel;Non classé;6;6;5;3;2;4;4;2;2;2;2;2
69117;Lissieu;pl;Tracteur routier;Diesel;Non classé;6;7;4;3;1;1;1;1;0;0;1;1
69117;Lissieu;pl;Camion;Diesel HNR;Crit'Air 2;0;0;0;0;0;0;0;0;0;0;0;1
69118;Loire-sur-Rhône;pl;Camion;Diesel;Crit'Air 2;0;0;0;0;1;4;4;5;5;7;5;4
69118;Loire-sur-Rhône;pl;Tracteur routier;Diesel;Crit'Air 2;0;0;0;0;0;3;7;12;16;19;17;14
69118;Loire-sur-Rhône;pl;VASP lourd;Diesel;Crit'Air 2;0;0;0;0;0;0;0;0;1;0;0;0
69118;Loire-sur-Rhône;pl;Camion;Diesel;Crit'Air 3;1;1;4;5;5;6;6;6;5;4;4;3
69118;Loire-sur-Rhône;pl;Tracteur routier;Diesel;Crit'Air 3;1;6;8;11;11;10;9;6;3;2;2;2
69118;Loire-sur-Rhône;pl;Camion;Diesel;Crit'Air 4;7;6;6;6;5;5;4;3;2;2;2;1
69118;Loire-sur-Rhône;pl;Tracteur routier;Diesel;Crit'Air 4;14;15;13;9;4;3;2;2;2;1;1;1
69118;Loire-sur-Rhône;pl;Camion;Diesel;Crit'Air 5;12;10;9;6;6;5;5;5;4;4;4;3
69118;Loire-sur-Rhône;pl;Tracteur routier;Diesel;Crit'Air 5;12;8;7;6;5;4;2;1;0;0;0;0
69118;Loire-sur-Rhône;pl;Camion;Diesel;Non classé;15;14;13;12;10;5;5;5;5;5;5;4
69118;Loire-sur-Rhône;pl;Tracteur routier;Diesel;Non classé;3;1;1;0;0;0;0;0;0;0;0;0
69118;Loire-sur-Rhône;pl;VASP lourd;Diesel;Non classé;0;0;0;0;0;0;0;0;1;1;1;1
69119;Longes;pl;Camion;Diesel;Crit'Air 2;0;0;0;0;0;0;0;0;0;0;0;1
69119;Longes;pl;Camion;Diesel;Crit'Air 4;1;0;0;0;0;0;0;0;0;0;0;0
69119;Longes;pl;Camion;Diesel;Non classé;0;0;0;0;0;0;0;0;1;2;1;0
69121;Lozanne;pl;Camion;Diesel;Crit'Air 2;0;0;0;0;0;0;0;1;1;2;2;2
69121;Lozanne;pl;Tracteur routier;Diesel;Crit'Air 2;0;0;0;0;0;0;0;0;6;6;6;6
69121;Lozanne;pl;Camion;Diesel;Crit'Air 3;0;1;5;6;7;7;2;2;2;1;1;1
69121;Lozanne;pl;Tracteur routier;Diesel;Crit'Air 3;0;0;6;9;9;9;9;9;3;3;3;3
69121;Lozanne;pl;VASP lourd;Diesel;Crit'Air 3;0;1;1;1;1;0;0;0;1;1;1;1
69121;Lozanne;pl;Camion;Diesel;Crit'Air 4;1;1;3;1;1;0;0;0;0;0;1;1
69121;Lozanne;pl;Tracteur routier;Diesel;Crit'Air 4;3;3;2;0;0;0;0;0;0;0;0;0
69121;Lozanne;pl;Camion;Diesel;Crit'Air 5;4;4;4;3;2;3;4;3;2;2;2;2
69121;Lozanne;pl;Tracteur routier;Diesel;Crit'Air 5;9;9;6;0;0;0;0;0;0;0;0;0
69121;Lozanne;pl;Camion;Diesel;Non classé;4;3;2;2;2;2;0;0;0;0;0;0
69121;Lozanne;pl;VASP lourd;Diesel;Non classé;2;1;1;1;1;1;1;0;0;0;0;0
69122;Lucenay;pl;Camion;Diesel;Crit'Air 3;0;0;0;0;1;1;1;1;2;2;2;2
69122;Lucenay;pl;Camion;Diesel;Crit'Air 4;1;1;1;1;1;1;1;1;1;2;2;2
69122;Lucenay;pl;Camion;Diesel;Crit'Air 5;1;1;1;1;1;2;2;2;2;3;2;2
69122;Lucenay;pl;Camion;Diesel;Non classé;6;4;4;3;3;2;2;2;2;2;2;2
69123;Lyon;pl;Camion;Diesel;Crit'Air 2;0;0;0;0;0;0;3;3;4;4;3;5
69123;Lyon;pl;VASP lourd;Diesel;Crit'Air 2;0;0;0;0;1;4;19;27;33;33;37;37
69123;Lyon;pl;Camion;Diesel;Crit'Air 3;0;0;0;0;0;0;1;1;2;2;2;0
69123;Lyon;pl;Tracteur routier;Diesel;Crit'Air 3;0;0;0;0;0;0;0;0;1;0;0;0
69123;Lyon;pl;Camion;Diesel;Crit'Air 4;0;0;0;0;0;0;0;0;0;1;1;1
69123;Lyon;pl;VASP lourd;Diesel;Crit'Air 4;0;0;0;0;0;0;0;0;1;1;1;1
69123;Lyon;pl;Camion;Diesel;Crit'Air 5;0;0;0;0;0;0;0;0;1;2;2;0
69123;Lyon;pl;Camion;Diesel;Non classé;0;0;0;0;0;0;0;0;1;0;0;0
69123;Lyon;pl;VASP lourd;Gaz et inconnu;Crit'Air 1;0;0;0;0;0;0;0;0;17;17;17;17
69124;Marchampt;pl;Camion;Diesel;Crit'Air 5;1;1;1;1;1;1;1;1;1;0;0;0
69124;Marchampt;pl;Camion;Diesel;Non classé;1;1;1;1;1;1;1;1;1;0;0;0
69125;Marcilly-d'Azergues;pl;Tracteur routier;Diesel;Crit'Air 2;0;0;0;0;0;0;1;4;15;17;18;17
69125;Marcilly-d'Azergues;pl;Tracteur routier;Diesel;Crit'Air 3;0;7;8;10;10;10;14;14;14;14;12;7
69125;Marcilly-d'Azergues;pl;Camion;Diesel;Crit'Air 4;1;1;1;1;1;1;3;3;3;2;1;0
69125;Marcilly-d'Azergues;pl;Tracteur routier;Diesel;Crit'Air 4;10;10;11;10;11;11;13;10;5;1;1;1
69125;Marcilly-d'Azergues;pl;VASP lourd;Diesel;Crit'Air 4;0;0;0;0;0;0;0;0;0;0;0;0
69125;Marcilly-d'Azergues;pl;Camion;Diesel;Crit'Air 5;2;2;2;2;5;5;8;11;7;4;5;5
69125;Marcilly-d'Azergues;pl;Tracteur routier;Diesel;Crit'Air 5;14;13;7;6;6;5;5;2;0;0;0;0
69125;Marcilly-d'Azergues;pl;Camion;Diesel;Non classé;4;6;6;4;5;4;5;4;3;3;3;2
69126;Marcy;pl;Camion;Diesel;Crit'Air 2;0;0;0;0;0;0;0;3;4;4;4;4
69126;Marcy;pl;Tracteur routier;Diesel;Crit'Air 2;0;0;0;0;2;4;10;13;22;27;29;33
69126;Marcy;pl;Camion;Diesel;Crit'Air 3;0;0;0;0;0;1;1;1;4;4;4;4
69126;Marcy;pl;Tracteur routier;Diesel;Crit'Air 3;0;1;1;1;1;1;1;1;10;10;7;5
69126;Marcy;pl;Tracteur routier;Diesel;Crit'Air 4;3;3;2;2;3;3;2;2;3;1;1;1
69126;Marcy;pl;Camion;Diesel;Crit'Air 5;1;1;1;1;1;1;1;1;1;1;1;1
69126;Marcy;pl;Tracteur routier;Diesel;Crit'Air 5;5;4;3;2;1;1;0;0;0;0;0;1
69126;Marcy;pl;Camion;Diesel;Non classé;1;1;0;1;1;1;0;0;0;0;0;0
69126;Marcy;pl;Tracteur routier;Gaz et inconnu;Crit'Air 1;0;1;1;0;0;0;0;0;0;0;0;0
69127;Marcy-l'Étoile;pl;Camion;Diesel;Crit'Air 2;0;0;0;0;1;1;1;1;1;1;0;1
69127;Marcy-l'Étoile;pl;Tracteur routier;Diesel;Crit'Air 2;0;0;0;0;0;0;0;0;0;0;2;1
69127;Marcy-l'Étoile;pl;VASP lourd;Diesel;Crit'Air 2;0;0;0;0;0;0;0;1;1;1;1;1
69127;Marcy-l'Étoile;pl;Camion;Diesel;Crit'Air 3;0;0;3;6;6;6;6;5;3;3;0;0
69127;Marcy-l'Étoile;pl;VASP lourd;Diesel;Crit'Air 3;0;0;0;0;0;0;0;0;1;0;0;0
69127;Marcy-l'Étoile;pl;Camion;Diesel;Crit'Air 4;3;3;3;3;3;3;3;2;0;0;0;0
69127;Marcy-l'Étoile;pl;VASP lourd;Diesel;Crit'Air 4;1;1;1;1;1;1;1;1;1;1;1;1
69127;Marcy-l'Étoile;pl;Camion;Diesel;Crit'Air 5;4;7;7;3;1;1;1;1;1;1;1;1
69127;Marcy-l'Étoile;pl;Camion;Diesel;Non classé;3;3;2;3;4;5;5;4;2;1;1;1
69127;Marcy-l'Étoile;pl;VASP lourd;Diesel;Non classé;1;2;2;2;2;2;2;2;2;2;2;2
69127;Marcy-l'Étoile;pl;Camion;Electrique et hydrogène;Crit'Air E;0;0;0;0;0;0;0;0;1;1;1;1
69127;Marcy-l'Étoile;pl;VASP lourd;Essence;Non classé;0;0;0;0;0;0;0;0;0;0;0;0
69130;Meaux-la-Montagne;pl;Camion;Diesel;Crit'Air 2;0;0;0;0;0;0;0;0;1;1;1;1
69130;Meaux-la-Montagne;pl;VASP lourd;Diesel;Crit'Air 2;0;0;0;0;0;0;0;0;0;0;0;0
69130;Meaux-la-Montagne;pl;Camion;Diesel;Crit'Air 3;0;0;0;0;0;0;1;1;0;0;0;0
69130;Meaux-la-Montagne;pl;VASP lourd;Diesel;Crit'Air 3;0;0;0;1;1;1;1;1;1;0;0;0
69130;Meaux-la-Montagne;pl;Camion;Diesel;Crit'Air 5;1;1;1;0;0;0;0;0;0;0;0;0
69131;Messimy;pl;Camion;Diesel;Crit'Air 2;0;0;0;0;0;2;2;2;2;3;4;6
69131;Messimy;pl;Tracteur routier;Diesel;Crit'Air 2;0;0;0;0;1;1;1;1;1;1;1;1
69131;Messimy;pl;VASP lourd;Diesel;Crit'Air 2;0;0;0;0;0;0;0;0;0;0;1;1
69131;Messimy;pl;Camion;Diesel;Crit'Air 3;0;0;0;0;1;1;1;1;1;2;2;2
69131;Messimy;pl;VASP lourd;Diesel;Crit'Air 3;0;0;0;1;2;2;2;2;3;3;2;2
69131;Messimy;pl;Camion;Diesel;Crit'Air 4;3;3;4;5;5;5;5;5;6;6;5;5
69131;Messimy;pl;Tracteur routier;Diesel;Crit'Air 4;1;1;1;1;1;1;1;2;2;2;2;2
69131;Messimy;pl;Camion;Diesel;Crit'Air 5;0;0;1;1;1;1;1;1;1;1;1;1
69131;Messimy;pl;Tracteur routier;Diesel;Crit'Air 5;1;1;1;1;1;1;1;0;0;0;0;0
69131;Messimy;pl;Camion;Diesel;Non classé;7;8;6;5;5;4;5;5;4;3;3;2
69131;Messimy;pl;VASP lourd;Diesel;Non classé;1;1;0;1;1;1;0;0;0;0;0;0
69132;Meys;pl;Tracteur routier;Diesel;Crit'Air 2;0;0;0;0;0;0;0;0;0;0;1;1
69132;Meys;pl;VASP lourd;Diesel;Crit'Air 3;0;0;0;0;0;0;1;1;1;1;1;1
69132;Meys;pl;Camion;Diesel;Crit'Air 4;1;0;0;0;0;0;0;0;0;0;0;0
69132;Meys;pl;Tracteur routier;Diesel;Crit'Air 4;1;1;0;0;0;0;0;0;0;0;0;0
69132;Meys;pl;Camion;Diesel;Crit'Air 5;1;1;1;1;0;0;0;0;0;0;0;0
69132;Meys;pl;Tracteur routier;Diesel;Crit'Air 5;0;0;0;0;0;1;1;1;1;1;0;0
69132;Meys;pl;Camion;Diesel;Non classé;2;1;1;1;1;1;1;1;1;1;1;1
69132;Meys;pl;Tracteur routier;Diesel;Non classé;1;1;1;1;1;1;0;0;0;0;0;0
69133;Millery;pl;Camion;Diesel;Crit'Air 2;0;0;0;0;0;0;1;1;1;1;9;8
69133;Millery;pl;Tracteur routier;Diesel;Crit'Air 2;0;0;0;0;0;0;1;1;1;1;7;5
69133;Millery;pl;Camion;Diesel;Crit'Air 3;0;2;9;7;7;7;7;7;7;7;0;0
69133;Millery;pl;VASP lourd;Diesel;Crit'Air 3;0;1;2;2;2;1;1;1;0;0;0;0
69133;Millery;pl;Camion;Diesel;Crit'Air 4;3;2;3;3;2;2;1;0;0;0;0;1
69133;Millery;pl;Tracteur routier;Diesel;Crit'Air 4;1;1;1;1;1;1;0;0;0;0;0;0
69133;Millery;pl;Camion;Diesel;Crit'Air 5;2;3;5;3;1;1;3;3;3;2;2;2
69133;Millery;pl;VASP lourd;Diesel;Crit'Air 5;1;1;1;1;1;0;0;0;0;0;0;0
69133;Millery;pl;Camion;Diesel;Non classé;6;6;6;6;2;3;2;1;1;1;1;1
69133;Millery;pl;Tracteur routier;Diesel;Non classé;1;1;1;0;0;0;0;0;0;0;0;0
69134;Moiré;pl;Camion;Diesel;Crit'Air 4;5;3;2;0;0;0;0;0;0;0;0;0
69134;Moiré;pl;Tracteur routier;Diesel;Crit'Air 4;4;4;2;1;0;0;0;0;0;0;0;0
69134;Moiré;pl;Camion;Diesel;Crit'Air 5;2;2;0;0;0;0;0;0;0;0;0;0
69134;Moiré;pl;Tracteur routier;Diesel;Crit'Air 5;1;1;0;0;0;0;0;0;0;0;0;0
69134;Moiré;pl;Tracteur routier;Diesel;Non classé;3;2;2;0;0;0;0;0;0;0;0;0
69135;Deux-Grosnes;pl;Camion;Diesel;Crit'Air 2;0;0;0;0;0;1;1;2;3;3;4;4
69135;Deux-Grosnes;pl;Camion;Diesel;Crit'Air 3;0;0;1;2;2;2;2;2;2;2;1;1
69135;Deux-Grosnes;pl;Camion;Diesel;Crit'Air 4;1;1;2;1;1;1;1;0;0;1;1;2
69135;Deux-Grosnes;pl;Camion;Diesel;Crit'Air 5;2;2;3;3;2;2;3;3;4;5;4;4
69135;Deux-Grosnes;pl;Tracteur routier;Diesel;Crit'Air 5;2;1;0;0;1;0;0;0;0;0;0;0
69135;Deux-Grosnes;pl;Camion;Diesel;Non classé;10;9;10;10;6;5;5;5;6;6;2;3
69135;Deux-Grosnes;pl;VASP lourd;Diesel;Non classé;0;0;1;0;0;0;0;0;0;0;0;0
69136;Montagny;pl;Camion;Diesel;Crit'Air 2;0;0;0;0;0;1;2;2;3;4;3;4
69136;Montagny;pl;Tracteur routier;Diesel;Crit'Air 2;0;0;0;0;0;10;11;10;10;8;6;4
69136;Montagny;pl;VASP lourd;Diesel;Crit'Air 2;0;0;0;0;0;0;0;0;0;0;2;2
69136;Montagny;pl;Camion;Diesel;Crit'Air 3;2;2;2;3;3;3;3;3;3;3;3;3
69136;Montagny;pl;VASP lourd;Diesel;Crit'Air 3;0;0;0;0;1;1;1;1;1;1;1;1
69136;Montagny;pl;Camion;Diesel;Crit'Air 4;9;9;8;11;13;14;12;10;9;9;7;7
69136;Montagny;pl;Tracteur routier;Diesel;Crit'Air 4;2;2;3;3;3;2;2;2;1;1;1;1
69136;Montagny;pl;VASP lourd;Diesel;Crit'Air 4;1;1;1;1;1;1;1;1;1;0;1;1
69136;Montagny;pl;Camion;Diesel;Crit'Air 5;12;11;12;10;10;9;9;9;8;10;10;9
69136;Montagny;pl;Tracteur routier;Diesel;Crit'Air 5;1;2;2;2;2;1;1;1;1;1;1;1
69136;Montagny;pl;VASP lourd;Diesel;Crit'Air 5;2;2;2;3;4;4;3;3;3;2;3;2
69136;Montagny;pl;Camion;Diesel;Non classé;15;13;11;7;7;7;8;7;5;4;3;3
69136;Montagny;pl;Tracteur routier;Diesel;Non classé;1;1;1;1;1;1;1;1;0;0;0;0
69136;Montagny;pl;VASP lourd;Diesel;Non classé;3;3;3;2;1;1;1;0;0;0;1;1
69137;Montmelas-Saint-Sorlin;pl;Camion;Diesel;Non classé;0;0;0;1;1;0;0;0;0;0;0;0
69138;Montromant;pl;Camion;Diesel;Non classé;0;0;0;0;0;0;1;0;0;0;0;0
69139;Montrottier;pl;VASP lourd;Diesel;Crit'Air 2;0;0;0;0;0;0;0;0;0;0;1;1
69139;Montrottier;pl;Camion;Diesel;Crit'Air 3;1;1;1;1;1;1;1;1;1;1;1;1
69139;Montrottier;pl;VASP lourd;Diesel;Crit'Air 3;0;0;0;0;1;1;1;1;1;1;0;0
69139;Montrottier;pl;Camion;Diesel;Crit'Air 5;0;0;0;0;0;1;1;1;1;1;1;1
69139;Montrottier;pl;VASP lourd;Diesel;Crit'Air 5;0;0;1;1;1;0;1;0;0;0;0;0
69139;Montrottier;pl;Camion;Diesel;Non classé;2;2;2;2;2;0;0;0;0;0;0;1
69139;Montrottier;pl;VASP lourd;Diesel;Non classé;0;0;0;0;0;0;0;0;0;0;0;1
69140;Morancé;pl;Camion;Diesel;Crit'Air 2;0;0;0;0;0;0;0;0;1;6;8;8
69140;Morancé;pl;Tracteur routier;Diesel;Crit'Air 2;0;0;0;0;0;0;1;1;3;3;4;3
69140;Morancé;pl;VASP lourd;Diesel;Crit'Air 2;0;0;0;0;0;0;0;0;0;0;0;1
69140;Morancé;pl;Camion;Diesel;Crit'Air 3;0;2;2;2;2;2;2;2;5;3;2;2
69140;Morancé;pl;Tracteur routier;Diesel;Crit'Air 3;0;0;0;0;0;0;1;0;0;0;0;0
69140;Morancé;pl;VASP lourd;Diesel;Crit'Air 3;0;0;1;1;2;2;2;2;1;1;0;0
69140;Morancé;pl;Camion;Diesel;Crit'Air 4;2;2;2;2;2;2;2;2;2;2;2;4
69140;Morancé;pl;VASP lourd;Diesel;Crit'Air 4;0;0;0;0;0;0;0;0;1;1;1;1
69140;Morancé;pl;Camion;Diesel;Crit'Air 5;3;3;3;3;3;2;2;2;1;1;1;0
69140;Morancé;pl;Tracteur routier;Diesel;Crit'Air 5;3;3;2;2;2;2;2;2;1;0;0;0
69140;Morancé;pl;Camion;Diesel;Non classé;2;2;2;1;1;1;1;1;0;0;0;1
69140;Morancé;pl;Tracteur routier;Diesel;Non classé;1;1;1;1;1;1;1;1;0;0;0;0
69140;Morancé;pl;VASP lourd;Diesel;Non classé;1;1;2;2;1;1;1;1;0;0;0;0
69141;Mornant;pl;Camion;Diesel;Crit'Air 2;0;0;0;0;2;5;14;23;27;41;40;39
69141;Mornant;pl;Tracteur routier;Diesel;Crit'Air 2;0;0;0;1;11;17;18;18;10;4;14;17
69141;Mornant;pl;VASP lourd;Diesel;Crit'Air 2;0;0;0;0;0;0;0;1;1;1;2;2
69141;Mornant;pl;Camion;Diesel;Crit'Air 3;4;14;18;23;24;24;23;23;17;12;9;8
69141;Mornant;pl;Tracteur routier;Diesel;Crit'Air 3;6;14;38;46;45;40;21;8;7;8;9;5
69141;Mornant;pl;VASP lourd;Diesel;Crit'Air 3;0;0;3;3;3;3;5;4;4;4;2;2
69141;Mornant;pl;Camion;Diesel;Crit'Air 4;27;30;28;17;12;10;5;7;5;6;4;6
69141;Mornant;pl;Tracteur routier;Diesel;Crit'Air 4;24;17;12;5;2;2;0;0;0;0;0;0
69141;Mornant;pl;Camion;Diesel;Crit'Air 5;16;16;14;12;15;9;8;8;7;7;7;7
69141;Mornant;pl;Tracteur routier;Diesel;Crit'Air 5;10;2;2;2;0;0;0;0;3;2;2;2
69141;Mornant;pl;VASP lourd;Diesel;Crit'Air 5;0;1;1;1;1;1;0;0;0;0;0;0
69141;Mornant;pl;Camion;Diesel;Non classé;20;17;13;16;11;13;12;9;8;7;7;5
69141;Mornant;pl;Tracteur routier;Diesel;Non classé;1;2;1;0;0;0;0;0;0;0;0;0
69141;Mornant;pl;VASP lourd;Diesel;Non classé;2;2;1;1;1;1;1;0;1;1;1;1
69142;La Mulatière;pl;Tracteur routier;Diesel;Crit'Air 2;0;0;0;0;0;0;0;0;0;0;1;2
69142;La Mulatière;pl;Camion;Diesel;Crit'Air 4;1;1;1;1;1;1;1;1;1;2;2;2
69142;La Mulatière;pl;Tracteur routier;Diesel;Crit'Air 5;0;0;0;0;0;0;0;0;1;1;1;1
69142;La Mulatière;pl;Camion;Diesel;Non classé;2;2;1;1;1;1;1;1;0;0;0;0
69143;Neuville-sur-Saône;pl;Camion;Diesel;Crit'Air 2;0;0;0;0;0;1;1;1;1;1;1;2
69143;Neuville-sur-Saône;pl;Tracteur routier;Diesel;Crit'Air 2;0;0;0;0;0;0;0;2;4;6;6;12
69143;Neuville-sur-Saône;pl;VASP lourd;Diesel;Crit'Air 2;0;0;0;0;0;1;1;1;1;0;0;0
69143;Neuville-sur-Saône;pl;Camion;Diesel;Crit'Air 3;0;0;0;0;0;1;1;1;0;0;1;3
69143;Neuville-sur-Saône;pl;Tracteur routier;Diesel;Crit'Air 3;0;1;1;0;0;0;0;1;1;1;0;0
69143;Neuville-sur-Saône;pl;Camion;Diesel;Crit'Air 4;3;4;4;4;5;6;6;7;7;5;5;5
69143;Neuville-sur-Saône;pl;VASP lourd;Diesel;Crit'Air 4;0;1;1;1;1;0;0;1;1;1;0;0
69143;Neuville-sur-Saône;pl;Camion;Diesel;Crit'Air 5;6;7;8;8;3;3;3;4;5;5;5;5
69143;Neuville-sur-Saône;pl;Tracteur routier;Diesel;Crit'Air 5;1;1;0;0;0;0;0;0;0;0;0;0
69143;Neuville-sur-Saône;pl;VASP lourd;Diesel;Crit'Air 5;2;2;2;2;1;0;0;0;0;0;0;0
69143;Neuville-sur-Saône;pl;Camion;Diesel;Non classé;5;3;2;1;2;2;1;2;2;2;3;3
69143;Neuville-sur-Saône;pl;Tracteur routier;Diesel;Non classé;0;0;0;0;1;1;1;0;0;0;0;0
69143;Neuville-sur-Saône;pl;VASP lourd;Diesel;Non classé;1;3;1;2;2;2;2;0;1;2;2;0
69145;Odenas;pl;VASP lourd;Diesel;Crit'Air 2;0;0;0;0;0;0;0;0;0;0;0;0
69145;Odenas;pl;VASP lourd;Diesel;Crit'Air 4;0;0;0;1;0;0;0;0;0;0;0;0
69145;Odenas;pl;Camion;Diesel;Non classé;0;0;0;1;1;0;0;0;0;0;0;0
69148;Orliénas;pl;Camion;Diesel;Crit'Air 2;0;0;0;0;0;0;0;0;0;1;2;4
69148;Orliénas;pl;VASP lourd;Diesel;Crit'Air 2;0;0;0;0;0;0;0;0;0;1;1;0
69148;Orliénas;pl;Camion;Diesel;Crit'Air 3;0;1;1;1;1;1;1;1;1;1;1;1
69148;Orliénas;pl;VASP lourd;Diesel;Crit'Air 3;0;0;1;1;1;2;2;1;1;1;1;1
69148;Orliénas;pl;Camion;Diesel;Crit'Air 4;0;0;0;0;1;1;1;1;1;1;1;1
69148;Orliénas;pl;Tracteur routier;Diesel;Crit'Air 4;1;0;0;0;0;0;0;0;0;0;0;0
69148;Orliénas;pl;Camion;Diesel;Crit'Air 5;1;1;2;2;3;3;3;3;3;3;3;3
69148;Orliénas;pl;Camion;Diesel;Non classé;6;6;6;6;4;4;4;4;3;3;3;2
69148;Orliénas;pl;VASP lourd;Diesel;Non classé;0;0;0;0;0;0;0;0;0;0;1;1
69149;Oullins;pl;Camion;Diesel;Crit'Air 2;0;0;0;0;0;0;0;0;1;1;1;1
69149;Oullins;pl;Tracteur routier;Diesel;Crit'Air 2;0;0;0;0;1;2;2;2;2;2;1;2
69149;Oullins;pl;VASP lourd;Diesel;Crit'Air 2;0;0;0;0;0;1;0;1;3;3;3;3
69149;Oullins;pl;Camion;Diesel;Crit'Air 3;0;0;0;0;0;0;0;1;1;1;2;2
69149;Oullins;pl;Tracteur routier;Diesel;Crit'Air 3;0;0;0;0;0;1;1;3;3;3;2;2
69149;Oullins;pl;VASP lourd;Diesel;Crit'Air 3;0;0;0;0;0;1;1;1;2;1;1;1
69149;Oullins;pl;Camion;Diesel;Crit'Air 4;1;1;0;0;0;0;1;3;3;3;3;3
69149;Oullins;pl;Tracteur routier;Diesel;Crit'Air 4;0;3;0;0;0;0;0;0;0;0;0;0
69149;Oullins;pl;VASP lourd;Diesel;Crit'Air 4;2;1;1;1;0;0;0;0;0;0;0;0
69149;Oullins;pl;Camion;Diesel;Crit'Air 5;2;2;1;2;2;2;2;0;0;1;1;1
69149;Oullins;pl;Tracteur routier;Diesel;Crit'Air 5;2;3;3;3;3;2;1;1;0;0;0;0
69149;Oullins;pl;VASP lourd;Diesel;Crit'Air 5;1;1;1;1;1;1;1;1;1;1;1;1
69149;Oullins;pl;Camion;Diesel;Non classé;8;7;8;7;6;6;3;3;1;1;1;0
69149;Oullins;pl;Tracteur routier;Diesel;Non classé;4;4;1;1;1;0;0;0;0;0;0;0
69149;Oullins;pl;VASP lourd;Diesel;Non classé;1;1;1;1;1;1;0;1;1;1;1;0
69149;Oullins;pl;Camion;Essence;Non classé;0;0;0;0;0;0;1;0;0;0;0;0
69151;Le Perréon;pl;Camion;Diesel;Crit'Air 2;0;0;0;0;2;2;2;3;4;7;10;9
69151;Le Perréon;pl;Tracteur routier;Diesel;Crit'Air 2;0;0;0;0;0;1;2;2;2;1;0;2
69151;Le Perréon;pl;Camion;Diesel;Crit'Air 3;1;1;3;4;4;3;3;3;3;3;3;3
69151;Le Perréon;pl;Camion;Diesel;Crit'Air 4;5;5;6;5;5;5;4;3;2;1;1;1
69151;Le Perréon;pl;Camion;Diesel;Crit'Air 5;7;6;7;6;5;5;4;3;2;2;2;1
69151;Le Perréon;pl;VASP lourd;Diesel;Crit'Air 5;0;0;0;0;0;0;0;0;1;0;0;0
69151;Le Perréon;pl;Camion;Diesel;Non classé;11;12;10;7;7;6;7;6;4;5;4;3
69151;Le Perréon;pl;VASP lourd;Diesel;Non classé;0;0;0;0;0;0;0;0;0;0;0;1
69151;Le Perréon;pl;Camion;Essence;Non classé;1;1;1;1;1;0;0;0;0;0;0;0
69152;Pierre-Bénite;pl;Camion;Diesel;Crit'Air 2;0;0;0;0;2;5;8;21;32;49;60;63
69152;Pierre-Bénite;pl;Tracteur routier;Diesel;Crit'Air 2;0;0;0;0;19;32;56;58;71;102;106;104
69152;Pierre-Bénite;pl;VASP lourd;Diesel;Crit'Air 2;0;0;0;0;0;0;0;0;0;1;1;1
69152;Pierre-Bénite;pl;Camion;Diesel;Crit'Air 3;5;17;24;32;36;38;34;40;44;41;34;32
69152;Pierre-Bénite;pl;Tracteur routier;Diesel;Crit'Air 3;24;61;64;71;68;76;68;64;49;38;4;3
69152;Pierre-Bénite;pl;VASP lourd;Diesel;Crit'Air 3;2;2;2;2;2;2;2;2;2;2;2;2
69152;Pierre-Bénite;pl;Camion;Diesel;Crit'Air 4;39;39;39;37;35;34;36;35;34;30;23;16
69152;Pierre-Bénite;pl;Tracteur routier;Diesel;Crit'Air 4;57;58;44;40;29;28;20;6;4;2;1;1
69152;Pierre-Bénite;pl;Camion;Diesel;Crit'Air 5;44;47;46;38;33;34;29;24;20;15;11;10
69152;Pierre-Bénite;pl;Tracteur routier;Diesel;Crit'Air 5;24;14;4;3;4;4;2;1;1;0;0;0
69152;Pierre-Bénite;pl;Camion;Diesel;Non classé;28;29;23;20;16;15;14;11;9;6;2;2
69152;Pierre-Bénite;pl;Tracteur routier;Diesel;Non classé;8;4;1;1;1;1;1;2;1;1;1;1
69152;Pierre-Bénite;pl;VASP lourd;Diesel;Non classé;1;1;1;1;1;1;2;1;1;2;1;0
69152;Pierre-Bénite;pl;Tracteur routier;Gaz et inconnu;Crit'Air 1;0;0;0;0;0;0;0;1;1;1;1;1
69153;Poleymieux-au-Mont-d'Or;pl;VASP lourd;Diesel;Crit'Air 3;0;0;0;0;0;0;1;1;1;1;1;0
69154;Pollionnay;pl;Camion;Diesel;Crit'Air 2;0;0;0;0;0;1;1;1;2;2;3;3
69154;Pollionnay;pl;Tracteur routier;Diesel;Crit'Air 2;0;0;0;0;0;0;0;1;1;1;2;2
69154;Pollionnay;pl;VASP lourd;Diesel;Crit'Air 2;0;0;0;0;0;0;0;0;0;0;1;1
69154;Pollionnay;pl;Camion;Diesel;Crit'Air 3;1;0;0;3;3;3;3;3;3;3;3;3
69154;Pollionnay;pl;VASP lourd;Diesel;Crit'Air 3;0;0;0;0;0;0;0;1;1;1;1;1
69154;Pollionnay;pl;Camion;Diesel;Crit'Air 4;2;3;3;2;2;2;2;2;2;2;2;0
69154;Pollionnay;pl;Tracteur routier;Diesel;Crit'Air 4;0;1;1;1;1;1;1;1;1;1;1;1
69154;Pollionnay;pl;VASP lourd;Diesel;Crit'Air 4;1;1;1;1;1;1;1;0;0;0;0;0
69154;Pollionnay;pl;Camion;Diesel;Crit'Air 5;2;2;2;2;3;3;3;3;2;3;3;3
69154;Pollionnay;pl;Tracteur routier;Diesel;Crit'Air 5;1;1;1;1;1;1;1;1;0;0;0;0
69154;Pollionnay;pl;Camion;Diesel;Non classé;7;5;5;6;4;2;3;2;1;1;1;2
69154;Pollionnay;pl;Tracteur routier;Diesel;Non classé;1;1;0;1;1;1;0;1;1;1;0;0
69154;Pollionnay;pl;VASP lourd;Diesel;Non classé;0;0;0;1;1;0;0;0;0;0;0;0
69155;Pomeys;pl;Tracteur routier;Diesel;Crit'Air 2;0;0;0;0;0;0;0;0;0;1;1;1
69155;Pomeys;pl;VASP lourd;Diesel;Crit'Air 2;0;0;0;0;0;0;0;0;1;1;1;1
69155;Pomeys;pl;VASP lourd;Diesel;Crit'Air 3;0;0;0;0;0;0;0;0;0;1;2;2
69155;Pomeys;pl;Camion;Diesel;Crit'Air 4;1;1;0;0;0;0;0;0;0;0;0;1
69155;Pomeys;pl;Tracteur routier;Diesel;Crit'Air 4;1;1;1;1;1;1;1;1;1;0;0;0
69155;Pomeys;pl;Camion;Diesel;Non classé;0;0;0;0;0;0;0;0;0;0;0;0
69155;Pomeys;pl;VASP lourd;Gaz et inconnu;Crit'Air 1;0;0;0;0;0;0;0;0;0;0;1;1
69156;Pommiers;pl;VASP lourd;Diesel;Crit'Air 3;0;0;0;0;0;0;0;1;1;1;1;1
69156;Pommiers;pl;Camion;Diesel;Crit'Air 5;1;1;1;1;1;0;0;0;1;0;0;0
69156;Pommiers;pl;Camion;Diesel;Non classé;2;2;1;1;1;0;0;0;0;0;0;0
69156;Pommiers;pl;VASP lourd;Diesel;Non classé;0;1;1;0;0;0;0;0;0;0;0;0
69157;Vindry-sur-Turdine;pl;Camion;Diesel;Crit'Air 2;0;0;0;0;1;5;7;13;16;20;24;14
69157;Vindry-sur-Turdine;pl;Tracteur routier;Diesel;Crit'Air 2;0;0;0;0;1;1;1;1;1;1;1;1
69157;Vindry-sur-Turdine;pl;VASP lourd;Diesel;Crit'Air 2;0;0;0;0;0;0;0;1;1;1;1;0
69157;Vindry-sur-Turdine;pl;Camion;Diesel;Crit'Air 3;3;4;6;8;14;14;16;12;11;8;7;7
69157;Vindry-sur-Turdine;pl;VASP lourd;Diesel;Crit'Air 3;0;0;0;0;0;0;0;1;1;1;1;1
69157;Vindry-sur-Turdine;pl;Camion;Diesel;Crit'Air 4;3;3;4;6;7;6;5;6;6;6;5;7
69157;Vindry-sur-Turdine;pl;VASP lourd;Diesel;Crit'Air 4;0;0;0;0;0;0;0;0;0;0;2;2
69157;Vindry-sur-Turdine;pl;Camion;Diesel;Crit'Air 5;10;8;5;6;6;6;7;6;6;6;7;6
69157;Vindry-sur-Turdine;pl;Tracteur routier;Diesel;Crit'Air 5;1;1;1;1;1;1;1;2;2;2;2;1
69157;Vindry-sur-Turdine;pl;Camion;Diesel;Non classé;7;7;7;5;5;4;6;5;3;2;2;3
69157;Vindry-sur-Turdine;pl;Tracteur routier;Diesel;Non classé;3;3;3;3;3;2;2;0;0;0;0;0
69157;Vindry-sur-Turdine;pl;VASP lourd;Diesel;Non classé;0;0;1;1;1;1;1;1;1;0;0;0
69159;Porte des Pierres Dorées;pl;Camion;Diesel;Crit'Air 2;0;0;0;0;0;0;0;2;3;4;4;6
69159;Porte des Pierres Dorées;pl;Camion;Diesel;Crit'Air 3;1;0;0;0;0;0;0;1;2;2;1;1
69159;Porte des Pierres Dorées;pl;VASP lourd;Diesel;Crit'Air 3;0;0;0;1;1;1;1;1;1;1;1;1
69159;Porte des Pierres Dorées;pl;Camion;Diesel;Crit'Air 4;6;6;6;6;5;5;5;5;4;4;4;3
69159;Porte des Pierres Dorées;pl;Tracteur routier;Diesel;Crit'Air 4;1;0;0;0;0;0;0;0;0;0;0;0
69159;Porte des Pierres Dorées;pl;Camion;Diesel;Crit'Air 5;2;2;0;0;0;1;2;3;3;3;3;2
69159;Porte des Pierres Dorées;pl;VASP lourd;Diesel;Crit'Air 5;0;1;2;2;2;2;2;1;1;1;1;1
69159;Porte des Pierres Dorées;pl;Camion;Diesel;Non classé;8;7;6;6;6;6;7;6;5;3;2;2
69159;Porte des Pierres Dorées;pl;Tracteur routier;Diesel;Non classé;1;1;1;1;1;1;1;0;0;1;1;0
69159;Porte des Pierres Dorées;pl;VASP lourd;Diesel;Non classé;1;1;1;0;0;0;0;0;0;0;0;0
69160;Poule-les-Écharmeaux;pl;Camion;Diesel;Crit'Air 3;0;0;0;0;0;0;0;0;0;1;1;1
69160;Poule-les-Écharmeaux;pl;VASP lourd;Diesel;Crit'Air 3;0;0;0;0;1;0;0;0;0;0;0;0
69160;Poule-les-Écharmeaux;pl;Camion;Diesel;Crit'Air 4;0;0;0;1;0;0;0;0;0;0;0;0
69160;Poule-les-Écharmeaux;pl;Tracteur routier;Diesel;Crit'Air 4;0;0;0;0;1;1;0;0;0;0;0;0
69160;Poule-les-Écharmeaux;pl;Camion;Diesel;Crit'Air 5;0;1;1;1;1;1;1;1;1;1;1;1
69160;Poule-les-Écharmeaux;pl;Tracteur routier;Diesel;Crit'Air 5;0;0;0;0;0;1;1;0;0;0;0;0
69160;Poule-les-Écharmeaux;pl;Camion;Diesel;Non classé;8;7;6;4;3;4;4;4;4;4;4;4
69160;Poule-les-Écharmeaux;pl;VASP lourd;Diesel;Non classé;1;1;0;1;0;1;1;1;1;1;1;0
69161;Propières;pl;Tracteur routier;Diesel;Crit'Air 2;0;0;0;0;1;3;4;5;5;0;0;0
69161;Propières;pl;Tracteur routier;Diesel;Crit'Air 3;1;1;3;4;6;6;5;4;1;0;0;0
69161;Propières;pl;Camion;Diesel;Crit'Air 4;2;2;2;2;3;3;3;2;2;2;2;2
69161;Propières;pl;Tracteur routier;Diesel;Crit'Air 4;2;2;2;2;2;0;0;0;0;0;0;0
69161;Propières;pl;VASP lourd;Diesel;Crit'Air 4;0;0;0;0;0;0;1;1;1;1;1;1
69161;Propières;pl;Camion;Diesel;Crit'Air 5;3;2;2;2;0;0;1;2;2;2;2;2
69161;Propières;pl;Tracteur routier;Diesel;Crit'Air 5;5;4;3;2;1;1;1;1;0;0;0;0
69161;Propières;pl;Camion;Diesel;Non classé;3;2;3;3;3;2;2;0;0;1;1;2
69161;Propières;pl;Tracteur routier;Diesel;Non classé;2;1;1;1;1;1;1;1;1;1;1;1
69162;Quincié-en-Beaujolais;pl;Camion;Diesel;Crit'Air 2;0;0;0;0;0;0;0;0;0;0;0;1
69162;Quincié-en-Beaujolais;pl;Camion;Diesel;Crit'Air 3;0;2;2;2;2;1;1;1;1;1;1;1
69162;Quincié-en-Beaujolais;pl;VASP lourd;Diesel;Crit'Air 3;0;0;0;0;0;1;0;0;0;0;0;0
69162;Quincié-en-Beaujolais;pl;Camion;Diesel;Crit'Air 4;8;8;8;8;8;4;4;4;4;4;4;3
69162;Quincié-en-Beaujolais;pl;Camion;Diesel;Crit'Air 5;4;2;3;3;2;1;1;1;3;4;3;3
69162;Quincié-en-Beaujolais;pl;Camion;Diesel;Non classé;7;8;7;7;5;5;6;6;4;4;4;4
69162;Quincié-en-Beaujolais;pl;Tracteur routier;Diesel;Non classé;1;1;1;1;1;1;1;1;1;1;1;1
69163;Quincieux;pl;Camion;Diesel;Crit'Air 2;0;0;0;0;1;1;1;1;1;1;3;4
69163;Quincieux;pl;Tracteur routier;Diesel;Crit'Air 2;0;0;0;0;0;0;0;0;0;0;0;2
69163;Quincieux;pl;VASP lourd;Diesel;Crit'Air 2;0;0;0;0;0;0;0;0;0;0;1;0
69163;Quincieux;pl;Camion;Diesel;Crit'Air 3;0;0;1;1;3;3;3;3;3;3;3;3
69163;Quincieux;pl;Camion;Diesel;Crit'Air 4;2;2;3;3;0;0;0;0;0;1;0;0
69163;Quincieux;pl;Camion;Diesel;Crit'Air 5;4;4;4;4;4;5;7;8;8;6;5;6
69163;Quincieux;pl;VASP lourd;Diesel;Crit'Air 5;1;1;2;2;2;2;2;2;2;2;1;0
69163;Quincieux;pl;Camion;Diesel;Non classé;11;10;10;12;12;11;9;10;9;7;6;4
69163;Quincieux;pl;Tracteur routier;Diesel;Non classé;1;1;1;1;1;1;1;1;1;1;1;1
69163;Quincieux;pl;VASP lourd;Diesel;Non classé;2;2;2;1;1;0;0;0;0;0;0;0
69163;Quincieux;pl;VASP lourd;Essence;Non classé;0;0;1;1;1;0;0;0;0;0;0;0
69164;Ranchal;pl;Camion;Diesel;Crit'Air 2;0;0;0;0;0;0;1;1;1;1;1;1
69164;Ranchal;pl;Tracteur routier;Diesel;Crit'Air 2;0;0;0;0;0;1;1;1;2;2;1;1
69164;Ranchal;pl;Camion;Diesel;Crit'Air 3;0;1;1;1;1;1;1;1;1;1;0;0
69164;Ranchal;pl;Tracteur routier;Diesel;Crit'Air 3;1;2;2;3;3;2;1;1;1;0;0;0
69164;Ranchal;pl;Camion;Diesel;Crit'Air 4;1;1;0;0;0;0;0;0;0;0;0;0
69164;Ranchal;pl;Tracteur routier;Diesel;Crit'Air 4;2;2;2;1;0;0;0;0;0;0;0;0
69164;Ranchal;pl;Tracteur routier;Diesel;Crit'Air 5;2;0;0;0;0;0;0;1;1;1;1;1
69165;Régnié-Durette;pl;Camion;Diesel;Crit'Air 3;0;1;1;1;0;0;0;0;0;0;0;0
69165;Régnié-Durette;pl;Tracteur routier;Diesel;Crit'Air 4;0;0;0;1;1;1;1;1;1;1;0;0
69165;Régnié-Durette;pl;Tracteur routier;Diesel;Crit'Air 5;1;1;1;0;0;0;0;0;0;0;0;0
69165;Régnié-Durette;pl;Camion;Diesel;Non classé;2;1;1;1;0;0;1;0;0;0;0;1
69165;Régnié-Durette;pl;Tracteur routier;Diesel;Non classé;1;0;0;0;0;0;0;0;0;0;0;0
69167;Rivolet;pl;VASP lourd;Diesel;Crit'Air 3;0;0;0;0;1;1;1;1;0;1;1;0
69167;Rivolet;pl;Camion;Diesel;Crit'Air 5;0;0;0;0;1;1;1;1;1;1;0;0
69167;Rivolet;pl;Camion;Diesel;Non classé;2;2;2;1;0;0;0;0;0;0;0;0
69167;Rivolet;pl;Tracteur routier;Diesel;Non classé;0;0;1;0;1;1;1;1;1;0;0;0
69168;Rochetaillée-sur-Saône;pl;Tracteur routier;Diesel;Crit'Air 2;0;0;0;0;2;6;10;13;18;17;21;22
69168;Rochetaillée-sur-Saône;pl;Tracteur routier;Diesel;Crit'Air 3;0;0;5;5;5;7;7;7;7;4;1;0
69168;Rochetaillée-sur-Saône;pl;Tracteur routier;Diesel;Crit'Air 4;5;5;6;8;8;8;7;4;1;0;0;0
69168;Rochetaillée-sur-Saône;pl;Tracteur routier;Diesel;Crit'Air 5;9;9;9;9;6;1;0;0;0;0;0;0
69168;Rochetaillée-sur-Saône;pl;VASP lourd;Diesel;Crit'Air 5;0;0;0;0;0;0;0;0;0;1;1;1
69168;Rochetaillée-sur-Saône;pl;Tracteur routier;Diesel;Non classé;3;3;0;0;0;0;0;0;0;0;0;0
69169;Ronno;pl;Camion;Diesel;Crit'Air 2;0;0;0;0;1;0;0;0;0;0;0;1
69169;Ronno;pl;Tracteur routier;Diesel;Crit'Air 2;0;0;0;0;0;0;0;0;0;0;0;1
69169;Ronno;pl;Camion;Diesel;Crit'Air 3;2;2;2;2;1;0;0;0;0;0;0;0
69169;Ronno;pl;Tracteur routier;Diesel;Crit'Air 3;0;0;1;1;1;0;0;0;0;0;0;0
69169;Ronno;pl;Camion;Diesel;Crit'Air 5;3;2;2;2;2;1;1;1;1;0;0;0
69169;Ronno;pl;Tracteur routier;Diesel;Crit'Air 5;1;1;0;0;0;0;0;0;0;0;0;0
69169;Ronno;pl;Camion;Diesel;Non classé;0;1;1;1;0;0;0;0;0;0;0;0
69169;Ronno;pl;Tracteur routier;Diesel;Non classé;1;1;1;2;2;2;1;1;1;1;1;1
69170;Rontalon;pl;Camion;Diesel;Crit'Air 2;0;0;0;0;0;0;0;0;0;0;2;2
69170;Rontalon;pl;Camion;Diesel;Crit'Air 4;0;0;0;0;0;0;1;1;1;1;1;1
69170;Rontalon;pl;Camion;Diesel;Crit'Air 5;1;1;1;1;2;2;2;2;2;2;1;1
69170;Rontalon;pl;Camion;Diesel;Non classé;4;5;5;4;4;5;5;5;5;5;4;4
69170;Rontalon;pl;VASP lourd;Diesel;Non classé;1;1;0;1;1;2;1;0;0;0;0;1
69170;Rontalon;pl;Camion;Essence;Non classé;0;1;0;0;0;0;1;0;0;0;0;0
69171;Sain-Bel;pl;Camion;Diesel;Crit'Air 2;0;0;0;0;0;0;0;1;1;1;2;2
69171;Sain-Bel;pl;Tracteur routier;Diesel;Crit'Air 2;0;0;0;0;0;0;1;2;3;4;6;6
69171;Sain-Bel;pl;Camion;Diesel;Crit'Air 3;2;2;2;2;2;2;2;2;2;3;3;4
69171;Sain-Bel;pl;Tracteur routier;Diesel;Crit'Air 3;0;1;3;4;4;4;3;2;2;2;1;1
69171;Sain-Bel;pl;VASP lourd;Diesel;Crit'Air 3;0;0;0;0;1;1;1;1;1;0;0;0
69171;Sain-Bel;pl;Camion;Diesel;Crit'Air 4;1;1;1;1;1;1;1;1;1;1;0;0
69171;Sain-Bel;pl;Tracteur routier;Diesel;Crit'Air 4;4;4;2;1;1;1;1;1;1;1;1;1
69171;Sain-Bel;pl;Camion;Diesel;Crit'Air 5;5;4;4;4;3;3;5;4;4;3;2;1
69171;Sain-Bel;pl;Tracteur routier;Diesel;Crit'Air 5;1;0;0;0;0;0;0;0;0;0;0;0
69171;Sain-Bel;pl;Camion;Diesel;Non classé;5;4;4;4;3;3;3;3;2;1;1;1
69172;Salles-Arbuissonnas-en-Beaujolais;pl;Camion;Diesel;Crit'Air 3;1;1;1;1;1;1;2;2;2;1;1;1
69172;Salles-Arbuissonnas-en-Beaujolais;pl;Camion;Diesel;Crit'Air 4;0;0;0;0;0;0;0;0;1;1;1;1
69172;Salles-Arbuissonnas-en-Beaujolais;pl;Camion;Diesel;Crit'Air 5;1;1;1;2;2;2;2;2;1;1;1;1
69172;Salles-Arbuissonnas-en-Beaujolais;pl;Tracteur routier;Diesel;Crit'Air 5;1;1;1;1;1;1;1;1;1;1;1;0
69172;Salles-Arbuissonnas-en-Beaujolais;pl;Camion;Diesel;Non classé;3;3;3;1;1;1;2;2;2;1;1;1
69173;Sarcey;pl;Camion;Diesel;Crit'Air 2;0;0;0;0;0;0;0;0;0;1;7;8
69173;Sarcey;pl;Tracteur routier;Diesel;Crit'Air 2;0;0;0;0;0;0;0;0;3;3;4;4
69173;Sarcey;pl;VASP lourd;Diesel;Crit'Air 2;0;0;0;0;0;0;0;0;1;1;1;1
69173;Sarcey;pl;Camion;Diesel;Crit'Air 3;0;0;0;0;0;0;0;0;0;0;1;1
69173;Sarcey;pl;Tracteur routier;Diesel;Crit'Air 3;0;0;0;1;1;1;1;1;1;1;1;1
69173;Sarcey;pl;VASP lourd;Diesel;Crit'Air 3;0;0;0;1;1;1;1;1;0;0;0;0
69173;Sarcey;pl;Tracteur routier;Diesel;Crit'Air 4;2;2;2;2;2;2;2;2;1;0;0;0
69173;Sarcey;pl;Camion;Diesel;Crit'Air 5;2;2;2;2;2;2;2;2;1;1;1;1
69173;Sarcey;pl;Tracteur routier;Diesel;Crit'Air 5;2;2;2;0;0;0;0;0;0;0;0;0
69173;Sarcey;pl;Camion;Diesel;Non classé;1;1;1;1;1;1;1;1;0;1;0;0
69173;Sarcey;pl;VASP lourd;Diesel;Non classé;1;1;1;1;1;1;1;1;1;1;1;1
69174;Les Sauvages;pl;Camion;Diesel;Crit'Air 2;0;0;0;0;1;1;2;3;4;4;0;0
69174;Les Sauvages;pl;Tracteur routier;Diesel;Crit'Air 2;0;0;0;0;0;0;0;0;1;1;0;0
69174;Les Sauvages;pl;Camion;Diesel;Crit'Air 3;0;0;1;1;1;1;1;2;2;2;1;1
69174;Les Sauvages;pl;Camion;Diesel;Crit'Air 4;2;2;2;2;2;1;1;1;1;0;0;0
69174;Les Sauvages;pl;Camion;Diesel;Crit'Air 5;1;1;1;1;1;1;1;1;0;1;0;0
69174;Les Sauvages;pl;Camion;Diesel;Non classé;1;2;1;1;1;1;0;0;0;0;1;0
69175;Savigny;pl;Camion;Diesel;Crit'Air 2;0;0;0;0;0;0;0;0;1;6;4;8
69175;Savigny;pl;Tracteur routier;Diesel;Crit'Air 2;0;0;0;0;0;0;0;0;0;0;1;2
69175;Savigny;pl;VASP lourd;Diesel;Crit'Air 2;0;0;0;0;0;0;0;2;2;2;3;3
69175;Savigny;pl;Camion;Diesel;Crit'Air 3;1;3;3;3;2;5;4;3;6;6;7;7
69175;Savigny;pl;Tracteur routier;Diesel;Crit'Air 3;0;0;0;1;1;2;2;2;2;2;1;1
69175;Savigny;pl;VASP lourd;Diesel;Crit'Air 3;0;1;1;0;0;0;0;0;2;2;2;2
69175;Savigny;pl;Camion;Diesel;Crit'Air 4;2;2;4;2;2;2;2;2;8;8;8;7
69175;Savigny;pl;Tracteur routier;Diesel;Crit'Air 4;0;0;0;0;1;1;1;1;1;1;0;0
69175;Savigny;pl;VASP lourd;Diesel;Crit'Air 4;0;0;1;1;1;1;1;1;0;0;0;0
69175;Savigny;pl;Camion;Diesel;Crit'Air 5;5;5;5;4;4;4;5;4;6;6;6;6
69175;Savigny;pl;Tracteur routier;Diesel;Crit'Air 5;1;1;1;0;1;0;0;0;0;0;0;0
69175;Savigny;pl;VASP lourd;Diesel;Crit'Air 5;0;0;0;0;0;0;0;0;1;1;1;1
69175;Savigny;pl;Camion;Diesel;Non classé;4;4;3;3;4;3;3;2;3;3;2;3
69175;Savigny;pl;VASP lourd;Diesel;Non classé;4;2;2;1;0;0;0;0;0;0;0;0
69176;Soucieu-en-Jarrest;pl;Camion;Diesel;Crit'Air 2;0;0;0;0;0;0;0;0;2;2;4;7
69176;Soucieu-en-Jarrest;pl;Tracteur routier;Diesel;Crit'Air 2;0;0;0;0;1;1;1;2;5;5;4;4
69176;Soucieu-en-Jarrest;pl;Camion;Diesel;Crit'Air 3;0;0;0;0;0;0;1;2;2;2;2;1
69176;Soucieu-en-Jarrest;pl;Tracteur routier;Diesel;Crit'Air 3;0;2;3;5;5;7;6;6;6;5;1;1
69176;Soucieu-en-Jarrest;pl;Camion;Diesel;Crit'Air 4;4;3;3;2;2;2;2;3;2;2;2;2
69176;Soucieu-en-Jarrest;pl;Tracteur routier;Diesel;Crit'Air 4;0;1;0;0;0;0;0;0;0;0;0;0
69176;Soucieu-en-Jarrest;pl;VASP lourd;Diesel;Crit'Air 4;0;1;1;1;1;1;0;0;0;0;0;0
69176;Soucieu-en-Jarrest;pl;Camion;Diesel;Crit'Air 5;6;4;3;2;3;2;2;3;3;3;2;2
69176;Soucieu-en-Jarrest;pl;Tracteur routier;Diesel;Crit'Air 5;1;1;1;1;0;0;0;0;0;0;0;0
69176;Soucieu-en-Jarrest;pl;VASP lourd;Diesel;Crit'Air 5;1;0;0;0;0;0;0;0;0;0;0;0
69176;Soucieu-en-Jarrest;pl;Camion;Diesel;Non classé;11;9;8;8;7;7;6;7;1;0;0;1
69176;Soucieu-en-Jarrest;pl;Tracteur routier;Diesel;Non classé;1;1;1;1;1;1;1;1;1;0;0;0
69176;Soucieu-en-Jarrest;pl;VASP lourd;Diesel;Non classé;1;2;1;1;1;0;0;1;1;1;1;1
69177;Sourcieux-les-Mines;pl;Camion;Diesel;Crit'Air 2;0;0;0;0;0;0;0;0;0;1;4;4
69177;Sourcieux-les-Mines;pl;Tracteur routier;Diesel;Crit'Air 2;0;0;0;0;0;0;0;0;0;0;1;2
69177;Sourcieux-les-Mines;pl;Camion;Diesel;Crit'Air 3;0;0;0;0;0;0;0;0;0;1;1;0
69177;Sourcieux-les-Mines;pl;VASP lourd;Diesel;Crit'Air 5;1;0;0;0;0;0;0;0;0;0;0;0
69178;Souzy;pl;Camion;Diesel;Crit'Air 2;0;0;0;0;0;0;0;0;0;1;1;1
69178;Souzy;pl;Tracteur routier;Diesel;Crit'Air 2;0;0;0;0;0;0;0;0;0;1;2;0
69178;Souzy;pl;VASP lourd;Diesel;Crit'Air 2;0;0;0;0;0;0;0;1;1;1;1;1
69178;Souzy;pl;Camion;Diesel;Crit'Air 3;0;0;0;1;0;0;0;0;0;0;0;0
69178;Souzy;pl;Camion;Diesel;Non classé;1;1;1;0;0;0;0;0;0;0;0;0
69178;Souzy;pl;VASP lourd;Diesel;Non classé;1;1;0;0;0;0;0;0;0;0;0;0
69179;Beauvallon;pl;Camion;Diesel;Crit'Air 2;0;0;0;0;2;2;2;2;3;3;6;7
69179;Beauvallon;pl;Tracteur routier;Diesel;Crit'Air 2;0;0;0;0;1;4;8;10;9;7;6;6
69179;Beauvallon;pl;VASP lourd;Diesel;Crit'Air 2;0;0;0;0;0;0;0;0;0;0;0;1
69179;Beauvallon;pl;Camion;Diesel;Crit'Air 3;4;10;15;19;20;19;18;15;13;10;5;2
69179;Beauvallon;pl;Tracteur routier;Diesel;Crit'Air 3;3;6;8;14;14;16;17;15;9;7;1;0
69179;Beauvallon;pl;VASP lourd;Diesel;Crit'Air 3;0;0;0;1;1;1;1;1;1;1;1;1
69179;Beauvallon;pl;Camion;Diesel;Crit'Air 4;20;19;18;18;15;16;17;15;14;12;11;4
69179;Beauvallon;pl;Tracteur routier;Diesel;Crit'Air 4;9;9;12;11;6;6;5;4;3;2;1;0
69179;Beauvallon;pl;VASP lourd;Diesel;Crit'Air 4;0;0;1;1;1;1;1;1;1;0;0;0
69179;Beauvallon;pl;Camion;Diesel;Crit'Air 5;12;9;10;9;9;13;12;11;9;8;6;6
69179;Beauvallon;pl;Tracteur routier;Diesel;Crit'Air 5;9;6;6;5;4;2;2;1;0;0;0;0
69179;Beauvallon;pl;Camion;Diesel;Non classé;12;11;6;5;4;4;4;4;4;4;3;3
69179;Beauvallon;pl;Tracteur routier;Diesel;Non classé;5;4;2;1;1;0;0;0;0;0;0;0
69181;Saint-Appolinaire;pl;VASP lourd;Diesel;Non classé;0;0;0;1;1;1;1;0;0;1;0;0
69182;Saint-Bonnet-des-Bruyères;pl;Camion;Diesel;Crit'Air 2;0;0;0;0;0;0;1;2;2;3;3;4
69182;Saint-Bonnet-des-Bruyères;pl;Tracteur routier;Diesel;Crit'Air 2;0;0;0;0;0;1;1;1;1;1;2;2
69182;Saint-Bonnet-des-Bruyères;pl;VASP lourd;Diesel;Crit'Air 2;0;0;0;0;0;0;0;0;0;0;0;0
69182;Saint-Bonnet-des-Bruyères;pl;Camion;Diesel;Crit'Air 3;1;1;1;1;1;1;1;0;0;0;0;0
69182;Saint-Bonnet-des-Bruyères;pl;Camion;Diesel;Crit'Air 4;1;1;1;1;1;1;1;1;1;1;1;0
69182;Saint-Bonnet-des-Bruyères;pl;Tracteur routier;Diesel;Crit'Air 5;0;1;1;1;1;0;0;0;0;0;0;0
69182;Saint-Bonnet-des-Bruyères;pl;Camion;Diesel;Non classé;2;2;2;2;2;2;2;2;2;2;2;2
69183;Saint-Bonnet-le-Troncy;pl;Tracteur routier;Diesel;Crit'Air 2;0;0;0;0;0;0;0;0;0;0;0;1
69183;Saint-Bonnet-le-Troncy;pl;Tracteur routier;Diesel;Crit'Air 5;2;4;3;3;3;3;3;3;3;3;4;4
69183;Saint-Bonnet-le-Troncy;pl;Camion;Diesel;Non classé;3;2;1;0;0;0;0;0;0;0;0;0
69183;Saint-Bonnet-le-Troncy;pl;Tracteur routier;Diesel;Non classé;1;0;0;0;0;0;0;0;0;0;0;0
69184;Sainte-Catherine;pl;VASP lourd;Diesel;Crit'Air 3;0;0;0;0;0;0;0;0;0;0;1;1
69184;Sainte-Catherine;pl;Camion;Diesel;Crit'Air 4;1;1;1;1;1;0;0;0;0;0;0;0
69184;Sainte-Catherine;pl;VASP lourd;Diesel;Crit'Air 4;0;0;0;0;0;0;1;1;1;1;1;1
69184;Sainte-Catherine;pl;Camion;Diesel;Crit'Air 5;1;1;1;1;0;0;0;0;0;0;0;0
69184;Sainte-Catherine;pl;Camion;Diesel;Non classé;1;1;1;1;0;0;0;0;0;0;0;0
69184;Sainte-Catherine;pl;VASP lourd;Diesel;Non classé;0;0;0;0;0;0;0;0;0;0;0;1
69186;Saint-Clément-de-Vers;pl;VASP lourd;Diesel;Crit'Air 3;0;0;1;1;1;1;1;1;1;1;1;0
69186;Saint-Clément-de-Vers;pl;Camion;Diesel;Non classé;2;3;3;3;3;3;3;3;3;2;2;2
69186;Saint-Clément-de-Vers;pl;Tracteur routier;Diesel;Non classé;1;1;1;1;1;1;1;1;1;1;1;1
69187;Saint-Clément-les-Places;pl;Camion;Diesel;Crit'Air 2;0;0;0;0;0;0;1;1;1;1;1;1
69187;Saint-Clément-les-Places;pl;VASP lourd;Diesel;Crit'Air 4;0;0;0;1;1;1;1;1;1;1;1;1
69187;Saint-Clément-les-Places;pl;Camion;Diesel;Crit'Air 5;1;1;1;1;1;1;1;0;0;0;0;0
69187;Saint-Clément-les-Places;pl;VASP lourd;Diesel;Crit'Air 5;0;0;0;0;0;0;1;1;0;0;1;1
69187;Saint-Clément-les-Places;pl;Camion;Diesel;Non classé;0;0;0;1;1;1;1;1;0;0;0;0
69187;Saint-Clément-les-Places;pl;VASP lourd;Diesel;Non classé;1;1;1;1;1;1;0;0;0;0;0;0
69188;Saint-Clément-sur-Valsonne;pl;Camion;Diesel;Crit'Air 2;0;0;0;0;0;0;2;2;2;3;3;4
69188;Saint-Clément-sur-Valsonne;pl;Camion;Diesel;Crit'Air 3;1;3;3;3;3;3;3;3;3;3;2;2
69188;Saint-Clément-sur-Valsonne;pl;Camion;Diesel;Crit'Air 4;1;2;2;2;2;3;2;2;2;2;1;1
69188;Saint-Clément-sur-Valsonne;pl;Camion;Diesel;Crit'Air 5;5;4;2;1;1;1;0;0;0;0;0;0
69188;Saint-Clément-sur-Valsonne;pl;Camion;Diesel;Non classé;2;0;0;0;0;0;0;0;0;0;0;0
69189;Sainte-Colombe;pl;VASP lourd;Diesel;Crit'Air 2;0;0;0;0;0;0;0;0;0;0;0;1
69189;Sainte-Colombe;pl;Camion;Diesel;Crit'Air 5;1;1;1;1;1;1;1;1;1;1;1;1
69189;Sainte-Colombe;pl;Camion;Diesel;Non classé;2;1;2;1;0;0;0;0;0;0;0;0
69190;Sainte-Consorce;pl;Camion;Diesel;Crit'Air 2;0;0;0;0;0;1;2;4;6;7;6;6
69190;Sainte-Consorce;pl;Tracteur routier;Diesel;Crit'Air 2;0;0;0;0;0;0;1;2;4;5;5;7
69190;Sainte-Consorce;pl;Camion;Diesel;Crit'Air 3;0;1;2;2;2;2;2;2;3;2;3;3
69190;Sainte-Consorce;pl;Tracteur routier;Diesel;Crit'Air 3;0;0;0;0;0;0;0;0;1;1;0;0
69190;Sainte-Consorce;pl;Camion;Diesel;Crit'Air 4;5;5;5;5;5;5;4;6;4;4;4;4
69190;Sainte-Consorce;pl;VASP lourd;Diesel;Crit'Air 4;3;3;0;0;0;1;1;1;1;1;1;1
69190;Sainte-Consorce;pl;Camion;Diesel;Crit'Air 5;4;5;4;3;3;3;3;3;2;2;1;2
69190;Sainte-Consorce;pl;Tracteur routier;Diesel;Crit'Air 5;1;1;0;0;0;0;0;0;0;0;0;0
69190;Sainte-Consorce;pl;VASP lourd;Diesel;Crit'Air 5;1;1;1;1;1;1;0;0;0;0;0;0
69190;Sainte-Consorce;pl;Camion;Diesel;Non classé;6;6;3;3;5;5;4;4;2;2;3;1
69190;Sainte-Consorce;pl;VASP lourd;Diesel;Non classé;1;1;0;1;1;1;1;1;1;1;1;1
69191;Saint-Cyr-au-Mont-d'Or;pl;Camion;Diesel;Crit'Air 2;0;0;0;0;0;0;0;0;0;1;1;1
69191;Saint-Cyr-au-Mont-d'Or;pl;Camion;Diesel;Crit'Air 4;1;1;1;1;1;1;1;1;1;0;0;1
69191;Saint-Cyr-au-Mont-d'Or;pl;Camion;Diesel;Crit'Air 5;0;0;0;0;0;0;1;0;1;1;1;0
69191;Saint-Cyr-au-Mont-d'Or;pl;Tracteur routier;Diesel;Crit'Air 5;1;1;1;1;0;0;0;0;0;0;0;0
69191;Saint-Cyr-au-Mont-d'Or;pl;Camion;Diesel;Non classé;5;4;3;2;2;2;2;1;1;0;0;0
69191;Saint-Cyr-au-Mont-d'Or;pl;VASP lourd;Diesel;Non classé;0;0;0;0;0;1;1;0;0;0;0;0
69192;Saint-Cyr-le-Chatoux;pl;Camion;Diesel;Crit'Air 5;0;1;1;1;1;1;1;1;1;1;1;1
69192;Saint-Cyr-le-Chatoux;pl;Camion;Diesel;Non classé;1;0;0;0;0;0;0;0;0;0;0;0
69193;Saint-Cyr-sur-le-Rhône;pl;VASP lourd;Diesel;Crit'Air 2;0;0;0;0;0;13;17;21;21;22;22;22
69193;Saint-Cyr-sur-le-Rhône;pl;VASP lourd;Diesel;Crit'Air 3;0;0;0;1;1;1;1;1;1;1;1;1
69193;Saint-Cyr-sur-le-Rhône;pl;Camion;Diesel;Crit'Air 4;2;1;1;1;0;0;0;0;0;0;0;0
69193;Saint-Cyr-sur-le-Rhône;pl;Tracteur routier;Diesel;Crit'Air 4;0;0;0;0;1;1;1;1;1;0;1;1
69193;Saint-Cyr-sur-le-Rhône;pl;VASP lourd;Diesel;Crit'Air 4;0;1;1;1;1;1;1;1;1;2;2;2
69193;Saint-Cyr-sur-le-Rhône;pl;Camion;Diesel;Crit'Air 5;1;0;0;0;0;0;0;0;0;0;0;0
69193;Saint-Cyr-sur-le-Rhône;pl;Tracteur routier;Diesel;Crit'Air 5;2;2;2;2;3;3;3;2;2;2;2;2
69193;Saint-Cyr-sur-le-Rhône;pl;Camion;Diesel;Non classé;2;4;2;3;1;2;1;1;1;1;1;1
69193;Saint-Cyr-sur-le-Rhône;pl;Tracteur routier;Diesel;Non classé;6;3;3;2;1;0;0;0;0;0;0;0
69193;Saint-Cyr-sur-le-Rhône;pl;VASP lourd;Diesel;Non classé;4;5;4;5;4;5;5;5;4;2;1;2
69194;Saint-Didier-au-Mont-d'Or;pl;Camion;Diesel;Crit'Air 2;0;0;0;0;0;1;1;2;2;2;1;2
69194;Saint-Didier-au-Mont-d'Or;pl;VASP lourd;Diesel;Crit'Air 2;0;0;0;0;0;0;0;0;0;0;0;1
69194;Saint-Didier-au-Mont-d'Or;pl;Camion;Diesel;Crit'Air 3;1;4;5;5;5;5;5;4;5;1;0;0
69194;Saint-Didier-au-Mont-d'Or;pl;Tracteur routier;Diesel;Crit'Air 3;0;0;1;1;1;1;0;0;0;0;0;0
69194;Saint-Didier-au-Mont-d'Or;pl;Camion;Diesel;Crit'Air 4;1;1;1;1;2;2;2;1;1;1;1;1
69194;Saint-Didier-au-Mont-d'Or;pl;VASP lourd;Diesel;Crit'Air 4;1;3;3;3;3;3;3;3;3;2;1;1
69194;Saint-Didier-au-Mont-d'Or;pl;Camion;Diesel;Crit'Air 5;3;3;5;5;4;5;6;5;5;3;3;2
69194;Saint-Didier-au-Mont-d'Or;pl;VASP lourd;Diesel;Crit'Air 5;1;1;4;4;3;3;2;2;1;1;1;0
69194;Saint-Didier-au-Mont-d'Or;pl;Camion;Diesel;Non classé;5;4;3;5;5;5;5;4;1;0;0;0
69194;Saint-Didier-au-Mont-d'Or;pl;Tracteur routier;Diesel;Non classé;1;1;1;0;0;0;0;0;0;0;0;0
69194;Saint-Didier-au-Mont-d'Or;pl;VASP lourd;Diesel;Non classé;0;0;3;2;1;1;1;1;2;1;1;1
69194;Saint-Didier-au-Mont-d'Or;pl;VASP lourd;Gaz et inconnu;Inconnu;0;0;1;0;0;0;0;0;0;0;0;0
69196;Saint-Didier-sur-Beaujeu;pl;Tracteur routier;Diesel;Crit'Air 2;0;0;0;0;0;0;0;0;0;0;2;2
69196;Saint-Didier-sur-Beaujeu;pl;Camion;Diesel;Non classé;4;4;4;3;2;2;2;2;2;2;2;1
69196;Saint-Didier-sur-Beaujeu;pl;VASP lourd;Essence;Non classé;0;0;0;0;0;0;0;0;0;0;0;0
69197;Saint-Étienne-des-Oullières;pl;Camion;Diesel;Crit'Air 2;0;0;0;0;0;0;0;2;2;2;2;2
69197;Saint-Étienne-des-Oullières;pl;Tracteur routier;Diesel;Crit'Air 2;0;0;0;0;0;4;4;4;4;5;5;6
69197;Saint-Étienne-des-Oullières;pl;VASP lourd;Diesel;Crit'Air 2;0;0;0;0;0;0;0;0;1;1;1;0
69197;Saint-Étienne-des-Oullières;pl;Camion;Diesel;Crit'Air 3;1;3;4;4;5;5;4;4;4;3;3;3
69197;Saint-Étienne-des-Oullières;pl;Tracteur routier;Diesel;Crit'Air 3;1;1;1;2;2;2;3;3;2;1;1;1
69197;Saint-Étienne-des-Oullières;pl;Camion;Diesel;Crit'Air 4;3;3;2;2;2;2;2;2;2;3;2;2
69197;Saint-Étienne-des-Oullières;pl;Tracteur routier;Diesel;Crit'Air 4;4;4;4;4;4;2;2;2;0;0;0;0
69197;Saint-Étienne-des-Oullières;pl;VASP lourd;Diesel;Crit'Air 4;1;1;1;0;0;0;0;0;0;0;0;0
69197;Saint-Étienne-des-Oullières;pl;Camion;Diesel;Crit'Air 5;1;1;1;1;1;1;1;1;2;2;2;2
69197;Saint-Étienne-des-Oullières;pl;Tracteur routier;Diesel;Crit'Air 5;2;1;1;1;1;0;0;1;1;1;1;1
69197;Saint-Étienne-des-Oullières;pl;Camion;Diesel;Non classé;9;9;8;8;7;7;7;7;7;6;6;6
69197;Saint-Étienne-des-Oullières;pl;Tracteur routier;Diesel;Non classé;1;1;1;0;0;0;0;0;0;0;0;0
69197;Saint-Étienne-des-Oullières;pl;Camion;Essence;Non classé;1;0;0;0;0;0;0;0;0;0;0;0
69198;Saint-Étienne-la-Varenne;pl;Camion;Diesel;Crit'Air 4;0;0;0;0;0;0;1;1;1;1;1;1
69198;Saint-Étienne-la-Varenne;pl;Camion;Diesel;Crit'Air 5;0;0;0;0;1;1;1;1;1;1;1;1
69198;Saint-Étienne-la-Varenne;pl;Camion;Diesel;Non classé;1;1;1;1;1;1;1;1;1;1;1;1
69199;Saint-Fons;pl;Camion;Diesel;Crit'Air 2;0;0;0;0;2;3;8;22;33;36;42;55
69199;Saint-Fons;pl;Tracteur routier;Diesel;Crit'Air 2;0;0;0;0;0;0;0;1;2;39;44;58
69199;Saint-Fons;pl;VASP lourd;Diesel;Crit'Air 2;0;0;0;0;11;16;23;66;74;97;123;162
69199;Saint-Fons;pl;Camion;Diesel;Crit'Air 3;1;6;8;9;13;13;13;13;12;11;14;13
69199;Saint-Fons;pl;Tracteur routier;Diesel;Crit'Air 3;0;0;1;2;19;24;32;36;35;7;5;2
69199;Saint-Fons;pl;VASP lourd;Diesel;Crit'Air 3;3;6;15;20;21;22;24;28;31;37;36;34
69199;Saint-Fons;pl;Camion;Diesel;Crit'Air 4;19;22;24;27;28;25;24;21;20;18;20;23
69199;Saint-Fons;pl;Tracteur routier;Diesel;Crit'Air 4;1;0;1;1;1;1;1;1;1;1;0;0
69199;Saint-Fons;pl;VASP lourd;Diesel;Crit'Air 4;3;3;3;4;5;4;18;20;18;20;18;11
69199;Saint-Fons;pl;Camion;Diesel;Crit'Air 5;32;30;29;28;29;30;26;25;30;27;28;26
69199;Saint-Fons;pl;Tracteur routier;Diesel;Crit'Air 5;12;9;7;6;2;1;1;0;0;0;1;0
69199;Saint-Fons;pl;VASP lourd;Diesel;Crit'Air 5;11;11;11;12;14;15;24;25;26;25;24;21
69199;Saint-Fons;pl;Camion;Diesel;Non classé;45;38;33;30;29;27;28;29;27;25;21;19
69199;Saint-Fons;pl;Tracteur routier;Diesel;Non classé;3;3;3;3;1;1;0;0;0;0;0;0
69199;Saint-Fons;pl;VASP lourd;Diesel;Non classé;22;23;20;19;21;19;17;14;13;12;12;11
69199;Saint-Fons;pl;VASP lourd;Diesel HNR;Crit'Air 2;0;0;0;0;0;0;0;0;0;2;2;3
69199;Saint-Fons;pl;VASP lourd;Electrique et hydrogène;Crit'Air E;0;0;0;0;0;0;0;0;0;0;0;1
69199;Saint-Fons;pl;Camion;Gaz et inconnu;Crit'Air 1;0;0;0;0;0;0;0;0;0;0;0;5
69199;Saint-Fons;pl;VASP lourd;Gaz et inconnu;Crit'Air 1;0;0;0;0;0;0;0;11;21;28;30;50
69199;Saint-Fons;pl;VASP lourd;Gaz et inconnu;Non classé;1;0;0;0;0;0;0;0;0;0;0;0
