Journée gazière;Nom Région;Production journalière biométhane (MWh - 0°C);Opérateur de transport
24/10/2017;Auvergne-Rhône-Alpes;109.927;Zone GRTgaz
06/10/2017;Auvergne-Rhône-Alpes;90.571;Zone GRTgaz
02/01/2019;Auvergne-Rhône-Alpes;137.60399999999998;Zone GRTgaz
11/08/2018;Auvergne-Rhône-Alpes;106.889;Zone GRTgaz
14/11/2017;Auvergne-Rhône-Alpes;103.51499999999999;Zone GRTgaz
07/01/2021;Auvergne-Rhône-Alpes;296.908;Zone GRTgaz
24/07/2021;Auvergne-Rhône-Alpes;445.169;Zone GRTgaz
03/08/2022;Auvergne-Rhône-Alpes;1055.712;Zone GRTgaz
25/11/2021;Auvergne-Rhône-Alpes;727.779;Zone GRTgaz
06/10/2022;Auvergne-Rhône-Alpes;1149.957;Zone GRTgaz
08/11/2018;Auvergne-Rhône-Alpes;132.399;Zone GRTgaz
12/08/2023;Auvergne-Rhône-Alpes;1194.867;Zone GRTgaz
21/06/2021;Auvergne-Rhône-Alpes;467.519;Zone GRTgaz
16/07/2018;Auvergne-Rhône-Alpes;131.871;Zone GRTgaz
05/09/2023;Auvergne-Rhône-Alpes;1354.934;Zone GRTgaz
07/03/2023;Auvergne-Rhône-Alpes;1226.114;Zone GRTgaz
06/04/2022;Auvergne-Rhône-Alpes;1013.578;Zone GRTgaz
09/02/2023;Auvergne-Rhône-Alpes;1382.281;Zone GRTgaz
17/04/2023;Auvergne-Rhône-Alpes;1282.436;Zone GRTgaz
19/02/2017;Auvergne-Rhône-Alpes;110.68;Zone GRTgaz
15/10/2016;Auvergne-Rhône-Alpes;35.34599999999999;Zone GRTgaz
23/08/2019;Auvergne-Rhône-Alpes;166.756;Zone GRTgaz
29/12/2018;Auvergne-Rhône-Alpes;127.575;Zone GRTgaz
19/07/2019;Auvergne-Rhône-Alpes;173.954;Zone GRTgaz
13/02/2020;Auvergne-Rhône-Alpes;283.90199999999993;Zone GRTgaz
28/12/2022;Auvergne-Rhône-Alpes;1272.941;Zone GRTgaz
20/11/2023;Auvergne-Rhône-Alpes;1512.692;Zone GRTgaz
03/01/2022;Auvergne-Rhône-Alpes;740.028;Zone GRTgaz
05/09/2021;Auvergne-Rhône-Alpes;508.839;Zone GRTgaz
10/04/2023;Auvergne-Rhône-Alpes;1277.364;Zone GRTgaz
17/06/2018;Auvergne-Rhône-Alpes;130.194;Zone GRTgaz
27/02/2024;Auvergne-Rhône-Alpes;1669.8724092000002;Zone GRTgaz
30/10/2024;Auvergne-Rhône-Alpes;1888.5635316;Zone GRTgaz
10/01/2019;Auvergne-Rhône-Alpes;150.48199999999997;Zone GRTgaz
08/06/2017;Auvergne-Rhône-Alpes;114.009;Zone GRTgaz
19/05/2017;Auvergne-Rhône-Alpes;93.735;Zone GRTgaz
28/02/2018;Auvergne-Rhône-Alpes;107.667;Zone GRTgaz
08/12/2016;Auvergne-Rhône-Alpes;49.83999999999999;Zone GRTgaz
09/11/2016;Auvergne-Rhône-Alpes;40.099999999999994;Zone GRTgaz
08/09/2018;Auvergne-Rhône-Alpes;137.423;Zone GRTgaz
26/01/2018;Auvergne-Rhône-Alpes;134.745;Zone GRTgaz
24/05/2021;Auvergne-Rhône-Alpes;401.01;Zone GRTgaz
03/01/2018;Auvergne-Rhône-Alpes;82.812;Zone GRTgaz
30/11/2018;Auvergne-Rhône-Alpes;146.261;Zone GRTgaz
27/10/2017;Auvergne-Rhône-Alpes;127.30699999999997;Zone GRTgaz
21/04/2017;Auvergne-Rhône-Alpes;136.887;Zone GRTgaz
04/11/2019;Auvergne-Rhône-Alpes;215.121;Zone GRTgaz
04/02/2018;Auvergne-Rhône-Alpes;124.474;Zone GRTgaz
17/04/2019;Auvergne-Rhône-Alpes;172.614;Zone GRTgaz
31/01/2017;Auvergne-Rhône-Alpes;102.779;Zone GRTgaz
14/04/2017;Auvergne-Rhône-Alpes;131.187;Zone GRTgaz
12/11/2017;Auvergne-Rhône-Alpes;108.46099999999998;Zone GRTgaz
02/07/2017;Auvergne-Rhône-Alpes;88.798;Zone GRTgaz
15/11/2018;Auvergne-Rhône-Alpes;131.806;Zone GRTgaz
14/05/2017;Auvergne-Rhône-Alpes;108.055;Zone GRTgaz
13/07/2021;Auvergne-Rhône-Alpes;487.919;Zone GRTgaz
21/11/2019;Auvergne-Rhône-Alpes;240.633;Zone GRTgaz
25/10/2016;Auvergne-Rhône-Alpes;33.307;Zone GRTgaz
16/12/2017;Auvergne-Rhône-Alpes;64.898;Zone GRTgaz
26/08/2021;Auvergne-Rhône-Alpes;573.566;Zone GRTgaz
17/10/2019;Auvergne-Rhône-Alpes;197.104;Zone GRTgaz
17/06/2019;Auvergne-Rhône-Alpes;154.027;Zone GRTgaz
07/11/2019;Auvergne-Rhône-Alpes;203.874;Zone GRTgaz
07/03/2018;Auvergne-Rhône-Alpes;84.388;Zone GRTgaz
24/02/2018;Auvergne-Rhône-Alpes;131.88599999999997;Zone GRTgaz
09/03/2017;Auvergne-Rhône-Alpes;90.216;Zone GRTgaz
14/02/2018;Auvergne-Rhône-Alpes;81.829;Zone GRTgaz
26/04/2017;Auvergne-Rhône-Alpes;121.352;Zone GRTgaz
02/11/2016;Auvergne-Rhône-Alpes;12.422999999999998;Zone GRTgaz
04/06/2018;Auvergne-Rhône-Alpes;118.223;Zone GRTgaz
03/04/2017;Auvergne-Rhône-Alpes;126.774;Zone GRTgaz
11/10/2016;Auvergne-Rhône-Alpes;20.664999999999996;Zone GRTgaz
23/04/2024;Auvergne-Rhône-Alpes;1773.2595186000003;Zone GRTgaz
16/04/2021;Auvergne-Rhône-Alpes;427.979;Zone GRTgaz
12/08/2021;Auvergne-Rhône-Alpes;498.802;Zone GRTgaz
16/01/2021;Auvergne-Rhône-Alpes;304.02;Zone GRTgaz
17/06/2024;Auvergne-Rhône-Alpes;1826.6229035999997;Zone GRTgaz
24/03/2023;Auvergne-Rhône-Alpes;1425.635;Zone GRTgaz
13/09/2018;Auvergne-Rhône-Alpes;123.10999999999999;Zone GRTgaz
02/03/2018;Auvergne-Rhône-Alpes;120.236;Zone GRTgaz
04/01/2020;Auvergne-Rhône-Alpes;248.954;Zone GRTgaz
24/11/2019;Auvergne-Rhône-Alpes;192.491;Zone GRTgaz
04/09/2019;Auvergne-Rhône-Alpes;169.795;Zone GRTgaz
25/06/2022;Auvergne-Rhône-Alpes;978.358;Zone GRTgaz
20/09/2020;Auvergne-Rhône-Alpes;219.47;Zone GRTgaz
27/05/2021;Auvergne-Rhône-Alpes;449.223;Zone GRTgaz
17/01/2020;Auvergne-Rhône-Alpes;248.003;Zone GRTgaz
30/05/2019;Auvergne-Rhône-Alpes;201.454;Zone GRTgaz
26/08/2019;Auvergne-Rhône-Alpes;150.638;Zone GRTgaz
11/12/2020;Auvergne-Rhône-Alpes;373.378;Zone GRTgaz
21/08/2021;Auvergne-Rhône-Alpes;513.719;Zone GRTgaz
18/09/2024;Auvergne-Rhône-Alpes;1876.8200777999998;Zone GRTgaz
13/08/2019;Auvergne-Rhône-Alpes;186.822;Zone GRTgaz
15/09/2021;Auvergne-Rhône-Alpes;625.257;Zone GRTgaz
25/07/2019;Auvergne-Rhône-Alpes;158.876;Zone GRTgaz
26/09/2021;Auvergne-Rhône-Alpes;516.708;Zone GRTgaz
13/11/2023;Auvergne-Rhône-Alpes;1536.741;Zone GRTgaz
29/06/2018;Auvergne-Rhône-Alpes;140.262;Zone GRTgaz
24/01/2024;Auvergne-Rhône-Alpes;1682.1723059999997;Zone GRTgaz
07/11/2020;Auvergne-Rhône-Alpes;303.079;Zone GRTgaz
17/04/2022;Auvergne-Rhône-Alpes;1016.363;Zone GRTgaz
30/03/2021;Auvergne-Rhône-Alpes;446.039;Zone GRTgaz
01/12/2018;Auvergne-Rhône-Alpes;147.987;Zone GRTgaz
28/04/2020;Auvergne-Rhône-Alpes;291.983;Zone GRTgaz
09/08/2020;Auvergne-Rhône-Alpes;253.833;Zone GRTgaz
08/05/2022;Auvergne-Rhône-Alpes;1083.263;Zone GRTgaz
26/11/2024;Auvergne-Rhône-Alpes;1858.795335;Zone GRTgaz
01/11/2022;Auvergne-Rhône-Alpes;1138.987;Zone GRTgaz
21/06/2020;Auvergne-Rhône-Alpes;292.064;Zone GRTgaz
18/11/2024;Auvergne-Rhône-Alpes;1882.9569924000002;Zone GRTgaz
14/08/2023;Auvergne-Rhône-Alpes;1210.353;Zone GRTgaz
19/09/2024;Auvergne-Rhône-Alpes;1862.0758422000001;Zone GRTgaz
18/01/2020;Auvergne-Rhône-Alpes;281.071;Zone GRTgaz
25/11/2019;Auvergne-Rhône-Alpes;179.904;Zone GRTgaz
14/05/2020;Auvergne-Rhône-Alpes;292.191;Zone GRTgaz
20/10/2020;Auvergne-Rhône-Alpes;320.791;Zone GRTgaz
14/05/2024;Auvergne-Rhône-Alpes;1676.0604564000002;Zone GRTgaz
30/03/2018;Auvergne-Rhône-Alpes;117.11299999999999;Zone GRTgaz
26/09/2016;Auvergne-Rhône-Alpes;40.201;Zone GRTgaz
07/12/2019;Auvergne-Rhône-Alpes;220.08199999999997;Zone GRTgaz
17/05/2020;Auvergne-Rhône-Alpes;301.933;Zone GRTgaz
31/01/2020;Auvergne-Rhône-Alpes;265.27;Zone GRTgaz
03/08/2020;Auvergne-Rhône-Alpes;283.87799999999993;Zone GRTgaz
03/07/2017;Auvergne-Rhône-Alpes;78.071;Zone GRTgaz
05/06/2017;Auvergne-Rhône-Alpes;101.87499999999999;Zone GRTgaz
05/09/2018;Auvergne-Rhône-Alpes;123.15;Zone GRTgaz
18/05/2020;Auvergne-Rhône-Alpes;253.486;Zone GRTgaz
11/08/2020;Auvergne-Rhône-Alpes;282.065;Zone GRTgaz
13/02/2019;Auvergne-Rhône-Alpes;163.73499999999996;Zone GRTgaz
10/03/2023;Auvergne-Rhône-Alpes;1389.191;Zone GRTgaz
30/06/2023;Auvergne-Rhône-Alpes;1280.561;Zone GRTgaz
26/10/2017;Auvergne-Rhône-Alpes;127.83099999999999;Zone GRTgaz
25/03/2023;Auvergne-Rhône-Alpes;1259.524;Zone GRTgaz
28/05/2022;Auvergne-Rhône-Alpes;900.6109999999999;Zone GRTgaz
30/10/2022;Auvergne-Rhône-Alpes;1095.277;Zone GRTgaz
21/02/2020;Auvergne-Rhône-Alpes;307.039;Zone GRTgaz
21/02/2023;Auvergne-Rhône-Alpes;1335.039;Zone GRTgaz
19/04/2024;Auvergne-Rhône-Alpes;1854.6545969999995;Zone GRTgaz
30/09/2022;Auvergne-Rhône-Alpes;1168.498;Zone GRTgaz
16/11/2019;Auvergne-Rhône-Alpes;188.922;Zone GRTgaz
22/03/2021;Auvergne-Rhône-Alpes;422.985;Zone GRTgaz
05/09/2019;Auvergne-Rhône-Alpes;170.196;Zone GRTgaz
04/09/2021;Auvergne-Rhône-Alpes;540.071;Zone GRTgaz
12/06/2019;Auvergne-Rhône-Alpes;182.09599999999998;Zone GRTgaz
04/09/2020;Auvergne-Rhône-Alpes;331.238;Zone GRTgaz
07/07/2019;Auvergne-Rhône-Alpes;166.72799999999998;Zone GRTgaz
21/02/2017;Auvergne-Rhône-Alpes;94.91999999999999;Zone GRTgaz
16/02/2021;Auvergne-Rhône-Alpes;355.913;Zone GRTgaz
27/04/2022;Auvergne-Rhône-Alpes;1019.025;Zone GRTgaz
21/06/2024;Auvergne-Rhône-Alpes;1864.9182132;Zone GRTgaz
17/08/2021;Auvergne-Rhône-Alpes;517.899;Zone GRTgaz
11/02/2024;Auvergne-Rhône-Alpes;1668.8637935999998;Zone GRTgaz
03/01/2021;Auvergne-Rhône-Alpes;279.122;Zone GRTgaz
05/08/2024;Auvergne-Rhône-Alpes;1766.6694287999999;Zone GRTgaz
18/08/2022;Auvergne-Rhône-Alpes;975.718;Zone GRTgaz
17/07/2023;Auvergne-Rhône-Alpes;1270.203;Zone GRTgaz
11/07/2023;Auvergne-Rhône-Alpes;1275.424;Zone GRTgaz
03/05/2023;Auvergne-Rhône-Alpes;1310.719;Zone GRTgaz
18/07/2017;Auvergne-Rhône-Alpes;101.388;Zone GRTgaz
23/03/2022;Auvergne-Rhône-Alpes;939.593;Zone GRTgaz
23/02/2023;Auvergne-Rhône-Alpes;1291.944;Zone GRTgaz
13/07/2022;Auvergne-Rhône-Alpes;1080.198;Zone GRTgaz
07/07/2018;Auvergne-Rhône-Alpes;147.906;Zone GRTgaz
13/02/2022;Auvergne-Rhône-Alpes;796.105;Zone GRTgaz
24/06/2024;Auvergne-Rhône-Alpes;1833.2079804;Zone GRTgaz
02/05/2024;Auvergne-Rhône-Alpes;1750.5937404000001;Zone GRTgaz
11/06/2019;Auvergne-Rhône-Alpes;190.307;Zone GRTgaz
14/05/2023;Auvergne-Rhône-Alpes;1322.627;Zone GRTgaz
20/12/2023;Auvergne-Rhône-Alpes;1559.401;Zone GRTgaz
15/01/2022;Auvergne-Rhône-Alpes;747.31;Zone GRTgaz
13/11/2020;Auvergne-Rhône-Alpes;349.946;Zone GRTgaz
21/10/2024;Auvergne-Rhône-Alpes;1787.3370251999997;Zone GRTgaz
27/08/2021;Auvergne-Rhône-Alpes;573.772;Zone GRTgaz
03/08/2024;Auvergne-Rhône-Alpes;1699.2395658;Zone GRTgaz
18/04/2023;Auvergne-Rhône-Alpes;1328.23;Zone GRTgaz
26/09/2023;Auvergne-Rhône-Alpes;1376.578;Zone GRTgaz
23/05/2023;Auvergne-Rhône-Alpes;1393.587;Zone GRTgaz
12/05/2024;Auvergne-Rhône-Alpes;1687.8129335999997;Zone GRTgaz
07/04/2019;Auvergne-Rhône-Alpes;172.229;Zone GRTgaz
19/09/2019;Auvergne-Rhône-Alpes;193.991;Zone GRTgaz
29/10/2024;Auvergne-Rhône-Alpes;1922.3762166000001;Zone GRTgaz
30/07/2021;Auvergne-Rhône-Alpes;525.704;Zone GRTgaz
27/08/2023;Auvergne-Rhône-Alpes;1214.143;Zone GRTgaz
11/12/2019;Auvergne-Rhône-Alpes;246.279;Zone GRTgaz
30/01/2022;Auvergne-Rhône-Alpes;772.281;Zone GRTgaz
29/08/2022;Auvergne-Rhône-Alpes;1076.924;Zone GRTgaz
17/04/2024;Auvergne-Rhône-Alpes;1820.4498953999998;Zone GRTgaz
03/04/2018;Auvergne-Rhône-Alpes;111.482;Zone GRTgaz
28/09/2024;Auvergne-Rhône-Alpes;1781.339472;Zone GRTgaz
22/03/2023;Auvergne-Rhône-Alpes;1357.719;Zone GRTgaz
11/09/2020;Auvergne-Rhône-Alpes;338.646;Zone GRTgaz
31/07/2024;Auvergne-Rhône-Alpes;1729.4579297999999;Zone GRTgaz
10/04/2024;Auvergne-Rhône-Alpes;1804.4714592000003;Zone GRTgaz
21/12/2019;Auvergne-Rhône-Alpes;303.244;Zone GRTgaz
24/08/2018;Auvergne-Rhône-Alpes;106.668;Zone GRTgaz
30/07/2017;Auvergne-Rhône-Alpes;95.44;Zone GRTgaz
20/07/2017;Auvergne-Rhône-Alpes;104.498;Zone GRTgaz
11/06/2017;Auvergne-Rhône-Alpes;92.141;Zone GRTgaz
18/03/2018;Auvergne-Rhône-Alpes;104.677;Zone GRTgaz
10/10/2016;Auvergne-Rhône-Alpes;26.17299999999999;Zone GRTgaz
18/09/2018;Auvergne-Rhône-Alpes;127.469;Zone GRTgaz
13/06/2017;Auvergne-Rhône-Alpes;68.626;Zone GRTgaz
12/07/2018;Auvergne-Rhône-Alpes;116.46500000000002;Zone GRTgaz
06/01/2017;Auvergne-Rhône-Alpes;60.83599999999999;Zone GRTgaz
16/11/2016;Auvergne-Rhône-Alpes;14.435999999999995;Zone GRTgaz
30/11/2016;Auvergne-Rhône-Alpes;38.553;Zone GRTgaz
20/10/2016;Auvergne-Rhône-Alpes;33.928;Zone GRTgaz
28/01/2021;Auvergne-Rhône-Alpes;404.02;Zone GRTgaz
28/05/2023;Auvergne-Rhône-Alpes;1290.321;Zone GRTgaz
11/12/2021;Auvergne-Rhône-Alpes;752.138;Zone GRTgaz
14/09/2023;Auvergne-Rhône-Alpes;1404.356;Zone GRTgaz
11/10/2024;Auvergne-Rhône-Alpes;1812.5564255999998;Zone GRTgaz
21/09/2021;Auvergne-Rhône-Alpes;627.365;Zone GRTgaz
28/11/2022;Auvergne-Rhône-Alpes;1138.346;Zone GRTgaz
01/10/2018;Auvergne-Rhône-Alpes;116.812;Zone GRTgaz
04/06/2024;Auvergne-Rhône-Alpes;1813.3344432000001;Zone GRTgaz
24/05/2019;Auvergne-Rhône-Alpes;188.05;Zone GRTgaz
05/04/2023;Auvergne-Rhône-Alpes;1322.894;Zone GRTgaz
11/12/2024;Auvergne-Rhône-Alpes;1959.4353204;Zone GRTgaz
06/12/2021;Auvergne-Rhône-Alpes;712.539;Zone GRTgaz
08/03/2023;Auvergne-Rhône-Alpes;1297.763;Zone GRTgaz
11/03/2023;Auvergne-Rhône-Alpes;1319.243;Zone GRTgaz
10/08/2024;Auvergne-Rhône-Alpes;1563.2007821999998;Zone GRTgaz
02/09/2016;Auvergne-Rhône-Alpes;10.391000000000004;Zone GRTgaz
16/12/2016;Auvergne-Rhône-Alpes;65.47999999999999;Zone GRTgaz
27/01/2024;Auvergne-Rhône-Alpes;1645.7227830000002;Zone GRTgaz
17/03/2022;Auvergne-Rhône-Alpes;976.033;Zone GRTgaz
28/05/2024;Auvergne-Rhône-Alpes;1796.0486166;Zone GRTgaz
18/09/2021;Auvergne-Rhône-Alpes;611.745;Zone GRTgaz
18/03/2017;Auvergne-Rhône-Alpes;73.032;Zone GRTgaz
14/02/2019;Auvergne-Rhône-Alpes;145.73399999999998;Zone GRTgaz
29/01/2020;Auvergne-Rhône-Alpes;284.193;Zone GRTgaz
17/08/2019;Auvergne-Rhône-Alpes;160.524;Zone GRTgaz
18/07/2023;Auvergne-Rhône-Alpes;1300.006;Zone GRTgaz
07/12/2021;Auvergne-Rhône-Alpes;795.892;Zone GRTgaz
27/07/2018;Auvergne-Rhône-Alpes;95.227;Zone GRTgaz
16/06/2020;Auvergne-Rhône-Alpes;233.109;Zone GRTgaz
25/09/2024;Auvergne-Rhône-Alpes;1861.4391911999999;Zone GRTgaz
18/03/2024;Auvergne-Rhône-Alpes;1761.743655;Zone GRTgaz
28/10/2023;Auvergne-Rhône-Alpes;1418.383;Zone GRTgaz
22/02/2024;Auvergne-Rhône-Alpes;1699.8551622;Zone GRTgaz
13/10/2024;Auvergne-Rhône-Alpes;1704.8140218000003;Zone GRTgaz
31/12/2022;Auvergne-Rhône-Alpes;1287.253;Zone GRTgaz
18/11/2020;Auvergne-Rhône-Alpes;295.641;Zone GRTgaz
08/04/2024;Auvergne-Rhône-Alpes;1729.6394003999999;Zone GRTgaz
17/11/2021;Auvergne-Rhône-Alpes;724.563;Zone GRTgaz
23/01/2020;Auvergne-Rhône-Alpes;264.848;Zone GRTgaz
16/03/2022;Auvergne-Rhône-Alpes;956.074;Zone GRTgaz
10/02/2024;Auvergne-Rhône-Alpes;1650.9974616000002;Zone GRTgaz
08/07/2020;Auvergne-Rhône-Alpes;255.025;Zone GRTgaz
24/07/2024;Auvergne-Rhône-Alpes;1799.6319089999997;Zone GRTgaz
18/02/2021;Auvergne-Rhône-Alpes;362.922;Zone GRTgaz
31/05/2023;Auvergne-Rhône-Alpes;1284.552;Zone GRTgaz
22/07/2023;Auvergne-Rhône-Alpes;1216.022;Zone GRTgaz
23/11/2016;Auvergne-Rhône-Alpes;45.754;Zone GRTgaz
07/11/2016;Auvergne-Rhône-Alpes;33.68099999999999;Zone GRTgaz
13/01/2017;Auvergne-Rhône-Alpes;102.00499999999997;Zone GRTgaz
23/12/2016;Auvergne-Rhône-Alpes;63.25699999999999;Zone GRTgaz
01/12/2016;Auvergne-Rhône-Alpes;39.164;Zone GRTgaz
25/11/2022;Auvergne-Rhône-Alpes;1143.182;Zone GRTgaz
26/06/2022;Auvergne-Rhône-Alpes;869.623;Zone GRTgaz
13/11/2022;Auvergne-Rhône-Alpes;1078.26;Zone GRTgaz
12/08/2024;Auvergne-Rhône-Alpes;1684.0571940000002;Zone GRTgaz
24/11/2021;Auvergne-Rhône-Alpes;703.251;Zone GRTgaz
21/05/2022;Auvergne-Rhône-Alpes;916.728;Zone GRTgaz
18/01/2023;Auvergne-Rhône-Alpes;1301.99;Zone GRTgaz
02/08/2019;Auvergne-Rhône-Alpes;186.278;Zone GRTgaz
11/09/2024;Auvergne-Rhône-Alpes;1791.4266305999997;Zone GRTgaz
23/08/2024;Auvergne-Rhône-Alpes;1733.625738;Zone GRTgaz
29/01/2024;Auvergne-Rhône-Alpes;1584.0889506000003;Zone GRTgaz
26/09/2018;Auvergne-Rhône-Alpes;132.412;Zone GRTgaz
08/06/2023;Auvergne-Rhône-Alpes;1391.919;Zone GRTgaz
13/11/2017;Auvergne-Rhône-Alpes;116.10999999999999;Zone GRTgaz
20/04/2019;Auvergne-Rhône-Alpes;186.691;Zone GRTgaz
06/10/2018;Auvergne-Rhône-Alpes;136.493;Zone GRTgaz
09/07/2017;Auvergne-Rhône-Alpes;76.528;Zone GRTgaz
07/01/2018;Auvergne-Rhône-Alpes;71.982;Zone GRTgaz
02/05/2019;Auvergne-Rhône-Alpes;175.235;Zone GRTgaz
11/05/2018;Auvergne-Rhône-Alpes;146.063;Zone GRTgaz
13/05/2018;Auvergne-Rhône-Alpes;112.969;Zone GRTgaz
18/11/2019;Auvergne-Rhône-Alpes;196.318;Zone GRTgaz
03/02/2019;Auvergne-Rhône-Alpes;119.56099999999996;Zone GRTgaz
19/05/2018;Auvergne-Rhône-Alpes;151.007;Zone GRTgaz
19/11/2017;Auvergne-Rhône-Alpes;117.617;Zone GRTgaz
27/10/2021;Auvergne-Rhône-Alpes;635.698;Zone GRTgaz
23/09/2020;Auvergne-Rhône-Alpes;326.919;Zone GRTgaz
16/10/2023;Auvergne-Rhône-Alpes;1483.872;Zone GRTgaz
17/10/2016;Auvergne-Rhône-Alpes;19.443;Zone GRTgaz
21/11/2023;Auvergne-Rhône-Alpes;1628.534;Zone GRTgaz
01/02/2019;Auvergne-Rhône-Alpes;179.09299999999993;Zone GRTgaz
01/11/2018;Auvergne-Rhône-Alpes;111.902;Zone GRTgaz
28/09/2017;Auvergne-Rhône-Alpes;122.804;Zone GRTgaz
09/09/2021;Auvergne-Rhône-Alpes;525.633;Zone GRTgaz
02/07/2019;Auvergne-Rhône-Alpes;179.647;Zone GRTgaz
21/11/2016;Auvergne-Rhône-Alpes;41.806999999999995;Zone GRTgaz
14/10/2019;Auvergne-Rhône-Alpes;180.523;Zone GRTgaz
18/08/2018;Auvergne-Rhône-Alpes;87.941;Zone GRTgaz
24/12/2019;Auvergne-Rhône-Alpes;246.459;Zone GRTgaz
04/09/2018;Auvergne-Rhône-Alpes;113.42;Zone GRTgaz
01/11/2019;Auvergne-Rhône-Alpes;220.503;Zone GRTgaz
19/12/2022;Auvergne-Rhône-Alpes;1239.32;Zone GRTgaz
08/11/2022;Auvergne-Rhône-Alpes;1163.366;Zone GRTgaz
05/02/2023;Auvergne-Rhône-Alpes;1353.226;Zone GRTgaz
28/04/2019;Auvergne-Rhône-Alpes;160.283;Zone GRTgaz
20/03/2020;Auvergne-Rhône-Alpes;306.936;Zone GRTgaz
09/02/2020;Auvergne-Rhône-Alpes;222.145;Zone GRTgaz
31/05/2017;Auvergne-Rhône-Alpes;122.965;Zone GRTgaz
17/11/2019;Auvergne-Rhône-Alpes;194.644;Zone GRTgaz
31/03/2017;Auvergne-Rhône-Alpes;133.473;Zone GRTgaz
03/12/2017;Auvergne-Rhône-Alpes;83.666;Zone GRTgaz
28/12/2021;Auvergne-Rhône-Alpes;854.309;Zone GRTgaz
01/12/2024;Auvergne-Rhône-Alpes;1777.2779394;Zone GRTgaz
21/08/2019;Auvergne-Rhône-Alpes;175.32799999999997;Zone GRTgaz
21/11/2017;Auvergne-Rhône-Alpes;118.18;Zone GRTgaz
26/08/2023;Auvergne-Rhône-Alpes;1219.127;Zone GRTgaz
09/08/2024;Auvergne-Rhône-Alpes;1743.9725700000001;Zone GRTgaz
07/02/2019;Auvergne-Rhône-Alpes;136.044;Zone GRTgaz
15/12/2021;Auvergne-Rhône-Alpes;794.163;Zone GRTgaz
02/02/2022;Auvergne-Rhône-Alpes;776.034;Zone GRTgaz
21/10/2018;Auvergne-Rhône-Alpes;127.253;Zone GRTgaz
26/01/2019;Auvergne-Rhône-Alpes;161.59599999999998;Zone GRTgaz
25/03/2020;Auvergne-Rhône-Alpes;266.247;Zone GRTgaz
25/01/2024;Auvergne-Rhône-Alpes;1728.4934285999998;Zone GRTgaz
01/03/2022;Auvergne-Rhône-Alpes;885.646;Zone GRTgaz
22/10/2023;Auvergne-Rhône-Alpes;1309.484;Zone GRTgaz
05/02/2020;Auvergne-Rhône-Alpes;232.407;Zone GRTgaz
01/06/2023;Auvergne-Rhône-Alpes;1368.603;Zone GRTgaz
20/04/2021;Auvergne-Rhône-Alpes;446.581;Zone GRTgaz
28/08/2024;Auvergne-Rhône-Alpes;1675.5280757999997;Zone GRTgaz
09/01/2024;Auvergne-Rhône-Alpes;1544.1370925999997;Zone GRTgaz
06/03/2020;Auvergne-Rhône-Alpes;301.371;Zone GRTgaz
30/11/2023;Auvergne-Rhône-Alpes;1521.805;Zone GRTgaz
10/05/2022;Auvergne-Rhône-Alpes;1048.889;Zone GRTgaz
28/05/2021;Auvergne-Rhône-Alpes;449.942;Zone GRTgaz
07/08/2017;Auvergne-Rhône-Alpes;97.57399999999997;Zone GRTgaz
27/09/2022;Auvergne-Rhône-Alpes;1024.011;Zone GRTgaz
14/04/2024;Auvergne-Rhône-Alpes;1692.8108945999998;Zone GRTgaz
02/08/2020;Auvergne-Rhône-Alpes;268.693;Zone GRTgaz
11/03/2024;Auvergne-Rhône-Alpes;1605.9536514;Zone GRTgaz
29/06/2021;Auvergne-Rhône-Alpes;467.624;Zone GRTgaz
08/10/2016;Auvergne-Rhône-Alpes;20.819;Zone GRTgaz
04/09/2022;Auvergne-Rhône-Alpes;1018.833;Zone GRTgaz
04/07/2024;Auvergne-Rhône-Alpes;1876.9504158;Zone GRTgaz
11/11/2017;Auvergne-Rhône-Alpes;115.344;Zone GRTgaz
19/07/2022;Auvergne-Rhône-Alpes;964.755;Zone GRTgaz
27/03/2019;Auvergne-Rhône-Alpes;187.967;Zone GRTgaz
14/09/2021;Auvergne-Rhône-Alpes;599.495;Zone GRTgaz
31/10/2017;Auvergne-Rhône-Alpes;120.202;Zone GRTgaz
18/02/2024;Auvergne-Rhône-Alpes;1659.6198215999996;Zone GRTgaz
02/09/2023;Auvergne-Rhône-Alpes;2.671929;Zone Teréga
11/09/2023;Auvergne-Rhône-Alpes;2.9847402;Zone Teréga
16/09/2023;Auvergne-Rhône-Alpes;4.7453058;Zone Teréga
29/09/2023;Auvergne-Rhône-Alpes;5.1242886;Zone Teréga
26/10/2023;Auvergne-Rhône-Alpes;5.0992236;Zone Teréga
14/11/2023;Auvergne-Rhône-Alpes;2.5034922;Zone Teréga
17/12/2023;Auvergne-Rhône-Alpes;1.5159312;Zone Teréga
05/01/2024;Auvergne-Rhône-Alpes;4.531752;Zone Teréga
18/01/2024;Auvergne-Rhône-Alpes;6.592095;Zone Teréga
26/01/2024;Auvergne-Rhône-Alpes;5.3258112;Zone Teréga
27/01/2024;Auvergne-Rhône-Alpes;5.083182;Zone Teréga
07/02/2024;Auvergne-Rhône-Alpes;8.2072836;Zone Teréga
12/06/2024;Auvergne-Rhône-Alpes;5.8040514;Zone Teréga
16/06/2024;Auvergne-Rhône-Alpes;5.8862646;Zone Teréga
10/07/2024;Auvergne-Rhône-Alpes;6.772563;Zone Teréga
27/07/2024;Auvergne-Rhône-Alpes;5.6687004;Zone Teréga
05/09/2024;Auvergne-Rhône-Alpes;5.7779838;Zone Teréga
13/10/2024;Auvergne-Rhône-Alpes;6.8748282;Zone Teréga
01/11/2024;Auvergne-Rhône-Alpes;7.4573388;Zone Teréga
21/11/2024;Auvergne-Rhône-Alpes;5.098221;Zone Teréga
20/10/2023;Auvergne-Rhône-Alpes;8.527113;Zone Teréga
27/11/2023;Auvergne-Rhône-Alpes;3.5050896;Zone Teréga
04/12/2023;Auvergne-Rhône-Alpes;5.1453432;Zone Teréga
06/12/2023;Auvergne-Rhône-Alpes;4.8245112;Zone Teréga
29/12/2023;Auvergne-Rhône-Alpes;3.7076148;Zone Teréga
06/01/2024;Auvergne-Rhône-Alpes;5.0701482;Zone Teréga
17/02/2024;Auvergne-Rhône-Alpes;7.4854116;Zone Teréga
21/03/2024;Auvergne-Rhône-Alpes;4.5227286;Zone Teréga
04/04/2024;Auvergne-Rhône-Alpes;6.3374346;Zone Teréga
23/04/2024;Auvergne-Rhône-Alpes;8.3356164;Zone Teréga
30/04/2024;Auvergne-Rhône-Alpes;6.0938028;Zone Teréga
04/05/2024;Auvergne-Rhône-Alpes;3.794841;Zone Teréga
31/05/2024;Auvergne-Rhône-Alpes;8.5561884;Zone Teréga
24/08/2024;Auvergne-Rhône-Alpes;4.9357998;Zone Teréga
11/09/2024;Auvergne-Rhône-Alpes;6.1048314;Zone Teréga
25/09/2024;Auvergne-Rhône-Alpes;3.6865602;Zone Teréga
21/10/2024;Auvergne-Rhône-Alpes;5.9193504;Zone Teréga
27/10/2024;Auvergne-Rhône-Alpes;6.727446;Zone Teréga
19/11/2024;Auvergne-Rhône-Alpes;6.5640222;Zone Teréga
18/08/2019;Auvergne-Rhône-Alpes;136.399;Zone GRTgaz
15/01/2024;Auvergne-Rhône-Alpes;1571.795108;Zone GRTgaz
08/08/2019;Auvergne-Rhône-Alpes;166.799;Zone GRTgaz
29/05/2018;Auvergne-Rhône-Alpes;163.35299999999998;Zone GRTgaz
22/07/2020;Auvergne-Rhône-Alpes;251.302;Zone GRTgaz
04/03/2024;Auvergne-Rhône-Alpes;1751.9191776;Zone GRTgaz
30/11/2022;Auvergne-Rhône-Alpes;1173.902;Zone GRTgaz
04/03/2022;Auvergne-Rhône-Alpes;887.364;Zone GRTgaz
25/10/2020;Auvergne-Rhône-Alpes;292.0369999999999;Zone GRTgaz
15/11/2017;Auvergne-Rhône-Alpes;84.644;Zone GRTgaz
15/09/2022;Auvergne-Rhône-Alpes;1103.858;Zone GRTgaz
11/11/2018;Auvergne-Rhône-Alpes;133.292;Zone GRTgaz
09/04/2020;Auvergne-Rhône-Alpes;297.83;Zone GRTgaz
31/07/2018;Auvergne-Rhône-Alpes;93.951;Zone GRTgaz
24/09/2020;Auvergne-Rhône-Alpes;334.06;Zone GRTgaz
23/10/2018;Auvergne-Rhône-Alpes;122.627;Zone GRTgaz
25/09/2016;Auvergne-Rhône-Alpes;36.713;Zone GRTgaz
24/04/2020;Auvergne-Rhône-Alpes;295.921;Zone GRTgaz
31/05/2019;Auvergne-Rhône-Alpes;177.20999999999998;Zone GRTgaz
29/10/2019;Auvergne-Rhône-Alpes;230.70199999999994;Zone GRTgaz
24/07/2019;Auvergne-Rhône-Alpes;151.082;Zone GRTgaz
05/05/2020;Auvergne-Rhône-Alpes;292.15;Zone GRTgaz
30/08/2018;Auvergne-Rhône-Alpes;68.594;Zone GRTgaz
09/09/2017;Auvergne-Rhône-Alpes;105.39099999999998;Zone GRTgaz
05/06/2020;Auvergne-Rhône-Alpes;275.994;Zone GRTgaz
19/05/2020;Auvergne-Rhône-Alpes;227.745;Zone GRTgaz
01/11/2017;Auvergne-Rhône-Alpes;121.07599999999998;Zone GRTgaz
25/10/2023;Auvergne-Rhône-Alpes;1442.412;Zone GRTgaz
18/01/2024;Auvergne-Rhône-Alpes;1705.3614413999996;Zone GRTgaz
18/09/2023;Auvergne-Rhône-Alpes;1336.602;Zone GRTgaz
11/01/2022;Auvergne-Rhône-Alpes;760.818;Zone GRTgaz
10/05/2020;Auvergne-Rhône-Alpes;282.961;Zone GRTgaz
04/06/2020;Auvergne-Rhône-Alpes;272.948;Zone GRTgaz
19/03/2019;Auvergne-Rhône-Alpes;173.3;Zone GRTgaz
09/08/2022;Auvergne-Rhône-Alpes;1010.759;Zone GRTgaz
07/08/2021;Auvergne-Rhône-Alpes;508.634;Zone GRTgaz
29/04/2022;Auvergne-Rhône-Alpes;1053.163;Zone GRTgaz
26/01/2023;Auvergne-Rhône-Alpes;1364.026;Zone GRTgaz
07/04/2024;Auvergne-Rhône-Alpes;1700.1068147999997;Zone GRTgaz
01/09/2020;Auvergne-Rhône-Alpes;247.041;Zone GRTgaz
02/08/2021;Auvergne-Rhône-Alpes;527.258;Zone GRTgaz
25/11/2024;Auvergne-Rhône-Alpes;1769.3122824;Zone GRTgaz
15/05/2021;Auvergne-Rhône-Alpes;432.305;Zone GRTgaz
13/05/2022;Auvergne-Rhône-Alpes;1061.851;Zone GRTgaz
23/08/2018;Auvergne-Rhône-Alpes;125.539;Zone GRTgaz
01/12/2019;Auvergne-Rhône-Alpes;236.726;Zone GRTgaz
21/09/2020;Auvergne-Rhône-Alpes;292.397;Zone GRTgaz
06/07/2018;Auvergne-Rhône-Alpes;146.149;Zone GRTgaz
18/04/2018;Auvergne-Rhône-Alpes;113.131;Zone GRTgaz
07/11/2024;Auvergne-Rhône-Alpes;1849.6095138;Zone GRTgaz
18/11/2018;Auvergne-Rhône-Alpes;131.796;Zone GRTgaz
08/01/2020;Auvergne-Rhône-Alpes;275.195;Zone GRTgaz
01/10/2017;Auvergne-Rhône-Alpes;121.208;Zone GRTgaz
02/11/2020;Auvergne-Rhône-Alpes;297.41599999999994;Zone GRTgaz
15/04/2024;Auvergne-Rhône-Alpes;1793.4418566000002;Zone GRTgaz
17/02/2021;Auvergne-Rhône-Alpes;352.402;Zone GRTgaz
03/12/2022;Auvergne-Rhône-Alpes;1267.475;Zone GRTgaz
25/08/2021;Auvergne-Rhône-Alpes;578.328;Zone GRTgaz
18/11/2023;Auvergne-Rhône-Alpes;1491.808;Zone GRTgaz
17/12/2016;Auvergne-Rhône-Alpes;56.549;Zone GRTgaz
02/11/2021;Auvergne-Rhône-Alpes;675.214;Zone GRTgaz
21/08/2020;Auvergne-Rhône-Alpes;273.695;Zone GRTgaz
08/11/2024;Auvergne-Rhône-Alpes;1930.9133556000002;Zone GRTgaz
07/08/2023;Auvergne-Rhône-Alpes;1261.584;Zone GRTgaz
12/07/2024;Auvergne-Rhône-Alpes;1865.93886;Zone GRTgaz
13/04/2024;Auvergne-Rhône-Alpes;1766.5872155999996;Zone GRTgaz
21/07/2020;Auvergne-Rhône-Alpes;255.941;Zone GRTgaz
02/11/2024;Auvergne-Rhône-Alpes;1813.0587281999997;Zone GRTgaz
17/01/2021;Auvergne-Rhône-Alpes;288.331;Zone GRTgaz
24/05/2023;Auvergne-Rhône-Alpes;1377.931;Zone GRTgaz
29/04/2020;Auvergne-Rhône-Alpes;272.711;Zone GRTgaz
25/07/2021;Auvergne-Rhône-Alpes;460.531;Zone GRTgaz
28/04/2022;Auvergne-Rhône-Alpes;1005.124;Zone GRTgaz
23/06/2023;Auvergne-Rhône-Alpes;1282.466;Zone GRTgaz
10/05/2024;Auvergne-Rhône-Alpes;1742.5869768;Zone GRTgaz
21/03/2020;Auvergne-Rhône-Alpes;298.26;Zone GRTgaz
22/01/2022;Auvergne-Rhône-Alpes;722.651;Zone GRTgaz
06/09/2021;Auvergne-Rhône-Alpes;528.3879999999999;Zone GRTgaz
25/08/2019;Auvergne-Rhône-Alpes;157.825;Zone GRTgaz
10/12/2022;Auvergne-Rhône-Alpes;1220.086;Zone GRTgaz
14/07/2017;Auvergne-Rhône-Alpes;116.666;Zone GRTgaz
30/06/2019;Auvergne-Rhône-Alpes;140.67;Zone GRTgaz
18/01/2021;Auvergne-Rhône-Alpes;343.397;Zone GRTgaz
04/08/2018;Auvergne-Rhône-Alpes;118.465;Zone GRTgaz
12/08/2018;Auvergne-Rhône-Alpes;74.287;Zone GRTgaz
14/04/2021;Auvergne-Rhône-Alpes;412.712;Zone GRTgaz
01/05/2020;Auvergne-Rhône-Alpes;319.749;Zone GRTgaz
06/09/2020;Auvergne-Rhône-Alpes;267.86;Zone GRTgaz
23/07/2017;Auvergne-Rhône-Alpes;108.265;Zone GRTgaz
01/02/2018;Auvergne-Rhône-Alpes;128.732;Zone GRTgaz
11/03/2017;Auvergne-Rhône-Alpes;107.164;Zone GRTgaz
30/09/2018;Auvergne-Rhône-Alpes;91.727;Zone GRTgaz
13/09/2019;Auvergne-Rhône-Alpes;163.295;Zone GRTgaz
28/09/2018;Auvergne-Rhône-Alpes;110.723;Zone GRTgaz
25/06/2019;Auvergne-Rhône-Alpes;181.15299999999996;Zone GRTgaz
06/06/2019;Auvergne-Rhône-Alpes;176.665;Zone GRTgaz
21/07/2018;Auvergne-Rhône-Alpes;129.206;Zone GRTgaz
01/07/2017;Auvergne-Rhône-Alpes;91.57199999999999;Zone GRTgaz
12/02/2018;Auvergne-Rhône-Alpes;105.62099999999998;Zone GRTgaz
14/03/2017;Auvergne-Rhône-Alpes;77.09199999999998;Zone GRTgaz
05/11/2016;Auvergne-Rhône-Alpes;37.767999999999994;Zone GRTgaz
10/09/2017;Auvergne-Rhône-Alpes;98.852;Zone GRTgaz
25/12/2017;Auvergne-Rhône-Alpes;73.936;Zone GRTgaz
11/11/2019;Auvergne-Rhône-Alpes;177.035;Zone GRTgaz
30/06/2020;Auvergne-Rhône-Alpes;294.169;Zone GRTgaz
16/09/2020;Auvergne-Rhône-Alpes;307.19;Zone GRTgaz
28/02/2021;Auvergne-Rhône-Alpes;348.52099999999996;Zone GRTgaz
18/06/2021;Auvergne-Rhône-Alpes;498.062;Zone GRTgaz
06/03/2024;Auvergne-Rhône-Alpes;1725.8044553999998;Zone GRTgaz
03/06/2018;Auvergne-Rhône-Alpes;129.93;Zone GRTgaz
30/08/2021;Auvergne-Rhône-Alpes;539.079;Zone GRTgaz
16/12/2022;Auvergne-Rhône-Alpes;1282.854;Zone GRTgaz
09/07/2022;Auvergne-Rhône-Alpes;1045.508;Zone GRTgaz
16/07/2024;Auvergne-Rhône-Alpes;1822.4701343999998;Zone GRTgaz
04/08/2019;Auvergne-Rhône-Alpes;169.502;Zone GRTgaz
27/12/2021;Auvergne-Rhône-Alpes;839.442;Zone GRTgaz
18/07/2019;Auvergne-Rhône-Alpes;156.864;Zone GRTgaz
18/07/2022;Auvergne-Rhône-Alpes;994.242;Zone GRTgaz
30/05/2023;Auvergne-Rhône-Alpes;1355.448;Zone GRTgaz
13/05/2023;Auvergne-Rhône-Alpes;1422.505;Zone GRTgaz
11/03/2021;Auvergne-Rhône-Alpes;437.169;Zone GRTgaz
06/02/2022;Auvergne-Rhône-Alpes;761.747;Zone GRTgaz
14/01/2018;Auvergne-Rhône-Alpes;105.317;Zone GRTgaz
14/12/2016;Auvergne-Rhône-Alpes;49.424;Zone GRTgaz
28/11/2017;Auvergne-Rhône-Alpes;132.207;Zone GRTgaz
25/01/2019;Auvergne-Rhône-Alpes;136.941;Zone GRTgaz
30/10/2019;Auvergne-Rhône-Alpes;218.57499999999996;Zone GRTgaz
12/07/2022;Auvergne-Rhône-Alpes;1037.036;Zone GRTgaz
09/08/2023;Auvergne-Rhône-Alpes;1292.853;Zone GRTgaz
17/05/2017;Auvergne-Rhône-Alpes;83.98399999999998;Zone GRTgaz
19/01/2018;Auvergne-Rhône-Alpes;140.101;Zone GRTgaz
01/04/2017;Auvergne-Rhône-Alpes;132.089;Zone GRTgaz
08/07/2022;Auvergne-Rhône-Alpes;1061.538;Zone GRTgaz
30/05/2021;Auvergne-Rhône-Alpes;356.267;Zone GRTgaz
29/03/2023;Auvergne-Rhône-Alpes;1342.864;Zone GRTgaz
12/12/2023;Auvergne-Rhône-Alpes;1629.531;Zone GRTgaz
19/12/2023;Auvergne-Rhône-Alpes;1593.693;Zone GRTgaz
12/06/2021;Auvergne-Rhône-Alpes;523.813;Zone GRTgaz
27/10/2022;Auvergne-Rhône-Alpes;1167.409;Zone GRTgaz
09/07/2024;Auvergne-Rhône-Alpes;1868.6047733999997;Zone GRTgaz
04/12/2024;Auvergne-Rhône-Alpes;1926.4608090000002;Zone GRTgaz
22/04/2022;Auvergne-Rhône-Alpes;1085.965;Zone GRTgaz
19/01/2020;Auvergne-Rhône-Alpes;274.576;Zone GRTgaz
18/08/2023;Auvergne-Rhône-Alpes;1298.356;Zone GRTgaz
28/11/2021;Auvergne-Rhône-Alpes;737.149;Zone GRTgaz
07/12/2024;Auvergne-Rhône-Alpes;1925.0631845999997;Zone GRTgaz
05/01/2023;Auvergne-Rhône-Alpes;1311.465;Zone GRTgaz
20/12/2019;Auvergne-Rhône-Alpes;275.386;Zone GRTgaz
05/04/2024;Auvergne-Rhône-Alpes;1759.9429853999995;Zone GRTgaz
04/02/2019;Auvergne-Rhône-Alpes;96.776;Zone GRTgaz
08/04/2020;Auvergne-Rhône-Alpes;282.568;Zone GRTgaz
01/11/2021;Auvergne-Rhône-Alpes;624.985;Zone GRTgaz
14/10/2016;Auvergne-Rhône-Alpes;37.524;Zone GRTgaz
22/02/2021;Auvergne-Rhône-Alpes;372.837;Zone GRTgaz
22/05/2018;Auvergne-Rhône-Alpes;117.494;Zone GRTgaz
19/04/2021;Auvergne-Rhône-Alpes;424.306;Zone GRTgaz
04/05/2020;Auvergne-Rhône-Alpes;273.226;Zone GRTgaz
20/11/2017;Auvergne-Rhône-Alpes;124.07099999999998;Zone GRTgaz
19/06/2019;Auvergne-Rhône-Alpes;147.671;Zone GRTgaz
05/04/2022;Auvergne-Rhône-Alpes;1028.463;Zone GRTgaz
26/11/2022;Auvergne-Rhône-Alpes;1163.394;Zone GRTgaz
14/06/2020;Auvergne-Rhône-Alpes;263.88699999999994;Zone GRTgaz
21/03/2019;Auvergne-Rhône-Alpes;174.27;Zone GRTgaz
28/12/2023;Auvergne-Rhône-Alpes;1564.069;Zone GRTgaz
20/05/2021;Auvergne-Rhône-Alpes;449.963;Zone GRTgaz
23/07/2018;Auvergne-Rhône-Alpes;109.139;Zone GRTgaz
16/05/2018;Auvergne-Rhône-Alpes;104.497;Zone GRTgaz
28/01/2022;Auvergne-Rhône-Alpes;797.801;Zone GRTgaz
03/09/2023;Auvergne-Rhône-Alpes;1227.709;Zone GRTgaz
17/05/2022;Auvergne-Rhône-Alpes;959.684;Zone GRTgaz
18/07/2024;Auvergne-Rhône-Alpes;1788.2955108;Zone GRTgaz
05/10/2022;Auvergne-Rhône-Alpes;1143.271;Zone GRTgaz
01/11/2024;Auvergne-Rhône-Alpes;1867.7806361999997;Zone GRTgaz
04/10/2021;Auvergne-Rhône-Alpes;592.912;Zone GRTgaz
19/09/2022;Auvergne-Rhône-Alpes;1091.955;Zone GRTgaz
06/04/2020;Auvergne-Rhône-Alpes;259.785;Zone GRTgaz
24/05/2022;Auvergne-Rhône-Alpes;1051.188;Zone GRTgaz
08/10/2024;Auvergne-Rhône-Alpes;1805.3146458;Zone GRTgaz
13/08/2021;Auvergne-Rhône-Alpes;528.135;Zone GRTgaz
25/04/2023;Auvergne-Rhône-Alpes;1377.435;Zone GRTgaz
12/02/2022;Auvergne-Rhône-Alpes;793.716;Zone GRTgaz
11/11/2022;Auvergne-Rhône-Alpes;1170.67;Zone GRTgaz
13/01/2023;Auvergne-Rhône-Alpes;1306.782;Zone GRTgaz
29/10/2023;Auvergne-Rhône-Alpes;1347.211;Zone GRTgaz
02/12/2023;Auvergne-Rhône-Alpes;1512.496;Zone GRTgaz
30/05/2024;Auvergne-Rhône-Alpes;1797.1374402;Zone GRTgaz
17/11/2016;Auvergne-Rhône-Alpes;47.183;Zone GRTgaz
21/09/2016;Auvergne-Rhône-Alpes;14.393999999999997;Zone GRTgaz
27/05/2017;Auvergne-Rhône-Alpes;69.344;Zone GRTgaz
03/12/2016;Auvergne-Rhône-Alpes;51.38199999999999;Zone GRTgaz
06/10/2016;Auvergne-Rhône-Alpes;30.726;Zone GRTgaz
14/07/2023;Auvergne-Rhône-Alpes;1289.134;Zone GRTgaz
03/03/2024;Auvergne-Rhône-Alpes;1653.7516037999999;Zone GRTgaz
18/06/2017;Auvergne-Rhône-Alpes;66.5;Zone GRTgaz
26/02/2024;Auvergne-Rhône-Alpes;1713.5416548;Zone GRTgaz
22/12/2022;Auvergne-Rhône-Alpes;1275.991;Zone GRTgaz
25/12/2018;Auvergne-Rhône-Alpes;103.486;Zone GRTgaz
25/03/2018;Auvergne-Rhône-Alpes;118.71799999999999;Zone GRTgaz
10/10/2023;Auvergne-Rhône-Alpes;1439.016;Zone GRTgaz
04/01/2022;Auvergne-Rhône-Alpes;753.178;Zone GRTgaz
06/09/2024;Auvergne-Rhône-Alpes;1930.8401658;Zone GRTgaz
15/02/2022;Auvergne-Rhône-Alpes;879.17;Zone GRTgaz
21/06/2023;Auvergne-Rhône-Alpes;1339.46;Zone GRTgaz
02/07/2021;Auvergne-Rhône-Alpes;482.563;Zone GRTgaz
12/03/2020;Auvergne-Rhône-Alpes;236.302;Zone GRTgaz
02/02/2019;Auvergne-Rhône-Alpes;167.951;Zone GRTgaz
12/04/2020;Auvergne-Rhône-Alpes;286.903;Zone GRTgaz
16/07/2019;Auvergne-Rhône-Alpes;180.553;Zone GRTgaz
15/05/2020;Auvergne-Rhône-Alpes;299.71;Zone GRTgaz
23/12/2019;Auvergne-Rhône-Alpes;245.418;Zone GRTgaz
26/04/2019;Auvergne-Rhône-Alpes;165.76;Zone GRTgaz
13/01/2021;Auvergne-Rhône-Alpes;359.233;Zone GRTgaz
09/03/2024;Auvergne-Rhône-Alpes;1734.9842609999998;Zone GRTgaz
31/03/2018;Auvergne-Rhône-Alpes;144.107;Zone GRTgaz
05/02/2022;Auvergne-Rhône-Alpes;800.177;Zone GRTgaz
17/06/2020;Auvergne-Rhône-Alpes;207.874;Zone GRTgaz
09/10/2024;Auvergne-Rhône-Alpes;1768.0349699999997;Zone GRTgaz
06/09/2018;Auvergne-Rhône-Alpes;124.08499999999997;Zone GRTgaz
15/06/2021;Auvergne-Rhône-Alpes;546.063;Zone GRTgaz
16/08/2020;Auvergne-Rhône-Alpes;221.929;Zone GRTgaz
27/10/2020;Auvergne-Rhône-Alpes;281.218;Zone GRTgaz
17/08/2022;Auvergne-Rhône-Alpes;956.728;Zone GRTgaz
05/03/2019;Auvergne-Rhône-Alpes;176.911;Zone GRTgaz
15/11/2019;Auvergne-Rhône-Alpes;191.159;Zone GRTgaz
30/06/2021;Auvergne-Rhône-Alpes;456.243;Zone GRTgaz
30/12/2017;Auvergne-Rhône-Alpes;107.342;Zone GRTgaz
31/05/2020;Auvergne-Rhône-Alpes;287.723;Zone GRTgaz
17/10/2018;Auvergne-Rhône-Alpes;129.092;Zone GRTgaz
03/02/2022;Auvergne-Rhône-Alpes;812.5509999999999;Zone GRTgaz
25/04/2018;Auvergne-Rhône-Alpes;141.901;Zone GRTgaz
27/11/2017;Auvergne-Rhône-Alpes;119.79599999999999;Zone GRTgaz
03/05/2018;Auvergne-Rhône-Alpes;112.901;Zone GRTgaz
15/03/2020;Auvergne-Rhône-Alpes;246.117;Zone GRTgaz
15/11/2023;Auvergne-Rhône-Alpes;1553.174;Zone GRTgaz
16/12/2024;Auvergne-Rhône-Alpes;1891.2675437999999;Zone GRTgaz
26/12/2020;Auvergne-Rhône-Alpes;328.475;Zone GRTgaz
31/12/2021;Auvergne-Rhône-Alpes;749.27;Zone GRTgaz
15/10/2022;Auvergne-Rhône-Alpes;1179.324;Zone GRTgaz
23/11/2022;Auvergne-Rhône-Alpes;1157.932;Zone GRTgaz
06/04/2019;Auvergne-Rhône-Alpes;183.437;Zone GRTgaz
20/02/2023;Auvergne-Rhône-Alpes;1335.366;Zone GRTgaz
02/10/2022;Auvergne-Rhône-Alpes;1043.592;Zone GRTgaz
16/02/2023;Auvergne-Rhône-Alpes;1380.638;Zone GRTgaz
02/12/2021;Auvergne-Rhône-Alpes;820.922;Zone GRTgaz
24/09/2023;Auvergne-Rhône-Alpes;1320.915;Zone GRTgaz
29/09/2023;Auvergne-Rhône-Alpes;1424.369;Zone GRTgaz
23/10/2020;Auvergne-Rhône-Alpes;310.175;Zone GRTgaz
23/09/2024;Auvergne-Rhône-Alpes;1868.0633694;Zone GRTgaz
23/07/2024;Auvergne-Rhône-Alpes;1814.9195537999997;Zone GRTgaz
12/10/2018;Auvergne-Rhône-Alpes;146.722;Zone GRTgaz
12/09/2016;Auvergne-Rhône-Alpes;40.93099999999999;Zone GRTgaz
18/02/2023;Auvergne-Rhône-Alpes;1426.928;Zone GRTgaz
13/09/2021;Auvergne-Rhône-Alpes;540.541;Zone GRTgaz
12/03/2021;Auvergne-Rhône-Alpes;417.662;Zone GRTgaz
16/03/2023;Auvergne-Rhône-Alpes;1338.366;Zone GRTgaz
07/07/2017;Auvergne-Rhône-Alpes;70.551;Zone GRTgaz
01/08/2024;Auvergne-Rhône-Alpes;1789.4976282;Zone GRTgaz
22/09/2019;Auvergne-Rhône-Alpes;180.507;Zone GRTgaz
17/08/2023;Auvergne-Rhône-Alpes;1257.719;Zone GRTgaz
27/09/2024;Auvergne-Rhône-Alpes;1828.2551363999999;Zone GRTgaz
31/12/2023;Auvergne-Rhône-Alpes;1487.318;Zone GRTgaz
16/09/2022;Auvergne-Rhône-Alpes;1110.355;Zone GRTgaz
28/08/2020;Auvergne-Rhône-Alpes;302.113;Zone GRTgaz
05/07/2018;Auvergne-Rhône-Alpes;142.672;Zone GRTgaz
25/09/2023;Auvergne-Rhône-Alpes;1376.573;Zone GRTgaz
05/01/2020;Auvergne-Rhône-Alpes;245.075;Zone GRTgaz
15/02/2023;Auvergne-Rhône-Alpes;1406.076;Zone GRTgaz
23/07/2021;Auvergne-Rhône-Alpes;497.042;Zone GRTgaz
21/08/2023;Auvergne-Rhône-Alpes;1213.66;Zone GRTgaz
07/05/2019;Auvergne-Rhône-Alpes;184.851;Zone GRTgaz
17/06/2022;Auvergne-Rhône-Alpes;1035.176;Zone GRTgaz
14/10/2023;Auvergne-Rhône-Alpes;1471.663;Zone GRTgaz
06/07/2020;Auvergne-Rhône-Alpes;263.08899999999994;Zone GRTgaz
23/11/2023;Auvergne-Rhône-Alpes;1498.388;Zone GRTgaz
10/03/2022;Auvergne-Rhône-Alpes;945.771;Zone GRTgaz
13/12/2019;Auvergne-Rhône-Alpes;269.861;Zone GRTgaz
11/01/2023;Auvergne-Rhône-Alpes;1285.365;Zone GRTgaz
02/09/2024;Auvergne-Rhône-Alpes;1829.785104;Zone GRTgaz
09/12/2020;Auvergne-Rhône-Alpes;355.72;Zone GRTgaz
07/06/2018;Auvergne-Rhône-Alpes;158.815;Zone GRTgaz
10/08/2023;Auvergne-Rhône-Alpes;1301.366;Zone GRTgaz
03/09/2020;Auvergne-Rhône-Alpes;290.222;Zone GRTgaz
26/10/2019;Auvergne-Rhône-Alpes;232.814;Zone GRTgaz
01/04/2019;Auvergne-Rhône-Alpes;160.815;Zone GRTgaz
25/04/2022;Auvergne-Rhône-Alpes;1080.912;Zone GRTgaz
27/05/2019;Auvergne-Rhône-Alpes;177.988;Zone GRTgaz
08/03/2021;Auvergne-Rhône-Alpes;417.761;Zone GRTgaz
10/07/2022;Auvergne-Rhône-Alpes;975.55;Zone GRTgaz
23/04/2020;Auvergne-Rhône-Alpes;295.496;Zone GRTgaz
22/09/2024;Auvergne-Rhône-Alpes;1808.1570167999998;Zone GRTgaz
07/06/2020;Auvergne-Rhône-Alpes;275.985;Zone GRTgaz
05/09/2022;Auvergne-Rhône-Alpes;1043.573;Zone GRTgaz
12/08/2022;Auvergne-Rhône-Alpes;1019.265;Zone GRTgaz
19/02/2020;Auvergne-Rhône-Alpes;308.534;Zone GRTgaz
06/10/2021;Auvergne-Rhône-Alpes;533.925;Zone GRTgaz
12/02/2020;Auvergne-Rhône-Alpes;272.774;Zone GRTgaz
12/01/2023;Auvergne-Rhône-Alpes;1290.356;Zone GRTgaz
23/01/2018;Auvergne-Rhône-Alpes;109.662;Zone GRTgaz
04/11/2021;Auvergne-Rhône-Alpes;739.154;Zone GRTgaz
12/05/2019;Auvergne-Rhône-Alpes;175.118;Zone GRTgaz
14/05/2018;Auvergne-Rhône-Alpes;138.627;Zone GRTgaz
19/07/2021;Auvergne-Rhône-Alpes;463.219;Zone GRTgaz
18/12/2022;Auvergne-Rhône-Alpes;1134.056;Zone GRTgaz
05/04/2018;Auvergne-Rhône-Alpes;129.861;Zone GRTgaz
08/07/2021;Auvergne-Rhône-Alpes;508.874;Zone GRTgaz
11/04/2021;Auvergne-Rhône-Alpes;426.562;Zone GRTgaz
13/01/2022;Auvergne-Rhône-Alpes;716.6;Zone GRTgaz
12/11/2022;Auvergne-Rhône-Alpes;1094.766;Zone GRTgaz
30/10/2020;Auvergne-Rhône-Alpes;338.769;Zone GRTgaz
26/05/2021;Auvergne-Rhône-Alpes;435.393;Zone GRTgaz
08/12/2017;Auvergne-Rhône-Alpes;73.311;Zone GRTgaz
23/04/2019;Auvergne-Rhône-Alpes;179.38;Zone GRTgaz
27/01/2017;Auvergne-Rhône-Alpes;94.517;Zone GRTgaz
10/09/2019;Auvergne-Rhône-Alpes;171.387;Zone GRTgaz
18/12/2021;Auvergne-Rhône-Alpes;831.863;Zone GRTgaz
14/10/2017;Auvergne-Rhône-Alpes;96.296;Zone GRTgaz
06/08/2017;Auvergne-Rhône-Alpes;98.89499999999998;Zone GRTgaz
25/05/2018;Auvergne-Rhône-Alpes;135.708;Zone GRTgaz
21/06/2017;Auvergne-Rhône-Alpes;82.624;Zone GRTgaz
27/09/2019;Auvergne-Rhône-Alpes;220.131;Zone GRTgaz
15/02/2017;Auvergne-Rhône-Alpes;81.031;Zone GRTgaz
15/07/2017;Auvergne-Rhône-Alpes;102.50599999999999;Zone GRTgaz
27/02/2017;Auvergne-Rhône-Alpes;81.599;Zone GRTgaz
04/12/2017;Auvergne-Rhône-Alpes;70.198;Zone GRTgaz
18/09/2023;Auvergne-Rhône-Alpes;4.4956584;Zone Teréga
23/09/2023;Auvergne-Rhône-Alpes;5.3398476;Zone Teréga
26/09/2023;Auvergne-Rhône-Alpes;4.2620526;Zone Teréga
19/10/2023;Auvergne-Rhône-Alpes;5.0751612;Zone Teréga
31/10/2023;Auvergne-Rhône-Alpes;5.439105;Zone Teréga
18/11/2023;Auvergne-Rhône-Alpes;2.3069826;Zone Teréga
09/12/2023;Auvergne-Rhône-Alpes;4.4836272;Zone Teréga
01/01/2024;Auvergne-Rhône-Alpes;1.869849;Zone Teréga
11/01/2024;Auvergne-Rhône-Alpes;5.7138174;Zone Teréga
01/04/2024;Auvergne-Rhône-Alpes;5.6055366;Zone Teréga
02/04/2024;Auvergne-Rhône-Alpes;6.587082;Zone Teréga
09/06/2023;Auvergne-Rhône-Alpes;1357.101;Zone GRTgaz
12/05/2024;Auvergne-Rhône-Alpes;2.6037522;Zone Teréga
23/05/2024;Auvergne-Rhône-Alpes;7.5365442;Zone Teréga
27/05/2024;Auvergne-Rhône-Alpes;5.7278538;Zone Teréga
11/06/2024;Auvergne-Rhône-Alpes;7.4372868;Zone Teréga
12/12/2023;Auvergne-Rhône-Alpes;3.032865;Zone Teréga
02/01/2024;Auvergne-Rhône-Alpes;2.9045322;Zone Teréga
03/01/2024;Auvergne-Rhône-Alpes;5.2626474;Zone Teréga
08/01/2024;Auvergne-Rhône-Alpes;2.9747142;Zone Teréga
09/08/2024;Auvergne-Rhône-Alpes;4.0986288;Zone Teréga
16/01/2024;Auvergne-Rhône-Alpes;5.699781;Zone Teréga
28/01/2024;Auvergne-Rhône-Alpes;5.0741586;Zone Teréga
29/08/2024;Auvergne-Rhône-Alpes;5.8271112;Zone Teréga
31/08/2024;Auvergne-Rhône-Alpes;4.0314546;Zone Teréga
03/09/2024;Auvergne-Rhône-Alpes;5.288715;Zone Teréga
07/09/2024;Auvergne-Rhône-Alpes;6.6542562;Zone Teréga
05/03/2024;Auvergne-Rhône-Alpes;4.2289668;Zone Teréga
11/03/2024;Auvergne-Rhône-Alpes;4.9418154;Zone Teréga
16/03/2024;Auvergne-Rhône-Alpes;4.5608274;Zone Teréga
14/10/2024;Auvergne-Rhône-Alpes;6.2131122;Zone Teréga
11/04/2024;Auvergne-Rhône-Alpes;7.7109966;Zone Teréga
29/10/2024;Auvergne-Rhône-Alpes;6.6692952;Zone Teréga
26/05/2024;Auvergne-Rhône-Alpes;4.296141;Zone Teréga
07/06/2024;Auvergne-Rhône-Alpes;7.1575614;Zone Teréga
24/06/2024;Auvergne-Rhône-Alpes;7.1254782;Zone Teréga
04/07/2024;Auvergne-Rhône-Alpes;4.637025;Zone Teréga
10/08/2024;Auvergne-Rhône-Alpes;5.1904602;Zone Teréga
22/08/2024;Auvergne-Rhône-Alpes;4.015413;Zone Teréga
16/10/2024;Auvergne-Rhône-Alpes;5.4701856;Zone Teréga
19/10/2024;Auvergne-Rhône-Alpes;5.6055366;Zone Teréga
24/11/2023;Auvergne-Rhône-Alpes;2.8102878;Zone Teréga
21/12/2023;Auvergne-Rhône-Alpes;3.0348702;Zone Teréga
26/12/2023;Auvergne-Rhône-Alpes;2.1225042;Zone Teréga
04/08/2017;Auvergne-Rhône-Alpes;112.33599999999997;Zone GRTgaz
01/01/2017;Auvergne-Rhône-Alpes;11.459000000000001;Zone GRTgaz
27/12/2018;Auvergne-Rhône-Alpes;139.0;Zone GRTgaz
09/07/2019;Auvergne-Rhône-Alpes;173.618;Zone GRTgaz
03/06/2024;Auvergne-Rhône-Alpes;7.2999306;Zone Teréga
16/07/2024;Auvergne-Rhône-Alpes;6.0085818;Zone Teréga
16/08/2024;Auvergne-Rhône-Alpes;6.7855968;Zone Teréga
17/08/2024;Auvergne-Rhône-Alpes;6.8738256;Zone Teréga
23/08/2024;Auvergne-Rhône-Alpes;4.4355024;Zone Teréga
26/09/2024;Auvergne-Rhône-Alpes;1.0406988;Zone Teréga
03/10/2024;Auvergne-Rhône-Alpes;3.2624604;Zone Teréga
18/10/2024;Auvergne-Rhône-Alpes;5.4611622;Zone Teréga
20/10/2024;Auvergne-Rhône-Alpes;6.0386598;Zone Teréga
28/03/2024;Auvergne-Rhône-Alpes;6.897888;Zone Teréga
11/05/2024;Auvergne-Rhône-Alpes;2.2678812;Zone Teréga
06/06/2024;Auvergne-Rhône-Alpes;6.6512484;Zone Teréga
20/06/2024;Auvergne-Rhône-Alpes;6.747498;Zone Teréga
12/07/2024;Auvergne-Rhône-Alpes;6.2873046;Zone Teréga
23/07/2024;Auvergne-Rhône-Alpes;7.128486;Zone Teréga
29/07/2024;Auvergne-Rhône-Alpes;5.2626474;Zone Teréga
30/07/2024;Auvergne-Rhône-Alpes;4.9197582;Zone Teréga
01/08/2024;Auvergne-Rhône-Alpes;4.1868576;Zone Teréga
18/08/2024;Auvergne-Rhône-Alpes;7.008174;Zone Teréga
28/09/2024;Auvergne-Rhône-Alpes;5.8862646;Zone Teréga
11/10/2024;Auvergne-Rhône-Alpes;6.747498;Zone Teréga
29/11/2024;Auvergne-Rhône-Alpes;2.0693664;Zone Teréga
31/08/2023;Auvergne-Rhône-Alpes;2.0663586;Zone Teréga
05/12/2023;Auvergne-Rhône-Alpes;4.6229886;Zone Teréga
03/02/2024;Auvergne-Rhône-Alpes;6.6362094;Zone Teréga
06/02/2024;Auvergne-Rhône-Alpes;8.3356164;Zone Teréga
01/03/2024;Auvergne-Rhône-Alpes;5.3358372;Zone Teréga
17/03/2024;Auvergne-Rhône-Alpes;4.6841472;Zone Teréga
19/04/2024;Auvergne-Rhône-Alpes;7.043265;Zone Teréga
17/05/2024;Auvergne-Rhône-Alpes;5.5283364;Zone Teréga
09/07/2024;Auvergne-Rhône-Alpes;6.2722656;Zone Teréga
26/07/2024;Auvergne-Rhône-Alpes;6.8287086;Zone Teréga
20/08/2024;Auvergne-Rhône-Alpes;5.9895324;Zone Teréga
26/08/2024;Auvergne-Rhône-Alpes;5.489235;Zone Teréga
17/10/2024;Auvergne-Rhône-Alpes;5.840145;Zone Teréga
11/11/2024;Auvergne-Rhône-Alpes;6.3835542;Zone Teréga
22/11/2024;Auvergne-Rhône-Alpes;3.9833298;Zone Teréga
26/08/2023;Auvergne-Rhône-Alpes;2.827332;Zone Teréga
29/10/2023;Auvergne-Rhône-Alpes;5.3799516;Zone Teréga
04/01/2024;Auvergne-Rhône-Alpes;4.065543;Zone Teréga
14/02/2024;Auvergne-Rhône-Alpes;7.9415946;Zone Teréga
06/12/2023;Auvergne-Rhône-Alpes;1497.563;Zone GRTgaz
24/08/2023;Auvergne-Rhône-Alpes;2.0282598;Zone Teréga
20/04/2024;Auvergne-Rhône-Alpes;8.1391068;Zone Teréga
03/05/2024;Auvergne-Rhône-Alpes;4.3603074;Zone Teréga
18/11/2017;Auvergne-Rhône-Alpes;104.93499999999999;Zone GRTgaz
07/06/2023;Auvergne-Rhône-Alpes;1319.804;Zone GRTgaz
13/08/2023;Auvergne-Rhône-Alpes;1149.338;Zone GRTgaz
07/09/2022;Auvergne-Rhône-Alpes;1060.487;Zone GRTgaz
27/08/2024;Auvergne-Rhône-Alpes;1767.7422107999998;Zone GRTgaz
30/08/2019;Auvergne-Rhône-Alpes;183.864;Zone GRTgaz
25/03/2019;Auvergne-Rhône-Alpes;178.11;Zone GRTgaz
01/12/2021;Auvergne-Rhône-Alpes;822.343;Zone GRTgaz
28/02/2023;Auvergne-Rhône-Alpes;1238.609;Zone GRTgaz
05/06/2024;Auvergne-Rhône-Alpes;1797.8813693999998;Zone GRTgaz
17/12/2018;Auvergne-Rhône-Alpes;126.47499999999997;Zone GRTgaz
04/11/2020;Auvergne-Rhône-Alpes;347.112;Zone GRTgaz
19/11/2020;Auvergne-Rhône-Alpes;306.867;Zone GRTgaz
06/02/2020;Auvergne-Rhône-Alpes;253.96;Zone GRTgaz
27/05/2024;Auvergne-Rhône-Alpes;1759.5389375999998;Zone GRTgaz
05/07/2019;Auvergne-Rhône-Alpes;195.685;Zone GRTgaz
01/01/2021;Auvergne-Rhône-Alpes;307.149;Zone GRTgaz
17/03/2020;Auvergne-Rhône-Alpes;289.182;Zone GRTgaz
18/09/2020;Auvergne-Rhône-Alpes;321.066;Zone GRTgaz
11/07/2024;Auvergne-Rhône-Alpes;1855.0756890000002;Zone GRTgaz
19/08/2020;Auvergne-Rhône-Alpes;296.003;Zone GRTgaz
13/07/2019;Auvergne-Rhône-Alpes;181.806;Zone GRTgaz
04/11/2023;Auvergne-Rhône-Alpes;1.7475318;Zone Teréga
15/05/2024;Auvergne-Rhône-Alpes;3.6915732;Zone Teréga
10/06/2024;Auvergne-Rhône-Alpes;6.496848;Zone Teréga
18/06/2024;Auvergne-Rhône-Alpes;5.7659526;Zone Teréga
11/12/2023;Auvergne-Rhône-Alpes;3.6434484;Zone Teréga
10/01/2024;Auvergne-Rhône-Alpes;3.0539196;Zone Teréga
19/02/2024;Auvergne-Rhône-Alpes;5.2917228;Zone Teréga
21/02/2024;Auvergne-Rhône-Alpes;6.1479432;Zone Teréga
14/03/2024;Auvergne-Rhône-Alpes;5.0721534;Zone Teréga
08/11/2024;Auvergne-Rhône-Alpes;6.4928376;Zone Teréga
16/05/2024;Auvergne-Rhône-Alpes;3.794841;Zone Teréga
05/06/2024;Auvergne-Rhône-Alpes;6.9911298;Zone Teréga
11/07/2024;Auvergne-Rhône-Alpes;7.1796186;Zone Teréga
08/08/2024;Auvergne-Rhône-Alpes;4.266063;Zone Teréga
11/08/2024;Auvergne-Rhône-Alpes;5.2867098;Zone Teréga
02/09/2024;Auvergne-Rhône-Alpes;4.6229886;Zone Teréga
15/11/2024;Auvergne-Rhône-Alpes;6.145938;Zone Teréga
20/11/2024;Auvergne-Rhône-Alpes;5.8341294;Zone Teréga
10/06/2022;Auvergne-Rhône-Alpes;1014.115;Zone GRTgaz
11/07/2021;Auvergne-Rhône-Alpes;480.283;Zone GRTgaz
07/05/2022;Auvergne-Rhône-Alpes;1121.068;Zone GRTgaz
23/12/2021;Auvergne-Rhône-Alpes;866.952;Zone GRTgaz
28/10/2022;Auvergne-Rhône-Alpes;1180.691;Zone GRTgaz
02/12/2020;Auvergne-Rhône-Alpes;348.74499999999995;Zone GRTgaz
28/09/2020;Auvergne-Rhône-Alpes;315.775;Zone GRTgaz
25/08/2023;Auvergne-Rhône-Alpes;2.676942;Zone Teréga
14/09/2023;Auvergne-Rhône-Alpes;3.3296346;Zone Teréga
30/09/2023;Auvergne-Rhône-Alpes;4.5127026;Zone Teréga
13/01/2024;Auvergne-Rhône-Alpes;5.459157;Zone Teréga
09/09/2022;Auvergne-Rhône-Alpes;1119.937;Zone GRTgaz
12/07/2023;Auvergne-Rhône-Alpes;1297.176;Zone GRTgaz
26/09/2020;Auvergne-Rhône-Alpes;335.492;Zone GRTgaz
22/09/2023;Auvergne-Rhône-Alpes;1370.79;Zone GRTgaz
24/03/2024;Auvergne-Rhône-Alpes;1680.7636530000002;Zone GRTgaz
29/08/2021;Auvergne-Rhône-Alpes;532.101;Zone GRTgaz
20/06/2023;Auvergne-Rhône-Alpes;1340.894;Zone GRTgaz
04/09/2024;Auvergne-Rhône-Alpes;1870.7904413999995;Zone GRTgaz
27/08/2017;Auvergne-Rhône-Alpes;61.707;Zone GRTgaz
06/08/2023;Auvergne-Rhône-Alpes;1165.637;Zone GRTgaz
13/05/2020;Auvergne-Rhône-Alpes;252.808;Zone GRTgaz
02/05/2020;Auvergne-Rhône-Alpes;308.447;Zone GRTgaz
17/09/2022;Auvergne-Rhône-Alpes;1088.995;Zone GRTgaz
10/04/2019;Auvergne-Rhône-Alpes;211.72799999999998;Zone GRTgaz
09/06/2018;Auvergne-Rhône-Alpes;133.485;Zone GRTgaz
17/01/2017;Auvergne-Rhône-Alpes;91.001;Zone GRTgaz
24/02/2021;Auvergne-Rhône-Alpes;392.223;Zone GRTgaz
26/02/2019;Auvergne-Rhône-Alpes;76.858;Zone GRTgaz
14/12/2022;Auvergne-Rhône-Alpes;1289.555;Zone GRTgaz
06/02/2017;Auvergne-Rhône-Alpes;92.225;Zone GRTgaz
03/10/2018;Auvergne-Rhône-Alpes;126.767;Zone GRTgaz
06/11/2019;Auvergne-Rhône-Alpes;203.164;Zone GRTgaz
13/10/2016;Auvergne-Rhône-Alpes;30.53;Zone GRTgaz
21/05/2018;Auvergne-Rhône-Alpes;106.37099999999997;Zone GRTgaz
16/09/2016;Auvergne-Rhône-Alpes;11.268000000000002;Zone GRTgaz
11/02/2018;Auvergne-Rhône-Alpes;72.679;Zone GRTgaz
15/09/2016;Auvergne-Rhône-Alpes;19.393000000000004;Zone GRTgaz
23/05/2017;Auvergne-Rhône-Alpes;85.55499999999998;Zone GRTgaz
08/11/2016;Auvergne-Rhône-Alpes;19.213999999999995;Zone GRTgaz
24/10/2018;Auvergne-Rhône-Alpes;123.34799999999998;Zone GRTgaz
19/04/2022;Auvergne-Rhône-Alpes;987.057;Zone GRTgaz
29/10/2020;Auvergne-Rhône-Alpes;288.645;Zone GRTgaz
08/10/2018;Auvergne-Rhône-Alpes;125.65699999999998;Zone GRTgaz
17/08/2020;Auvergne-Rhône-Alpes;270.699;Zone GRTgaz
25/11/2020;Auvergne-Rhône-Alpes;384.948;Zone GRTgaz
04/10/2020;Auvergne-Rhône-Alpes;295.0;Zone GRTgaz
31/03/2022;Auvergne-Rhône-Alpes;990.937;Zone GRTgaz
08/11/2019;Auvergne-Rhône-Alpes;206.848;Zone GRTgaz
22/02/2020;Auvergne-Rhône-Alpes;316.655;Zone GRTgaz
22/06/2023;Auvergne-Rhône-Alpes;1300.104;Zone GRTgaz
24/03/2021;Auvergne-Rhône-Alpes;435.663;Zone GRTgaz
15/11/2022;Auvergne-Rhône-Alpes;1160.043;Zone GRTgaz
12/01/2019;Auvergne-Rhône-Alpes;151.87899999999996;Zone GRTgaz
16/09/2024;Auvergne-Rhône-Alpes;1896.9342390000002;Zone GRTgaz
14/12/2017;Auvergne-Rhône-Alpes;66.025;Zone GRTgaz
27/04/2017;Auvergne-Rhône-Alpes;106.70599999999999;Zone GRTgaz
10/09/2021;Auvergne-Rhône-Alpes;490.814;Zone GRTgaz
14/06/2022;Auvergne-Rhône-Alpes;987.814;Zone GRTgaz
02/02/2020;Auvergne-Rhône-Alpes;274.646;Zone GRTgaz
01/07/2021;Auvergne-Rhône-Alpes;475.865;Zone GRTgaz
29/05/2017;Auvergne-Rhône-Alpes;105.23399999999997;Zone GRTgaz
27/03/2017;Auvergne-Rhône-Alpes;105.54;Zone GRTgaz
15/11/2020;Auvergne-Rhône-Alpes;266.273;Zone GRTgaz
07/10/2016;Auvergne-Rhône-Alpes;33.032;Zone GRTgaz
08/07/2017;Auvergne-Rhône-Alpes;86.97399999999999;Zone GRTgaz
18/04/2020;Auvergne-Rhône-Alpes;290.63499999999993;Zone GRTgaz
24/09/2018;Auvergne-Rhône-Alpes;119.465;Zone GRTgaz
15/03/2017;Auvergne-Rhône-Alpes;111.827;Zone GRTgaz
06/09/2019;Auvergne-Rhône-Alpes;196.643;Zone GRTgaz
03/07/2021;Auvergne-Rhône-Alpes;503.57;Zone GRTgaz
05/04/2021;Auvergne-Rhône-Alpes;373.706;Zone GRTgaz
17/07/2017;Auvergne-Rhône-Alpes;104.22;Zone GRTgaz
30/06/2017;Auvergne-Rhône-Alpes;60.725999999999985;Zone GRTgaz
11/07/2017;Auvergne-Rhône-Alpes;40.307;Zone GRTgaz
27/08/2020;Auvergne-Rhône-Alpes;290.457;Zone GRTgaz
22/07/2019;Auvergne-Rhône-Alpes;170.242;Zone GRTgaz
24/06/2019;Auvergne-Rhône-Alpes;156.199;Zone GRTgaz
09/10/2017;Auvergne-Rhône-Alpes;76.1;Zone GRTgaz
24/05/2020;Auvergne-Rhône-Alpes;260.522;Zone GRTgaz
13/01/2020;Auvergne-Rhône-Alpes;237.617;Zone GRTgaz
10/12/2017;Auvergne-Rhône-Alpes;73.542;Zone GRTgaz
14/02/2017;Auvergne-Rhône-Alpes;81.85199999999999;Zone GRTgaz
05/11/2023;Auvergne-Rhône-Alpes;1292.693;Zone GRTgaz
04/01/2023;Auvergne-Rhône-Alpes;1338.125;Zone GRTgaz
08/05/2024;Auvergne-Rhône-Alpes;1741.4941428;Zone GRTgaz
29/04/2024;Auvergne-Rhône-Alpes;1723.5115091999996;Zone GRTgaz
23/12/2020;Auvergne-Rhône-Alpes;351.181;Zone GRTgaz
02/03/2020;Auvergne-Rhône-Alpes;304.635;Zone GRTgaz
26/04/2022;Auvergne-Rhône-Alpes;1067.264;Zone GRTgaz
31/01/2022;Auvergne-Rhône-Alpes;792.269;Zone GRTgaz
01/11/2016;Auvergne-Rhône-Alpes;3.985;Zone GRTgaz
11/07/2018;Auvergne-Rhône-Alpes;119.79799999999999;Zone GRTgaz
16/10/2019;Auvergne-Rhône-Alpes;212.526;Zone GRTgaz
29/07/2023;Auvergne-Rhône-Alpes;1223.72;Zone GRTgaz
02/06/2019;Auvergne-Rhône-Alpes;181.37899999999996;Zone GRTgaz
26/05/2017;Auvergne-Rhône-Alpes;121.765;Zone GRTgaz
16/07/2017;Auvergne-Rhône-Alpes;92.063;Zone GRTgaz
30/05/2017;Auvergne-Rhône-Alpes;126.24799999999999;Zone GRTgaz
04/11/2016;Auvergne-Rhône-Alpes;32.19499999999999;Zone GRTgaz
07/02/2024;Auvergne-Rhône-Alpes;1736.9513622;Zone GRTgaz
04/10/2023;Auvergne-Rhône-Alpes;1526.465;Zone GRTgaz
20/02/2022;Auvergne-Rhône-Alpes;725.309;Zone GRTgaz
29/09/2022;Auvergne-Rhône-Alpes;1102.714;Zone GRTgaz
24/06/2022;Auvergne-Rhône-Alpes;1008.525;Zone GRTgaz
27/02/2023;Auvergne-Rhône-Alpes;1268.253;Zone GRTgaz
16/09/2019;Auvergne-Rhône-Alpes;171.949;Zone GRTgaz
21/10/2021;Auvergne-Rhône-Alpes;564.978;Zone GRTgaz
13/04/2023;Auvergne-Rhône-Alpes;1330.802;Zone GRTgaz
17/03/2018;Auvergne-Rhône-Alpes;129.721;Zone GRTgaz
21/07/2021;Auvergne-Rhône-Alpes;419.066;Zone GRTgaz
14/12/2023;Auvergne-Rhône-Alpes;1519.641;Zone GRTgaz
01/09/2022;Auvergne-Rhône-Alpes;1059.252;Zone GRTgaz
05/03/2018;Auvergne-Rhône-Alpes;95.436;Zone GRTgaz
27/12/2020;Auvergne-Rhône-Alpes;297.504;Zone GRTgaz
22/05/2023;Auvergne-Rhône-Alpes;1278.509;Zone GRTgaz
19/10/2023;Auvergne-Rhône-Alpes;1522.394;Zone GRTgaz
04/07/2023;Auvergne-Rhône-Alpes;1299.821;Zone GRTgaz
02/08/2022;Auvergne-Rhône-Alpes;1054.688;Zone GRTgaz
30/07/2022;Auvergne-Rhône-Alpes;954.237;Zone GRTgaz
28/07/2023;Auvergne-Rhône-Alpes;1321.755;Zone GRTgaz
15/09/2024;Auvergne-Rhône-Alpes;1803.1279752;Zone GRTgaz
06/11/2017;Auvergne-Rhône-Alpes;111.943;Zone GRTgaz
20/06/2018;Auvergne-Rhône-Alpes;126.87099999999998;Zone GRTgaz
11/06/2022;Auvergne-Rhône-Alpes;946.881;Zone GRTgaz
04/05/2023;Auvergne-Rhône-Alpes;1330.629;Zone GRTgaz
23/05/2024;Auvergne-Rhône-Alpes;1782.4974750000001;Zone GRTgaz
20/01/2018;Auvergne-Rhône-Alpes;123.243;Zone GRTgaz
24/09/2024;Auvergne-Rhône-Alpes;1893.8793167999997;Zone GRTgaz
11/02/2019;Auvergne-Rhône-Alpes;113.87399999999998;Zone GRTgaz
06/04/2024;Auvergne-Rhône-Alpes;1771.5169998;Zone GRTgaz
20/02/2024;Auvergne-Rhône-Alpes;1654.2619271999997;Zone GRTgaz
02/11/2022;Auvergne-Rhône-Alpes;1140.06;Zone GRTgaz
01/09/2023;Auvergne-Rhône-Alpes;1397.043;Zone GRTgaz
21/04/2024;Auvergne-Rhône-Alpes;1718.8213463999998;Zone GRTgaz
10/11/2020;Auvergne-Rhône-Alpes;345.958;Zone GRTgaz
17/12/2022;Auvergne-Rhône-Alpes;1250.074;Zone GRTgaz
09/05/2019;Auvergne-Rhône-Alpes;189.231;Zone GRTgaz
01/08/2021;Auvergne-Rhône-Alpes;513.659;Zone GRTgaz
03/07/2019;Auvergne-Rhône-Alpes;183.581;Zone GRTgaz
22/11/2019;Auvergne-Rhône-Alpes;246.183;Zone GRTgaz
17/08/2018;Auvergne-Rhône-Alpes;91.109;Zone GRTgaz
26/03/2018;Auvergne-Rhône-Alpes;101.50899999999999;Zone GRTgaz
29/08/2017;Auvergne-Rhône-Alpes;86.566;Zone GRTgaz
12/04/2017;Auvergne-Rhône-Alpes;119.713;Zone GRTgaz
21/04/2018;Auvergne-Rhône-Alpes;154.257;Zone GRTgaz
02/06/2017;Auvergne-Rhône-Alpes;114.897;Zone GRTgaz
17/12/2019;Auvergne-Rhône-Alpes;249.62099999999998;Zone GRTgaz
28/04/2018;Auvergne-Rhône-Alpes;128.33699999999996;Zone GRTgaz
06/12/2017;Auvergne-Rhône-Alpes;64.61699999999999;Zone GRTgaz
12/06/2017;Auvergne-Rhône-Alpes;71.456;Zone GRTgaz
09/01/2019;Auvergne-Rhône-Alpes;141.281;Zone GRTgaz
24/03/2018;Auvergne-Rhône-Alpes;125.026;Zone GRTgaz
07/08/2020;Auvergne-Rhône-Alpes;308.34;Zone GRTgaz
27/02/2019;Auvergne-Rhône-Alpes;125.878;Zone GRTgaz
16/02/2018;Auvergne-Rhône-Alpes;72.181;Zone GRTgaz
01/11/2020;Auvergne-Rhône-Alpes;274.439;Zone GRTgaz
13/01/2019;Auvergne-Rhône-Alpes;153.772;Zone GRTgaz
17/09/2020;Auvergne-Rhône-Alpes;327.003;Zone GRTgaz
22/04/2019;Auvergne-Rhône-Alpes;173.56699999999998;Zone GRTgaz
25/12/2020;Auvergne-Rhône-Alpes;326.113;Zone GRTgaz
05/07/2020;Auvergne-Rhône-Alpes;273.833;Zone GRTgaz
11/08/2019;Auvergne-Rhône-Alpes;156.488;Zone GRTgaz
27/05/2018;Auvergne-Rhône-Alpes;140.36;Zone GRTgaz
12/04/2019;Auvergne-Rhône-Alpes;192.038;Zone GRTgaz
26/10/2018;Auvergne-Rhône-Alpes;130.563;Zone GRTgaz
14/10/2022;Auvergne-Rhône-Alpes;1196.238;Zone GRTgaz
15/07/2019;Auvergne-Rhône-Alpes;173.581;Zone GRTgaz
03/02/2023;Auvergne-Rhône-Alpes;1419.508;Zone GRTgaz
12/05/2018;Auvergne-Rhône-Alpes;134.771;Zone GRTgaz
20/08/2021;Auvergne-Rhône-Alpes;550.7649999999999;Zone GRTgaz
20/06/2017;Auvergne-Rhône-Alpes;81.784;Zone GRTgaz
09/08/2018;Auvergne-Rhône-Alpes;122.689;Zone GRTgaz
15/09/2019;Auvergne-Rhône-Alpes;175.896;Zone GRTgaz
17/02/2017;Auvergne-Rhône-Alpes;105.647;Zone GRTgaz
27/12/2017;Auvergne-Rhône-Alpes;83.803;Zone GRTgaz
28/04/2021;Auvergne-Rhône-Alpes;437.077;Zone GRTgaz
22/02/2018;Auvergne-Rhône-Alpes;114.584;Zone GRTgaz
06/12/2018;Auvergne-Rhône-Alpes;137.552;Zone GRTgaz
21/08/2017;Auvergne-Rhône-Alpes;101.94;Zone GRTgaz
25/07/2020;Auvergne-Rhône-Alpes;274.774;Zone GRTgaz
16/10/2016;Auvergne-Rhône-Alpes;35.568999999999996;Zone GRTgaz
10/02/2020;Auvergne-Rhône-Alpes;246.02399999999997;Zone GRTgaz
20/12/2017;Auvergne-Rhône-Alpes;72.902;Zone GRTgaz
08/08/2020;Auvergne-Rhône-Alpes;282.172;Zone GRTgaz
20/07/2022;Auvergne-Rhône-Alpes;1000.995;Zone GRTgaz
15/07/2023;Auvergne-Rhône-Alpes;1145.811;Zone GRTgaz
13/06/2020;Auvergne-Rhône-Alpes;244.106;Zone GRTgaz
01/03/2024;Auvergne-Rhône-Alpes;1736.964396;Zone GRTgaz
25/04/2024;Auvergne-Rhône-Alpes;1771.4528334000001;Zone GRTgaz
15/08/2024;Auvergne-Rhône-Alpes;1635.6807414000002;Zone GRTgaz
11/06/2024;Auvergne-Rhône-Alpes;1799.7562313999997;Zone GRTgaz
12/12/2021;Auvergne-Rhône-Alpes;680.416;Zone GRTgaz
22/06/2022;Auvergne-Rhône-Alpes;1028.456;Zone GRTgaz
06/01/2024;Auvergne-Rhône-Alpes;1640.4224827999997;Zone GRTgaz
01/02/2017;Auvergne-Rhône-Alpes;71.07;Zone GRTgaz
02/05/2023;Auvergne-Rhône-Alpes;1316.822;Zone GRTgaz
12/03/2024;Auvergne-Rhône-Alpes;1612.5918659999998;Zone GRTgaz
01/02/2024;Auvergne-Rhône-Alpes;1816.7803794;Zone GRTgaz
09/12/2024;Auvergne-Rhône-Alpes;1960.6975937999996;Zone GRTgaz
08/12/2022;Auvergne-Rhône-Alpes;1243.075;Zone GRTgaz
16/01/2019;Auvergne-Rhône-Alpes;130.389;Zone GRTgaz
09/01/2021;Auvergne-Rhône-Alpes;305.47799999999995;Zone GRTgaz
10/02/2021;Auvergne-Rhône-Alpes;362.229;Zone GRTgaz
23/05/2020;Auvergne-Rhône-Alpes;259.51199999999994;Zone GRTgaz
27/11/2024;Auvergne-Rhône-Alpes;1883.5024068;Zone GRTgaz
15/04/2017;Auvergne-Rhône-Alpes;135.012;Zone GRTgaz
22/12/2017;Auvergne-Rhône-Alpes;83.624;Zone GRTgaz
12/12/2016;Auvergne-Rhône-Alpes;14.024000000000003;Zone GRTgaz
18/02/2017;Auvergne-Rhône-Alpes;114.016;Zone GRTgaz
29/12/2016;Auvergne-Rhône-Alpes;46.538999999999994;Zone GRTgaz
24/11/2016;Auvergne-Rhône-Alpes;47.588;Zone GRTgaz
12/01/2017;Auvergne-Rhône-Alpes;86.81699999999998;Zone GRTgaz
12/10/2021;Auvergne-Rhône-Alpes;569.036;Zone GRTgaz
26/02/2022;Auvergne-Rhône-Alpes;847.898;Zone GRTgaz
26/06/2023;Auvergne-Rhône-Alpes;1203.369;Zone GRTgaz
02/03/2024;Auvergne-Rhône-Alpes;1704.9684222;Zone GRTgaz
07/06/2021;Auvergne-Rhône-Alpes;472.263;Zone GRTgaz
24/07/2020;Auvergne-Rhône-Alpes;290.769;Zone GRTgaz
25/12/2023;Auvergne-Rhône-Alpes;1453.933;Zone GRTgaz
15/06/2019;Auvergne-Rhône-Alpes;182.074;Zone GRTgaz
24/12/2022;Auvergne-Rhône-Alpes;1256.941;Zone GRTgaz
24/01/2020;Auvergne-Rhône-Alpes;301.79;Zone GRTgaz
30/10/2018;Auvergne-Rhône-Alpes;81.861;Zone GRTgaz
02/01/2021;Auvergne-Rhône-Alpes;325.4;Zone GRTgaz
23/06/2020;Auvergne-Rhône-Alpes;256.274;Zone GRTgaz
22/07/2022;Auvergne-Rhône-Alpes;991.874;Zone GRTgaz
06/12/2022;Auvergne-Rhône-Alpes;1165.444;Zone GRTgaz
09/05/2018;Auvergne-Rhône-Alpes;146.366;Zone GRTgaz
17/10/2017;Auvergne-Rhône-Alpes;116.314;Zone GRTgaz
05/10/2017;Auvergne-Rhône-Alpes;133.955;Zone GRTgaz
24/01/2017;Auvergne-Rhône-Alpes;68.55099999999999;Zone GRTgaz
17/09/2023;Auvergne-Rhône-Alpes;1263.728;Zone GRTgaz
10/11/2021;Auvergne-Rhône-Alpes;727.967;Zone GRTgaz
02/06/2021;Auvergne-Rhône-Alpes;442.365;Zone GRTgaz
22/10/2022;Auvergne-Rhône-Alpes;1194.244;Zone GRTgaz
24/08/2023;Auvergne-Rhône-Alpes;1255.338;Zone GRTgaz
22/06/2024;Auvergne-Rhône-Alpes;1827.6054515999997;Zone GRTgaz
29/09/2019;Auvergne-Rhône-Alpes;206.979;Zone GRTgaz
19/11/2018;Auvergne-Rhône-Alpes;133.788;Zone GRTgaz
17/07/2022;Auvergne-Rhône-Alpes;938.813;Zone GRTgaz
03/08/2018;Auvergne-Rhône-Alpes;117.727;Zone GRTgaz
19/08/2022;Auvergne-Rhône-Alpes;979.459;Zone GRTgaz
25/05/2023;Auvergne-Rhône-Alpes;1359.53;Zone GRTgaz
11/09/2018;Auvergne-Rhône-Alpes;123.658;Zone GRTgaz
03/10/2021;Auvergne-Rhône-Alpes;575.66;Zone GRTgaz
29/10/2022;Auvergne-Rhône-Alpes;1173.845;Zone GRTgaz
22/04/2023;Auvergne-Rhône-Alpes;1368.501;Zone GRTgaz
28/07/2019;Auvergne-Rhône-Alpes;182.613;Zone GRTgaz
28/11/2023;Auvergne-Rhône-Alpes;1599.374;Zone GRTgaz
20/09/2024;Auvergne-Rhône-Alpes;1868.2528608;Zone GRTgaz
15/11/2021;Auvergne-Rhône-Alpes;714.874;Zone GRTgaz
24/09/2019;Auvergne-Rhône-Alpes;228.507;Zone GRTgaz
22/11/2022;Auvergne-Rhône-Alpes;1112.357;Zone GRTgaz
18/08/2024;Auvergne-Rhône-Alpes;1545.7685759999995;Zone GRTgaz
14/02/2022;Auvergne-Rhône-Alpes;857.097;Zone GRTgaz
11/02/2021;Auvergne-Rhône-Alpes;352.019;Zone GRTgaz
12/11/2023;Auvergne-Rhône-Alpes;1400.939;Zone GRTgaz
20/01/2022;Auvergne-Rhône-Alpes;763.276;Zone GRTgaz
08/06/2021;Auvergne-Rhône-Alpes;469.673;Zone GRTgaz
28/06/2022;Auvergne-Rhône-Alpes;919.223;Zone GRTgaz
14/05/2022;Auvergne-Rhône-Alpes;976.289;Zone GRTgaz
29/07/2024;Auvergne-Rhône-Alpes;1756.7617355999996;Zone GRTgaz
12/10/2020;Auvergne-Rhône-Alpes;315.626;Zone GRTgaz
02/01/2022;Auvergne-Rhône-Alpes;691.08;Zone GRTgaz
11/10/2021;Auvergne-Rhône-Alpes;561.671;Zone GRTgaz
05/06/2023;Auvergne-Rhône-Alpes;1304.277;Zone GRTgaz
06/02/2024;Auvergne-Rhône-Alpes;1686.4253351999996;Zone GRTgaz
14/09/2024;Auvergne-Rhône-Alpes;1802.8442393999999;Zone GRTgaz
11/03/2018;Auvergne-Rhône-Alpes;98.569;Zone GRTgaz
07/07/2021;Auvergne-Rhône-Alpes;524.212;Zone GRTgaz
16/03/2018;Auvergne-Rhône-Alpes;124.24499999999999;Zone GRTgaz
20/12/2018;Auvergne-Rhône-Alpes;134.25599999999997;Zone GRTgaz
05/07/2022;Auvergne-Rhône-Alpes;1046.37;Zone GRTgaz
10/11/2019;Auvergne-Rhône-Alpes;176.403;Zone GRTgaz
22/09/2020;Auvergne-Rhône-Alpes;321.24;Zone GRTgaz
15/03/2023;Auvergne-Rhône-Alpes;1363.256;Zone GRTgaz
12/04/2021;Auvergne-Rhône-Alpes;453.66;Zone GRTgaz
20/05/2022;Auvergne-Rhône-Alpes;993.063;Zone GRTgaz
26/12/2022;Auvergne-Rhône-Alpes;1260.513;Zone GRTgaz
11/05/2024;Auvergne-Rhône-Alpes;1716.5735172;Zone GRTgaz
26/09/2024;Auvergne-Rhône-Alpes;1836.8373923999995;Zone GRTgaz
08/10/2017;Auvergne-Rhône-Alpes;87.943;Zone GRTgaz
18/10/2016;Auvergne-Rhône-Alpes;24.57999999999999;Zone GRTgaz
13/08/2017;Auvergne-Rhône-Alpes;83.984;Zone GRTgaz
20/11/2016;Auvergne-Rhône-Alpes;41.677;Zone GRTgaz
02/08/2017;Auvergne-Rhône-Alpes;88.748;Zone GRTgaz
20/09/2016;Auvergne-Rhône-Alpes;13.360000000000003;Zone GRTgaz
09/11/2017;Auvergne-Rhône-Alpes;123.853;Zone GRTgaz
27/02/2021;Auvergne-Rhône-Alpes;381.791;Zone GRTgaz
31/12/2016;Auvergne-Rhône-Alpes;58.211999999999996;Zone GRTgaz
09/12/2017;Auvergne-Rhône-Alpes;74.115;Zone GRTgaz
06/01/2020;Auvergne-Rhône-Alpes;243.038;Zone GRTgaz
05/08/2017;Auvergne-Rhône-Alpes;115.571;Zone GRTgaz
06/12/2016;Auvergne-Rhône-Alpes;49.114;Zone GRTgaz
25/01/2017;Auvergne-Rhône-Alpes;75.139;Zone GRTgaz
06/05/2020;Auvergne-Rhône-Alpes;297.6619999999999;Zone GRTgaz
06/01/2019;Auvergne-Rhône-Alpes;138.106;Zone GRTgaz
05/12/2016;Auvergne-Rhône-Alpes;41.43099999999999;Zone GRTgaz
26/07/2019;Auvergne-Rhône-Alpes;154.432;Zone GRTgaz
17/10/2020;Auvergne-Rhône-Alpes;315.638;Zone GRTgaz
15/08/2017;Auvergne-Rhône-Alpes;47.71099999999999;Zone GRTgaz
05/10/2020;Auvergne-Rhône-Alpes;322.995;Zone GRTgaz
30/12/2020;Auvergne-Rhône-Alpes;326.052;Zone GRTgaz
21/05/2021;Auvergne-Rhône-Alpes;466.589;Zone GRTgaz
23/09/2019;Auvergne-Rhône-Alpes;185.222;Zone GRTgaz
12/10/2017;Auvergne-Rhône-Alpes;139.10299999999998;Zone GRTgaz
09/05/2017;Auvergne-Rhône-Alpes;107.758;Zone GRTgaz
13/07/2018;Auvergne-Rhône-Alpes;130.527;Zone GRTgaz
17/07/2024;Auvergne-Rhône-Alpes;1841.6338308;Zone GRTgaz
21/02/2018;Auvergne-Rhône-Alpes;124.899;Zone GRTgaz
10/10/2022;Auvergne-Rhône-Alpes;1122.435;Zone GRTgaz
22/04/2024;Auvergne-Rhône-Alpes;1777.7631978;Zone GRTgaz
18/10/2019;Auvergne-Rhône-Alpes;207.843;Zone GRTgaz
28/12/2018;Auvergne-Rhône-Alpes;146.84;Zone GRTgaz
04/12/2018;Auvergne-Rhône-Alpes;136.021;Zone GRTgaz
18/09/2017;Auvergne-Rhône-Alpes;100.973;Zone GRTgaz
10/12/2024;Auvergne-Rhône-Alpes;1901.7828126;Zone GRTgaz
14/03/2023;Auvergne-Rhône-Alpes;1346.929;Zone GRTgaz
18/06/2020;Auvergne-Rhône-Alpes;234.344;Zone GRTgaz
31/12/2017;Auvergne-Rhône-Alpes;98.77599999999997;Zone GRTgaz
06/07/2022;Auvergne-Rhône-Alpes;1032.654;Zone GRTgaz
15/07/2024;Auvergne-Rhône-Alpes;1782.2367990000002;Zone GRTgaz
07/10/2024;Auvergne-Rhône-Alpes;1789.3933577999999;Zone GRTgaz
13/07/2023;Auvergne-Rhône-Alpes;1354.892;Zone GRTgaz
30/01/2019;Auvergne-Rhône-Alpes;156.516;Zone GRTgaz
08/12/2018;Auvergne-Rhône-Alpes;114.301;Zone GRTgaz
17/06/2023;Auvergne-Rhône-Alpes;1216.174;Zone GRTgaz
06/10/2024;Auvergne-Rhône-Alpes;1783.4920542;Zone GRTgaz
06/11/2016;Auvergne-Rhône-Alpes;23.836;Zone GRTgaz
16/02/2017;Auvergne-Rhône-Alpes;101.446;Zone GRTgaz
11/09/2016;Auvergne-Rhône-Alpes;42.32999999999999;Zone GRTgaz
03/11/2016;Auvergne-Rhône-Alpes;35.774;Zone GRTgaz
07/10/2023;Auvergne-Rhône-Alpes;1401.015;Zone GRTgaz
30/05/2022;Auvergne-Rhône-Alpes;1052.063;Zone GRTgaz
10/01/2020;Auvergne-Rhône-Alpes;257.245;Zone GRTgaz
08/02/2020;Auvergne-Rhône-Alpes;245.467;Zone GRTgaz
21/07/2022;Auvergne-Rhône-Alpes;1031.019;Zone GRTgaz
26/12/2017;Auvergne-Rhône-Alpes;74.719;Zone GRTgaz
01/03/2020;Auvergne-Rhône-Alpes;268.063;Zone GRTgaz
09/07/2020;Auvergne-Rhône-Alpes;225.552;Zone GRTgaz
02/01/2018;Auvergne-Rhône-Alpes;85.238;Zone GRTgaz
01/11/2023;Auvergne-Rhône-Alpes;1589.863;Zone GRTgaz
12/07/2017;Auvergne-Rhône-Alpes;81.30699999999997;Zone GRTgaz
10/12/2021;Auvergne-Rhône-Alpes;747.324;Zone GRTgaz
21/10/2020;Auvergne-Rhône-Alpes;335.032;Zone GRTgaz
04/04/2019;Auvergne-Rhône-Alpes;193.128;Zone GRTgaz
19/05/2019;Auvergne-Rhône-Alpes;190.21999999999997;Zone GRTgaz
18/05/2018;Auvergne-Rhône-Alpes;153.347;Zone GRTgaz
23/10/2019;Auvergne-Rhône-Alpes;215.191;Zone GRTgaz
01/03/2018;Auvergne-Rhône-Alpes;97.126;Zone GRTgaz
13/06/2019;Auvergne-Rhône-Alpes;152.963;Zone GRTgaz
29/04/2021;Auvergne-Rhône-Alpes;400.177;Zone GRTgaz
17/04/2021;Auvergne-Rhône-Alpes;390.376;Zone GRTgaz
26/08/2018;Auvergne-Rhône-Alpes;88.993;Zone GRTgaz
24/08/2020;Auvergne-Rhône-Alpes;257.368;Zone GRTgaz
26/11/2021;Auvergne-Rhône-Alpes;722.694;Zone GRTgaz
11/04/2022;Auvergne-Rhône-Alpes;934.876;Zone GRTgaz
23/08/2017;Auvergne-Rhône-Alpes;77.752;Zone GRTgaz
07/06/2022;Auvergne-Rhône-Alpes;1003.639;Zone GRTgaz
26/10/2020;Auvergne-Rhône-Alpes;328.776;Zone GRTgaz
24/11/2017;Auvergne-Rhône-Alpes;115.223;Zone GRTgaz
20/05/2023;Auvergne-Rhône-Alpes;1348.447;Zone GRTgaz
22/12/2023;Auvergne-Rhône-Alpes;1556.806;Zone GRTgaz
05/10/2024;Auvergne-Rhône-Alpes;1809.6458777999997;Zone GRTgaz
14/10/2024;Auvergne-Rhône-Alpes;1834.2717389999998;Zone GRTgaz
26/10/2024;Auvergne-Rhône-Alpes;1887.2992530000001;Zone GRTgaz
11/08/2021;Auvergne-Rhône-Alpes;527.61;Zone GRTgaz
12/09/2020;Auvergne-Rhône-Alpes;340.122;Zone GRTgaz
21/10/2023;Auvergne-Rhône-Alpes;1472.454;Zone GRTgaz
11/03/2022;Auvergne-Rhône-Alpes;936.642;Zone GRTgaz
21/09/2023;Auvergne-Rhône-Alpes;1351.028;Zone GRTgaz
07/02/2020;Auvergne-Rhône-Alpes;265.523;Zone GRTgaz
09/09/2019;Auvergne-Rhône-Alpes;175.646;Zone GRTgaz
24/11/2024;Auvergne-Rhône-Alpes;1703.0624796;Zone GRTgaz
18/04/2022;Auvergne-Rhône-Alpes;978.452;Zone GRTgaz
06/08/2022;Auvergne-Rhône-Alpes;946.826;Zone GRTgaz
10/10/2017;Auvergne-Rhône-Alpes;110.135;Zone GRTgaz
13/06/2022;Auvergne-Rhône-Alpes;965.768;Zone GRTgaz
06/03/2023;Auvergne-Rhône-Alpes;1250.453;Zone GRTgaz
09/08/2021;Auvergne-Rhône-Alpes;493.372;Zone GRTgaz
10/10/2021;Auvergne-Rhône-Alpes;558.294;Zone GRTgaz
10/08/2022;Auvergne-Rhône-Alpes;1020.974;Zone GRTgaz
30/07/2024;Auvergne-Rhône-Alpes;1748.6988264000001;Zone GRTgaz
05/11/2019;Auvergne-Rhône-Alpes;197.92999999999998;Zone GRTgaz
13/10/2019;Auvergne-Rhône-Alpes;194.18199999999996;Zone GRTgaz
27/04/2020;Auvergne-Rhône-Alpes;303.708;Zone GRTgaz
06/12/2019;Auvergne-Rhône-Alpes;219.443;Zone GRTgaz
04/05/2019;Auvergne-Rhône-Alpes;162.301;Zone GRTgaz
03/05/2019;Auvergne-Rhône-Alpes;191.676;Zone GRTgaz
22/09/2018;Auvergne-Rhône-Alpes;141.73;Zone GRTgaz
16/08/2018;Auvergne-Rhône-Alpes;97.185;Zone GRTgaz
20/12/2020;Auvergne-Rhône-Alpes;325.836;Zone GRTgaz
06/03/2021;Auvergne-Rhône-Alpes;427.461;Zone GRTgaz
25/08/2017;Auvergne-Rhône-Alpes;83.561;Zone GRTgaz
06/07/2017;Auvergne-Rhône-Alpes;102.07199999999999;Zone GRTgaz
02/06/2018;Auvergne-Rhône-Alpes;141.308;Zone GRTgaz
03/03/2018;Auvergne-Rhône-Alpes;112.045;Zone GRTgaz
28/02/2020;Auvergne-Rhône-Alpes;268.413;Zone GRTgaz
24/01/2018;Auvergne-Rhône-Alpes;139.611;Zone GRTgaz
04/04/2017;Auvergne-Rhône-Alpes;117.202;Zone GRTgaz
30/03/2017;Auvergne-Rhône-Alpes;133.474;Zone GRTgaz
14/06/2019;Auvergne-Rhône-Alpes;176.013;Zone GRTgaz
11/10/2017;Auvergne-Rhône-Alpes;112.003;Zone GRTgaz
11/12/2017;Auvergne-Rhône-Alpes;68.64399999999999;Zone GRTgaz
05/05/2018;Auvergne-Rhône-Alpes;141.519;Zone GRTgaz
11/05/2019;Auvergne-Rhône-Alpes;190.788;Zone GRTgaz
19/06/2017;Auvergne-Rhône-Alpes;65.163;Zone GRTgaz
08/09/2017;Auvergne-Rhône-Alpes;102.378;Zone GRTgaz
19/08/2024;Auvergne-Rhône-Alpes;1685.2051709999998;Zone GRTgaz
29/09/2021;Auvergne-Rhône-Alpes;542.015;Zone GRTgaz
06/05/2018;Auvergne-Rhône-Alpes;154.084;Zone GRTgaz
16/07/2021;Auvergne-Rhône-Alpes;473.029;Zone GRTgaz
29/12/2017;Auvergne-Rhône-Alpes;94.534;Zone GRTgaz
06/06/2020;Auvergne-Rhône-Alpes;286.376;Zone GRTgaz
19/02/2021;Auvergne-Rhône-Alpes;376.87;Zone GRTgaz
09/04/2023;Auvergne-Rhône-Alpes;1287.916;Zone GRTgaz
23/12/2023;Auvergne-Rhône-Alpes;1541.944;Zone GRTgaz
14/12/2024;Auvergne-Rhône-Alpes;1967.6105208000001;Zone GRTgaz
07/09/2024;Auvergne-Rhône-Alpes;1842.8499845999997;Zone GRTgaz
25/06/2024;Auvergne-Rhône-Alpes;1835.9701433999996;Zone GRTgaz
29/09/2017;Auvergne-Rhône-Alpes;98.72899999999998;Zone GRTgaz
22/10/2024;Auvergne-Rhône-Alpes;1795.6545947999998;Zone GRTgaz
24/06/2023;Auvergne-Rhône-Alpes;1191.866;Zone GRTgaz
23/03/2023;Auvergne-Rhône-Alpes;1399.964;Zone GRTgaz
19/12/2021;Auvergne-Rhône-Alpes;814.859;Zone GRTgaz
10/08/2021;Auvergne-Rhône-Alpes;520.508;Zone GRTgaz
07/11/2018;Auvergne-Rhône-Alpes;126.687;Zone GRTgaz
13/11/2019;Auvergne-Rhône-Alpes;202.483;Zone GRTgaz
28/12/2020;Auvergne-Rhône-Alpes;339.122;Zone GRTgaz
21/12/2023;Auvergne-Rhône-Alpes;1559.377;Zone GRTgaz
19/10/2016;Auvergne-Rhône-Alpes;33.608999999999995;Zone GRTgaz
13/09/2023;Auvergne-Rhône-Alpes;1424.221;Zone GRTgaz
27/07/2021;Auvergne-Rhône-Alpes;509.441;Zone GRTgaz
26/07/2024;Auvergne-Rhône-Alpes;1802.8773251999999;Zone GRTgaz
12/01/2022;Auvergne-Rhône-Alpes;730.931;Zone GRTgaz
21/10/2019;Auvergne-Rhône-Alpes;223.225;Zone GRTgaz
08/12/2020;Auvergne-Rhône-Alpes;360.243;Zone GRTgaz
17/04/2017;Auvergne-Rhône-Alpes;113.171;Zone GRTgaz
01/10/2019;Auvergne-Rhône-Alpes;204.693;Zone GRTgaz
22/07/2018;Auvergne-Rhône-Alpes;116.834;Zone GRTgaz
03/05/2017;Auvergne-Rhône-Alpes;116.30099999999999;Zone GRTgaz
21/09/2023;Auvergne-Rhône-Alpes;5.2596396;Zone Teréga
28/09/2023;Auvergne-Rhône-Alpes;5.6225808;Zone Teréga
24/10/2023;Auvergne-Rhône-Alpes;5.845158;Zone Teréga
01/11/2023;Auvergne-Rhône-Alpes;5.805054;Zone Teréga
09/11/2023;Auvergne-Rhône-Alpes;4.1427432;Zone Teréga
23/11/2023;Auvergne-Rhône-Alpes;3.8810646;Zone Teréga
07/12/2023;Auvergne-Rhône-Alpes;4.7763864;Zone Teréga
23/12/2023;Auvergne-Rhône-Alpes;4.732272;Zone Teréga
20/01/2024;Auvergne-Rhône-Alpes;5.7509136;Zone Teréga
21/01/2024;Auvergne-Rhône-Alpes;5.0601222;Zone Teréga
18/03/2024;Auvergne-Rhône-Alpes;5.2857072;Zone Teréga
06/04/2024;Auvergne-Rhône-Alpes;5.769963;Zone Teréga
05/05/2024;Auvergne-Rhône-Alpes;4.0264416;Zone Teréga
24/05/2024;Auvergne-Rhône-Alpes;7.5154896;Zone Teréga
15/06/2024;Auvergne-Rhône-Alpes;5.734872;Zone Teréga
27/06/2024;Auvergne-Rhône-Alpes;7.9446024;Zone Teréga
15/07/2024;Auvergne-Rhône-Alpes;6.4537362;Zone Teréga
06/08/2024;Auvergne-Rhône-Alpes;5.5102896;Zone Teréga
12/08/2024;Auvergne-Rhône-Alpes;4.8886776;Zone Teréga
27/08/2024;Auvergne-Rhône-Alpes;5.769963;Zone Teréga
03/11/2024;Auvergne-Rhône-Alpes;6.9500232;Zone Teréga
30/08/2023;Auvergne-Rhône-Alpes;1.8838854;Zone Teréga
02/10/2023;Auvergne-Rhône-Alpes;4.621986;Zone Teréga
04/03/2024;Auvergne-Rhône-Alpes;3.8309346;Zone Teréga
29/03/2024;Auvergne-Rhône-Alpes;6.8387346;Zone Teréga
08/04/2024;Auvergne-Rhône-Alpes;6.9049062;Zone Teréga
26/04/2024;Auvergne-Rhône-Alpes;5.8090644;Zone Teréga
20/04/2023;Auvergne-Rhône-Alpes;1406.848;Zone GRTgaz
12/06/2022;Auvergne-Rhône-Alpes;835.897;Zone GRTgaz
10/11/2023;Auvergne-Rhône-Alpes;1518.192;Zone GRTgaz
01/03/2021;Auvergne-Rhône-Alpes;404.54;Zone GRTgaz
05/07/2023;Auvergne-Rhône-Alpes;1351.861;Zone GRTgaz
19/03/2018;Auvergne-Rhône-Alpes;104.784;Zone GRTgaz
14/02/2023;Auvergne-Rhône-Alpes;1442.274;Zone GRTgaz
23/10/2016;Auvergne-Rhône-Alpes;19.160000000000004;Zone GRTgaz
19/10/2017;Auvergne-Rhône-Alpes;107.558;Zone GRTgaz
14/10/2020;Auvergne-Rhône-Alpes;329.274;Zone GRTgaz
01/05/2018;Auvergne-Rhône-Alpes;143.387;Zone GRTgaz
08/02/2024;Auvergne-Rhône-Alpes;1689.5985641999996;Zone GRTgaz
16/06/2024;Auvergne-Rhône-Alpes;1730.2680306000002;Zone GRTgaz
12/06/2024;Auvergne-Rhône-Alpes;1812.730878;Zone GRTgaz
15/04/2022;Auvergne-Rhône-Alpes;1028.879;Zone GRTgaz
31/10/2021;Auvergne-Rhône-Alpes;595.254;Zone GRTgaz
08/06/2019;Auvergne-Rhône-Alpes;203.632;Zone GRTgaz
18/05/2022;Auvergne-Rhône-Alpes;1061.094;Zone GRTgaz
01/07/2024;Auvergne-Rhône-Alpes;1810.8850913999997;Zone GRTgaz
08/04/2022;Auvergne-Rhône-Alpes;966.162;Zone GRTgaz
15/10/2018;Auvergne-Rhône-Alpes;115.94999999999999;Zone GRTgaz
03/01/2024;Auvergne-Rhône-Alpes;1556.5516134;Zone GRTgaz
27/11/2022;Auvergne-Rhône-Alpes;1117.227;Zone GRTgaz
25/10/2017;Auvergne-Rhône-Alpes;118.361;Zone GRTgaz
03/10/2019;Auvergne-Rhône-Alpes;206.236;Zone GRTgaz
14/09/2022;Auvergne-Rhône-Alpes;1152.416;Zone GRTgaz
09/04/2024;Auvergne-Rhône-Alpes;1704.4821612;Zone GRTgaz
20/04/2024;Auvergne-Rhône-Alpes;1800.2835989999999;Zone GRTgaz
13/03/2024;Auvergne-Rhône-Alpes;1697.7657437999999;Zone GRTgaz
11/05/2022;Auvergne-Rhône-Alpes;1060.331;Zone GRTgaz
31/08/2021;Auvergne-Rhône-Alpes;472.615;Zone GRTgaz
20/04/2022;Auvergne-Rhône-Alpes;1048.411;Zone GRTgaz
29/03/2021;Auvergne-Rhône-Alpes;448.341;Zone GRTgaz
15/08/2023;Auvergne-Rhône-Alpes;1201.428;Zone GRTgaz
04/05/2024;Auvergne-Rhône-Alpes;1676.4093612;Zone GRTgaz
23/07/2020;Auvergne-Rhône-Alpes;293.127;Zone GRTgaz
01/08/2017;Auvergne-Rhône-Alpes;91.353;Zone GRTgaz
07/05/2021;Auvergne-Rhône-Alpes;445.702;Zone GRTgaz
08/09/2022;Auvergne-Rhône-Alpes;1101.46;Zone GRTgaz
17/03/2023;Auvergne-Rhône-Alpes;1392.152;Zone GRTgaz
16/04/2023;Auvergne-Rhône-Alpes;1227.27;Zone GRTgaz
03/05/2024;Auvergne-Rhône-Alpes;1728.6748991999996;Zone GRTgaz
03/09/2024;Auvergne-Rhône-Alpes;1829.8913796;Zone GRTgaz
29/11/2023;Auvergne-Rhône-Alpes;1556.119;Zone GRTgaz
26/10/2022;Auvergne-Rhône-Alpes;1182.666;Zone GRTgaz
09/05/2023;Auvergne-Rhône-Alpes;1366.423;Zone GRTgaz
09/12/2019;Auvergne-Rhône-Alpes;246.802;Zone GRTgaz
03/02/2024;Auvergne-Rhône-Alpes;1810.44495;Zone GRTgaz
20/07/2021;Auvergne-Rhône-Alpes;474.813;Zone GRTgaz
30/04/2023;Auvergne-Rhône-Alpes;1329.031;Zone GRTgaz
16/10/2022;Auvergne-Rhône-Alpes;1106.407;Zone GRTgaz
15/06/2023;Auvergne-Rhône-Alpes;1295.262;Zone GRTgaz
06/05/2024;Auvergne-Rhône-Alpes;1712.2372722;Zone GRTgaz
22/12/2021;Auvergne-Rhône-Alpes;825.523;Zone GRTgaz
06/05/2022;Auvergne-Rhône-Alpes;1145.934;Zone GRTgaz
04/04/2024;Auvergne-Rhône-Alpes;1767.3151031999998;Zone GRTgaz
09/07/2021;Auvergne-Rhône-Alpes;520.917;Zone GRTgaz
15/01/2021;Auvergne-Rhône-Alpes;397.744;Zone GRTgaz
14/08/2021;Auvergne-Rhône-Alpes;500.374;Zone GRTgaz
21/07/2023;Auvergne-Rhône-Alpes;1273.682;Zone GRTgaz
06/03/2019;Auvergne-Rhône-Alpes;169.35499999999996;Zone GRTgaz
08/04/2017;Auvergne-Rhône-Alpes;114.15;Zone GRTgaz
24/02/2019;Auvergne-Rhône-Alpes;137.352;Zone GRTgaz
11/09/2019;Auvergne-Rhône-Alpes;156.534;Zone GRTgaz
21/10/2022;Auvergne-Rhône-Alpes;1213.196;Zone GRTgaz
05/05/2024;Auvergne-Rhône-Alpes;1615.5906425999997;Zone GRTgaz
26/06/2021;Auvergne-Rhône-Alpes;503.091;Zone GRTgaz
20/11/2021;Auvergne-Rhône-Alpes;753.061;Zone GRTgaz
20/11/2022;Auvergne-Rhône-Alpes;1116.978;Zone GRTgaz
18/09/2022;Auvergne-Rhône-Alpes;1019.17;Zone GRTgaz
15/07/2022;Auvergne-Rhône-Alpes;1047.314;Zone GRTgaz
28/08/2021;Auvergne-Rhône-Alpes;560.937;Zone GRTgaz
03/04/2024;Auvergne-Rhône-Alpes;1707.8829803999997;Zone GRTgaz
03/06/2022;Auvergne-Rhône-Alpes;947.077;Zone GRTgaz
04/08/2023;Auvergne-Rhône-Alpes;1287.373;Zone GRTgaz
06/09/2017;Auvergne-Rhône-Alpes;90.769;Zone GRTgaz
07/02/2021;Auvergne-Rhône-Alpes;317.963;Zone GRTgaz
06/06/2023;Auvergne-Rhône-Alpes;1331.055;Zone GRTgaz
25/09/2020;Auvergne-Rhône-Alpes;320.307;Zone GRTgaz
11/11/2021;Auvergne-Rhône-Alpes;742.687;Zone GRTgaz
18/10/2024;Auvergne-Rhône-Alpes;1924.6671576;Zone GRTgaz
30/10/2021;Auvergne-Rhône-Alpes;669.032;Zone GRTgaz
08/07/2024;Auvergne-Rhône-Alpes;1890.7171163999997;Zone GRTgaz
08/02/2021;Auvergne-Rhône-Alpes;306.516;Zone GRTgaz
18/10/2022;Auvergne-Rhône-Alpes;1169.625;Zone GRTgaz
08/06/2022;Auvergne-Rhône-Alpes;1026.19;Zone GRTgaz
16/07/2023;Auvergne-Rhône-Alpes;1207.367;Zone GRTgaz
27/07/2023;Auvergne-Rhône-Alpes;1330.508;Zone GRTgaz
13/10/2018;Auvergne-Rhône-Alpes;151.97499999999997;Zone GRTgaz
23/11/2024;Auvergne-Rhône-Alpes;1802.3830434000004;Zone GRTgaz
10/01/2022;Auvergne-Rhône-Alpes;778.198;Zone GRTgaz
17/05/2023;Auvergne-Rhône-Alpes;1324.519;Zone GRTgaz
15/07/2018;Auvergne-Rhône-Alpes;136.37;Zone GRTgaz
03/03/2023;Auvergne-Rhône-Alpes;1287.702;Zone GRTgaz
29/06/2023;Auvergne-Rhône-Alpes;1222.653;Zone GRTgaz
14/03/2018;Auvergne-Rhône-Alpes;113.678;Zone GRTgaz
21/01/2022;Auvergne-Rhône-Alpes;784.6;Zone GRTgaz
03/01/2023;Auvergne-Rhône-Alpes;1284.864;Zone GRTgaz
13/05/2019;Auvergne-Rhône-Alpes;164.197;Zone GRTgaz
12/03/2022;Auvergne-Rhône-Alpes;938.958;Zone GRTgaz
16/08/2017;Auvergne-Rhône-Alpes;64.264;Zone GRTgaz
01/07/2023;Auvergne-Rhône-Alpes;1241.419;Zone GRTgaz
10/06/2024;Auvergne-Rhône-Alpes;1775.3740019999998;Zone GRTgaz
27/11/2023;Auvergne-Rhône-Alpes;1595.579;Zone GRTgaz
07/05/2018;Auvergne-Rhône-Alpes;153.363;Zone GRTgaz
21/05/2019;Auvergne-Rhône-Alpes;168.654;Zone GRTgaz
30/07/2018;Auvergne-Rhône-Alpes;104.31;Zone GRTgaz
10/12/2019;Auvergne-Rhône-Alpes;268.251;Zone GRTgaz
15/09/2020;Auvergne-Rhône-Alpes;310.231;Zone GRTgaz
07/07/2024;Auvergne-Rhône-Alpes;1779.2019288;Zone GRTgaz
27/02/2020;Auvergne-Rhône-Alpes;242.214;Zone GRTgaz
21/06/2018;Auvergne-Rhône-Alpes;140.706;Zone GRTgaz
20/09/2018;Auvergne-Rhône-Alpes;117.69999999999997;Zone GRTgaz
21/07/2017;Auvergne-Rhône-Alpes;100.013;Zone GRTgaz
16/11/2017;Auvergne-Rhône-Alpes;120.295;Zone GRTgaz
03/09/2016;Auvergne-Rhône-Alpes;29.685000000000002;Zone GRTgaz
05/08/2018;Auvergne-Rhône-Alpes;108.719;Zone GRTgaz
12/07/2019;Auvergne-Rhône-Alpes;193.381;Zone GRTgaz
23/03/2018;Auvergne-Rhône-Alpes;135.236;Zone GRTgaz
06/01/2018;Auvergne-Rhône-Alpes;71.55899999999998;Zone GRTgaz
19/01/2017;Auvergne-Rhône-Alpes;100.50299999999999;Zone GRTgaz
30/08/2017;Auvergne-Rhône-Alpes;71.139;Zone GRTgaz
11/01/2017;Auvergne-Rhône-Alpes;77.665;Zone GRTgaz
02/03/2019;Auvergne-Rhône-Alpes;140.364;Zone GRTgaz
04/10/2016;Auvergne-Rhône-Alpes;31.970999999999993;Zone GRTgaz
11/11/2016;Auvergne-Rhône-Alpes;50.866;Zone GRTgaz
01/09/2018;Auvergne-Rhône-Alpes;108.116;Zone GRTgaz
03/03/2017;Auvergne-Rhône-Alpes;90.56;Zone GRTgaz
23/09/2016;Auvergne-Rhône-Alpes;36.93299999999999;Zone GRTgaz
05/03/2017;Auvergne-Rhône-Alpes;114.582;Zone GRTgaz
08/07/2019;Auvergne-Rhône-Alpes;143.861;Zone GRTgaz
06/07/2021;Auvergne-Rhône-Alpes;547.137;Zone GRTgaz
02/09/2019;Auvergne-Rhône-Alpes;170.377;Zone GRTgaz
28/05/2019;Auvergne-Rhône-Alpes;180.02099999999996;Zone GRTgaz
05/03/2024;Auvergne-Rhône-Alpes;1728.8192735999999;Zone GRTgaz
07/08/2024;Auvergne-Rhône-Alpes;1795.3287498;Zone GRTgaz
25/10/2019;Auvergne-Rhône-Alpes;231.504;Zone GRTgaz
18/06/2023;Auvergne-Rhône-Alpes;1188.183;Zone GRTgaz
13/02/2023;Auvergne-Rhône-Alpes;1408.758;Zone GRTgaz
20/05/2018;Auvergne-Rhône-Alpes;143.364;Zone GRTgaz
11/01/2021;Auvergne-Rhône-Alpes;310.937;Zone GRTgaz
02/11/2023;Auvergne-Rhône-Alpes;1455.249;Zone GRTgaz
08/05/2023;Auvergne-Rhône-Alpes;1281.194;Zone GRTgaz
28/07/2024;Auvergne-Rhône-Alpes;1661.7874427999998;Zone GRTgaz
13/06/2023;Auvergne-Rhône-Alpes;1299.491;Zone GRTgaz
08/04/2018;Auvergne-Rhône-Alpes;121.289;Zone GRTgaz
11/02/2022;Auvergne-Rhône-Alpes;827.999;Zone GRTgaz
02/07/2024;Auvergne-Rhône-Alpes;1850.7424518;Zone GRTgaz
09/11/2022;Auvergne-Rhône-Alpes;1138.581;Zone GRTgaz
22/11/2023;Auvergne-Rhône-Alpes;1539.794;Zone GRTgaz
19/03/2020;Auvergne-Rhône-Alpes;290.294;Zone GRTgaz
14/11/2019;Auvergne-Rhône-Alpes;200.946;Zone GRTgaz
17/03/2019;Auvergne-Rhône-Alpes;152.992;Zone GRTgaz
07/06/2024;Auvergne-Rhône-Alpes;1905.2939177999997;Zone GRTgaz
18/10/2021;Auvergne-Rhône-Alpes;574.742;Zone GRTgaz
04/01/2019;Auvergne-Rhône-Alpes;155.891;Zone GRTgaz
12/02/2024;Auvergne-Rhône-Alpes;1685.9320559999999;Zone GRTgaz
01/10/2020;Auvergne-Rhône-Alpes;324.80899999999997;Zone GRTgaz
04/10/2022;Auvergne-Rhône-Alpes;1106.829;Zone GRTgaz
14/12/2020;Auvergne-Rhône-Alpes;332.398;Zone GRTgaz
12/05/2022;Auvergne-Rhône-Alpes;1109.038;Zone GRTgaz
15/10/2023;Auvergne-Rhône-Alpes;1447.294;Zone GRTgaz
12/08/2017;Auvergne-Rhône-Alpes;89.521;Zone GRTgaz
27/01/2022;Auvergne-Rhône-Alpes;762.994;Zone GRTgaz
07/01/2024;Auvergne-Rhône-Alpes;1485.8473930000002;Zone GRTgaz
14/05/2019;Auvergne-Rhône-Alpes;190.191;Zone GRTgaz
26/06/2020;Auvergne-Rhône-Alpes;262.225;Zone GRTgaz
09/10/2021;Auvergne-Rhône-Alpes;563.045;Zone GRTgaz
29/10/2017;Auvergne-Rhône-Alpes;117.94099999999999;Zone GRTgaz
19/08/2023;Auvergne-Rhône-Alpes;1198.79;Zone GRTgaz
27/11/2021;Auvergne-Rhône-Alpes;727.353;Zone GRTgaz
25/04/2017;Auvergne-Rhône-Alpes;106.931;Zone GRTgaz
29/11/2017;Auvergne-Rhône-Alpes;108.152;Zone GRTgaz
11/09/2021;Auvergne-Rhône-Alpes;516.992;Zone GRTgaz
07/08/2019;Auvergne-Rhône-Alpes;186.224;Zone GRTgaz
10/02/2022;Auvergne-Rhône-Alpes;855.54;Zone GRTgaz
03/04/2023;Auvergne-Rhône-Alpes;1350.102;Zone GRTgaz
24/02/2022;Auvergne-Rhône-Alpes;858.927;Zone GRTgaz
23/10/2024;Auvergne-Rhône-Alpes;1819.6407972;Zone GRTgaz
22/10/2020;Auvergne-Rhône-Alpes;319.876;Zone GRTgaz
06/01/2022;Auvergne-Rhône-Alpes;804.204;Zone GRTgaz
27/12/2019;Auvergne-Rhône-Alpes;232.22599999999997;Zone GRTgaz
05/08/2023;Auvergne-Rhône-Alpes;1189.543;Zone GRTgaz
11/06/2023;Auvergne-Rhône-Alpes;1300.809;Zone GRTgaz
27/06/2023;Auvergne-Rhône-Alpes;1284.951;Zone GRTgaz
07/01/2022;Auvergne-Rhône-Alpes;787.944;Zone GRTgaz
30/07/2023;Auvergne-Rhône-Alpes;1168.607;Zone GRTgaz
28/08/2017;Auvergne-Rhône-Alpes;79.619;Zone GRTgaz
04/05/2018;Auvergne-Rhône-Alpes;93.673;Zone GRTgaz
18/03/2021;Auvergne-Rhône-Alpes;426.01;Zone GRTgaz
10/05/2019;Auvergne-Rhône-Alpes;190.794;Zone GRTgaz
20/11/2019;Auvergne-Rhône-Alpes;225.56899999999996;Zone GRTgaz
24/11/2018;Auvergne-Rhône-Alpes;148.54099999999997;Zone GRTgaz
02/12/2016;Auvergne-Rhône-Alpes;46.855;Zone GRTgaz
05/08/2019;Auvergne-Rhône-Alpes;142.40599999999998;Zone GRTgaz
26/11/2017;Auvergne-Rhône-Alpes;118.096;Zone GRTgaz
19/04/2017;Auvergne-Rhône-Alpes;108.28399999999999;Zone GRTgaz
07/01/2020;Auvergne-Rhône-Alpes;231.459;Zone GRTgaz
05/11/2020;Auvergne-Rhône-Alpes;316.48599999999993;Zone GRTgaz
10/03/2019;Auvergne-Rhône-Alpes;176.092;Zone GRTgaz
06/06/2017;Auvergne-Rhône-Alpes;125.148;Zone GRTgaz
13/02/2018;Auvergne-Rhône-Alpes;97.88799999999999;Zone GRTgaz
25/02/2018;Auvergne-Rhône-Alpes;112.525;Zone GRTgaz
07/09/2020;Auvergne-Rhône-Alpes;282.737;Zone GRTgaz
26/11/2016;Auvergne-Rhône-Alpes;51.24399999999999;Zone GRTgaz
05/09/2017;Auvergne-Rhône-Alpes;111.99999999999997;Zone GRTgaz
23/04/2018;Auvergne-Rhône-Alpes;129.167;Zone GRTgaz
02/05/2018;Auvergne-Rhône-Alpes;124.637;Zone GRTgaz
10/09/2018;Auvergne-Rhône-Alpes;105.62499999999999;Zone GRTgaz
21/12/2018;Auvergne-Rhône-Alpes;136.095;Zone GRTgaz
30/11/2017;Auvergne-Rhône-Alpes;77.51099999999997;Zone GRTgaz
26/11/2019;Auvergne-Rhône-Alpes;227.985;Zone GRTgaz
23/06/2018;Auvergne-Rhône-Alpes;147.186;Zone GRTgaz
03/02/2017;Auvergne-Rhône-Alpes;88.86;Zone GRTgaz
15/05/2017;Auvergne-Rhône-Alpes;122.65;Zone GRTgaz
26/07/2017;Auvergne-Rhône-Alpes;117.825;Zone GRTgaz
09/09/2016;Auvergne-Rhône-Alpes;44.520999999999994;Zone GRTgaz
20/08/2018;Auvergne-Rhône-Alpes;89.684;Zone GRTgaz
04/03/2017;Auvergne-Rhône-Alpes;111.387;Zone GRTgaz
07/01/2017;Auvergne-Rhône-Alpes;16.999999999999993;Zone GRTgaz
15/12/2016;Auvergne-Rhône-Alpes;59.315999999999995;Zone GRTgaz
22/11/2016;Auvergne-Rhône-Alpes;45.525;Zone GRTgaz
28/06/2018;Auvergne-Rhône-Alpes;141.876;Zone GRTgaz
10/12/2016;Auvergne-Rhône-Alpes;52.795;Zone GRTgaz
26/02/2017;Auvergne-Rhône-Alpes;112.3;Zone GRTgaz
05/01/2021;Auvergne-Rhône-Alpes;302.594;Zone GRTgaz
22/10/2017;Auvergne-Rhône-Alpes;50.013;Zone GRTgaz
05/10/2023;Auvergne-Rhône-Alpes;1532.74;Zone GRTgaz
17/11/2020;Auvergne-Rhône-Alpes;312.463;Zone GRTgaz
21/03/2024;Auvergne-Rhône-Alpes;1778.5913454;Zone GRTgaz
05/05/2017;Auvergne-Rhône-Alpes;106.173;Zone GRTgaz
22/11/2024;Auvergne-Rhône-Alpes;1799.3952954000001;Zone GRTgaz
14/01/2023;Auvergne-Rhône-Alpes;1301.622;Zone GRTgaz
07/01/2023;Auvergne-Rhône-Alpes;1353.904;Zone GRTgaz
22/02/2022;Auvergne-Rhône-Alpes;880.715;Zone GRTgaz
01/12/2022;Auvergne-Rhône-Alpes;1274.12;Zone GRTgaz
21/01/2021;Auvergne-Rhône-Alpes;424.137;Zone GRTgaz
01/03/2023;Auvergne-Rhône-Alpes;1287.91;Zone GRTgaz
03/06/2023;Auvergne-Rhône-Alpes;1363.917;Zone GRTgaz
11/05/2021;Auvergne-Rhône-Alpes;430.239;Zone GRTgaz
25/09/2021;Auvergne-Rhône-Alpes;562.322;Zone GRTgaz
25/05/2024;Auvergne-Rhône-Alpes;1770.4432152;Zone GRTgaz
13/10/2022;Auvergne-Rhône-Alpes;1223.022;Zone GRTgaz
30/06/2024;Auvergne-Rhône-Alpes;1648.4528627999998;Zone GRTgaz
20/04/2020;Auvergne-Rhône-Alpes;283.445;Zone GRTgaz
17/01/2022;Auvergne-Rhône-Alpes;743.488;Zone GRTgaz
16/03/2020;Auvergne-Rhône-Alpes;268.797;Zone GRTgaz
09/05/2020;Auvergne-Rhône-Alpes;293.795;Zone GRTgaz
09/02/2024;Auvergne-Rhône-Alpes;1756.9271645999997;Zone GRTgaz
02/06/2024;Auvergne-Rhône-Alpes;1726.0631262000002;Zone GRTgaz
09/10/2018;Auvergne-Rhône-Alpes;113.63599999999998;Zone GRTgaz
25/06/2021;Auvergne-Rhône-Alpes;535.087;Zone GRTgaz
06/01/2023;Auvergne-Rhône-Alpes;1356.147;Zone GRTgaz
07/05/2023;Auvergne-Rhône-Alpes;1366.262;Zone GRTgaz
01/09/2016;Auvergne-Rhône-Alpes;16.518;Zone GRTgaz
28/07/2021;Auvergne-Rhône-Alpes;489.924;Zone GRTgaz
27/07/2022;Auvergne-Rhône-Alpes;1058.504;Zone GRTgaz
02/02/2024;Auvergne-Rhône-Alpes;1860.6351059999997;Zone GRTgaz
21/04/2020;Auvergne-Rhône-Alpes;279.981;Zone GRTgaz
28/07/2017;Auvergne-Rhône-Alpes;122.094;Zone GRTgaz
27/02/2018;Auvergne-Rhône-Alpes;86.672;Zone GRTgaz
07/12/2017;Auvergne-Rhône-Alpes;76.92899999999999;Zone GRTgaz
12/07/2021;Auvergne-Rhône-Alpes;463.263;Zone GRTgaz
25/08/2024;Auvergne-Rhône-Alpes;1633.8710484;Zone GRTgaz
26/07/2021;Auvergne-Rhône-Alpes;463.739;Zone GRTgaz
23/02/2021;Auvergne-Rhône-Alpes;403.85;Zone GRTgaz
29/08/2024;Auvergne-Rhône-Alpes;1696.5064781999997;Zone GRTgaz
28/03/2019;Auvergne-Rhône-Alpes;173.317;Zone GRTgaz
15/12/2022;Auvergne-Rhône-Alpes;1318.571;Zone GRTgaz
06/12/2024;Auvergne-Rhône-Alpes;1975.8639240000002;Zone GRTgaz
17/07/2021;Auvergne-Rhône-Alpes;513.199;Zone GRTgaz
16/08/2022;Auvergne-Rhône-Alpes;959.043;Zone GRTgaz
06/03/2017;Auvergne-Rhône-Alpes;105.647;Zone GRTgaz
02/02/2023;Auvergne-Rhône-Alpes;1395.31;Zone GRTgaz
10/07/2017;Auvergne-Rhône-Alpes;71.27399999999999;Zone GRTgaz
11/07/2022;Auvergne-Rhône-Alpes;1077.044;Zone GRTgaz
07/10/2019;Auvergne-Rhône-Alpes;216.777;Zone GRTgaz
16/11/2024;Auvergne-Rhône-Alpes;1866.3378947999997;Zone GRTgaz
29/03/2022;Auvergne-Rhône-Alpes;980.053;Zone GRTgaz
06/06/2018;Auvergne-Rhône-Alpes;153.845;Zone GRTgaz
25/08/2022;Auvergne-Rhône-Alpes;1022.495;Zone GRTgaz
25/07/2024;Auvergne-Rhône-Alpes;1800.6986753999993;Zone GRTgaz
06/06/2024;Auvergne-Rhône-Alpes;1932.9165503999998;Zone GRTgaz
06/08/2021;Auvergne-Rhône-Alpes;533.101;Zone GRTgaz
23/09/2021;Auvergne-Rhône-Alpes;564.518;Zone GRTgaz
02/12/2022;Auvergne-Rhône-Alpes;1247.723;Zone GRTgaz
15/01/2023;Auvergne-Rhône-Alpes;1290.825;Zone GRTgaz
14/07/2020;Auvergne-Rhône-Alpes;250.764;Zone GRTgaz
27/10/2024;Auvergne-Rhône-Alpes;1750.9827492;Zone GRTgaz
08/01/2021;Auvergne-Rhône-Alpes;318.397;Zone GRTgaz
13/12/2021;Auvergne-Rhône-Alpes;728.94;Zone GRTgaz
19/04/2023;Auvergne-Rhône-Alpes;1351.958;Zone GRTgaz
22/06/2021;Auvergne-Rhône-Alpes;484.305;Zone GRTgaz
30/01/2024;Auvergne-Rhône-Alpes;1719.5582574;Zone GRTgaz
31/01/2024;Auvergne-Rhône-Alpes;1638.7406766;Zone GRTgaz
08/03/2024;Auvergne-Rhône-Alpes;1725.3151865999998;Zone GRTgaz
11/06/2020;Auvergne-Rhône-Alpes;264.118;Zone GRTgaz
04/08/2021;Auvergne-Rhône-Alpes;516.116;Zone GRTgaz
16/02/2019;Auvergne-Rhône-Alpes;169.033;Zone GRTgaz
26/03/2019;Auvergne-Rhône-Alpes;173.15899999999996;Zone GRTgaz
04/06/2022;Auvergne-Rhône-Alpes;905.879;Zone GRTgaz
19/03/2023;Auvergne-Rhône-Alpes;1318.701;Zone GRTgaz
03/10/2020;Auvergne-Rhône-Alpes;302.764;Zone GRTgaz
11/10/2019;Auvergne-Rhône-Alpes;213.816;Zone GRTgaz
17/10/2022;Auvergne-Rhône-Alpes;1181.842;Zone GRTgaz
21/03/2023;Auvergne-Rhône-Alpes;1390.67;Zone GRTgaz
22/04/2021;Auvergne-Rhône-Alpes;450.887;Zone GRTgaz
11/04/2024;Auvergne-Rhône-Alpes;1819.6207452;Zone GRTgaz
15/08/2021;Auvergne-Rhône-Alpes;478.071;Zone GRTgaz
01/01/2019;Auvergne-Rhône-Alpes;142.273;Zone GRTgaz
10/03/2017;Auvergne-Rhône-Alpes;99.501;Zone GRTgaz
03/09/2019;Auvergne-Rhône-Alpes;155.993;Zone GRTgaz
26/12/2016;Auvergne-Rhône-Alpes;55.769;Zone GRTgaz
07/09/2017;Auvergne-Rhône-Alpes;90.627;Zone GRTgaz
21/01/2017;Auvergne-Rhône-Alpes;104.575;Zone GRTgaz
28/10/2016;Auvergne-Rhône-Alpes;43.666999999999994;Zone GRTgaz
28/01/2019;Auvergne-Rhône-Alpes;131.442;Zone GRTgaz
26/05/2018;Auvergne-Rhône-Alpes;144.496;Zone GRTgaz
13/12/2017;Auvergne-Rhône-Alpes;76.721;Zone GRTgaz
12/09/2019;Auvergne-Rhône-Alpes;170.819;Zone GRTgaz
01/05/2019;Auvergne-Rhône-Alpes;178.156;Zone GRTgaz
25/06/2018;Auvergne-Rhône-Alpes;140.614;Zone GRTgaz
02/10/2018;Auvergne-Rhône-Alpes;135.798;Zone GRTgaz
13/02/2021;Auvergne-Rhône-Alpes;288.765;Zone GRTgaz
25/07/2018;Auvergne-Rhône-Alpes;114.663;Zone GRTgaz
20/10/2018;Auvergne-Rhône-Alpes;135.255;Zone GRTgaz
29/01/2018;Auvergne-Rhône-Alpes;105.978;Zone GRTgaz
31/08/2019;Auvergne-Rhône-Alpes;177.321;Zone GRTgaz
12/12/2018;Auvergne-Rhône-Alpes;121.245;Zone GRTgaz
13/05/2017;Auvergne-Rhône-Alpes;116.92099999999996;Zone GRTgaz
04/06/2017;Auvergne-Rhône-Alpes;114.266;Zone GRTgaz
09/08/2019;Auvergne-Rhône-Alpes;166.988;Zone GRTgaz
19/11/2019;Auvergne-Rhône-Alpes;217.233;Zone GRTgaz
03/12/2018;Auvergne-Rhône-Alpes;136.769;Zone GRTgaz
29/12/2019;Auvergne-Rhône-Alpes;231.112;Zone GRTgaz
12/06/2018;Auvergne-Rhône-Alpes;131.939;Zone GRTgaz
02/02/2021;Auvergne-Rhône-Alpes;319.777;Zone GRTgaz
02/12/2019;Auvergne-Rhône-Alpes;199.757;Zone GRTgaz
15/10/2017;Auvergne-Rhône-Alpes;91.103;Zone GRTgaz
24/04/2021;Auvergne-Rhône-Alpes;429.376;Zone GRTgaz
03/11/2024;Auvergne-Rhône-Alpes;1804.0263047999997;Zone GRTgaz
22/03/2022;Auvergne-Rhône-Alpes;974.562;Zone GRTgaz
26/04/2020;Auvergne-Rhône-Alpes;308.0539999999999;Zone GRTgaz
14/05/2021;Auvergne-Rhône-Alpes;389.188;Zone GRTgaz
12/05/2021;Auvergne-Rhône-Alpes;452.035;Zone GRTgaz
15/05/2022;Auvergne-Rhône-Alpes;984.408;Zone GRTgaz
10/09/2024;Auvergne-Rhône-Alpes;1832.457033;Zone GRTgaz
09/01/2023;Auvergne-Rhône-Alpes;1358.527;Zone GRTgaz
19/01/2022;Auvergne-Rhône-Alpes;736.7;Zone GRTgaz
24/10/2019;Auvergne-Rhône-Alpes;236.307;Zone GRTgaz
23/02/2022;Auvergne-Rhône-Alpes;862.769;Zone GRTgaz
10/02/2023;Auvergne-Rhône-Alpes;1408.994;Zone GRTgaz
17/01/2023;Auvergne-Rhône-Alpes;1360.221;Zone GRTgaz
02/12/2024;Auvergne-Rhône-Alpes;1839.9424446;Zone GRTgaz
16/01/2017;Auvergne-Rhône-Alpes;100.44099999999999;Zone GRTgaz
25/03/2024;Auvergne-Rhône-Alpes;1703.743245;Zone GRTgaz
24/04/2024;Auvergne-Rhône-Alpes;1763.9754425999997;Zone GRTgaz
24/11/2020;Auvergne-Rhône-Alpes;390.391;Zone GRTgaz
14/01/2024;Auvergne-Rhône-Alpes;1539.5713940000003;Zone GRTgaz
26/05/2023;Auvergne-Rhône-Alpes;1376.359;Zone GRTgaz
03/07/2024;Auvergne-Rhône-Alpes;1844.9444160000003;Zone GRTgaz
10/12/2023;Auvergne-Rhône-Alpes;1529.828;Zone GRTgaz
19/06/2021;Auvergne-Rhône-Alpes;483.547;Zone GRTgaz
23/05/2022;Auvergne-Rhône-Alpes;1058.987;Zone GRTgaz
15/03/2019;Auvergne-Rhône-Alpes;172.054;Zone GRTgaz
07/09/2018;Auvergne-Rhône-Alpes;138.033;Zone GRTgaz
04/02/2021;Auvergne-Rhône-Alpes;309.794;Zone GRTgaz
29/05/2019;Auvergne-Rhône-Alpes;176.644;Zone GRTgaz
20/02/2017;Auvergne-Rhône-Alpes;108.268;Zone GRTgaz
25/12/2016;Auvergne-Rhône-Alpes;52.493;Zone GRTgaz
14/06/2017;Auvergne-Rhône-Alpes;61.252;Zone GRTgaz
26/01/2020;Auvergne-Rhône-Alpes;211.83799999999997;Zone GRTgaz
04/04/2018;Auvergne-Rhône-Alpes;112.26199999999999;Zone GRTgaz
29/04/2017;Auvergne-Rhône-Alpes;107.115;Zone GRTgaz
15/12/2018;Auvergne-Rhône-Alpes;154.37699999999998;Zone GRTgaz
24/06/2017;Auvergne-Rhône-Alpes;71.521;Zone GRTgaz
08/01/2019;Auvergne-Rhône-Alpes;143.837;Zone GRTgaz
16/10/2018;Auvergne-Rhône-Alpes;118.151;Zone GRTgaz
27/04/2018;Auvergne-Rhône-Alpes;140.161;Zone GRTgaz
25/05/2021;Auvergne-Rhône-Alpes;390.2919999999999;Zone GRTgaz
20/01/2019;Auvergne-Rhône-Alpes;125.786;Zone GRTgaz
27/12/2016;Auvergne-Rhône-Alpes;55.574999999999996;Zone GRTgaz
30/06/2018;Auvergne-Rhône-Alpes;126.745;Zone GRTgaz
10/06/2020;Auvergne-Rhône-Alpes;235.99999999999997;Zone GRTgaz
11/04/2018;Auvergne-Rhône-Alpes;109.415;Zone GRTgaz
24/10/2016;Auvergne-Rhône-Alpes;31.050999999999995;Zone GRTgaz
07/11/2017;Auvergne-Rhône-Alpes;118.141;Zone GRTgaz
07/09/2023;Auvergne-Rhône-Alpes;1379.084;Zone GRTgaz
20/10/2023;Auvergne-Rhône-Alpes;1506.307;Zone GRTgaz
02/04/2019;Auvergne-Rhône-Alpes;161.089;Zone GRTgaz
25/09/2022;Auvergne-Rhône-Alpes;1001.82;Zone GRTgaz
03/04/2022;Auvergne-Rhône-Alpes;952.91;Zone GRTgaz
19/09/2023;Auvergne-Rhône-Alpes;1364.769;Zone GRTgaz
14/07/2022;Auvergne-Rhône-Alpes;1007.919;Zone GRTgaz
06/02/2023;Auvergne-Rhône-Alpes;1351.893;Zone GRTgaz
17/02/2019;Auvergne-Rhône-Alpes;160.867;Zone GRTgaz
22/08/2019;Auvergne-Rhône-Alpes;174.415;Zone GRTgaz
19/05/2023;Auvergne-Rhône-Alpes;1346.2;Zone GRTgaz
29/03/2019;Auvergne-Rhône-Alpes;167.742;Zone GRTgaz
20/05/2020;Auvergne-Rhône-Alpes;250.697;Zone GRTgaz
06/11/2020;Auvergne-Rhône-Alpes;329.192;Zone GRTgaz
03/06/2020;Auvergne-Rhône-Alpes;263.642;Zone GRTgaz
03/12/2024;Auvergne-Rhône-Alpes;1977.1051428000003;Zone GRTgaz
05/11/2021;Auvergne-Rhône-Alpes;745.052;Zone GRTgaz
20/10/2022;Auvergne-Rhône-Alpes;1170.462;Zone GRTgaz
09/10/2020;Auvergne-Rhône-Alpes;290.892;Zone GRTgaz
02/10/2023;Auvergne-Rhône-Alpes;1422.784;Zone GRTgaz
08/08/2023;Auvergne-Rhône-Alpes;1276.066;Zone GRTgaz
10/04/2021;Auvergne-Rhône-Alpes;455.593;Zone GRTgaz
05/11/2022;Auvergne-Rhône-Alpes;1142.936;Zone GRTgaz
01/07/2019;Auvergne-Rhône-Alpes;164.42;Zone GRTgaz
01/04/2021;Auvergne-Rhône-Alpes;421.073;Zone GRTgaz
10/11/2022;Auvergne-Rhône-Alpes;1204.541;Zone GRTgaz
07/03/2019;Auvergne-Rhône-Alpes;120.724;Zone GRTgaz
09/05/2024;Auvergne-Rhône-Alpes;1729.1711861999997;Zone GRTgaz
03/09/2021;Auvergne-Rhône-Alpes;552.339;Zone GRTgaz
10/02/2018;Auvergne-Rhône-Alpes;108.535;Zone GRTgaz
28/07/2020;Auvergne-Rhône-Alpes;261.082;Zone GRTgaz
20/10/2024;Auvergne-Rhône-Alpes;1672.8020063999995;Zone GRTgaz
16/01/2023;Auvergne-Rhône-Alpes;1334.231;Zone GRTgaz
14/07/2019;Auvergne-Rhône-Alpes;176.181;Zone GRTgaz
05/03/2021;Auvergne-Rhône-Alpes;422.043;Zone GRTgaz
06/04/2023;Auvergne-Rhône-Alpes;1333.865;Zone GRTgaz
14/02/2024;Auvergne-Rhône-Alpes;1674.5826240000001;Zone GRTgaz
30/11/2020;Auvergne-Rhône-Alpes;363.27;Zone GRTgaz
14/11/2023;Auvergne-Rhône-Alpes;1562.271;Zone GRTgaz
20/01/2020;Auvergne-Rhône-Alpes;256.482;Zone GRTgaz
15/07/2021;Auvergne-Rhône-Alpes;455.986;Zone GRTgaz
24/06/2021;Auvergne-Rhône-Alpes;474.079;Zone GRTgaz
05/02/2024;Auvergne-Rhône-Alpes;1696.6067382;Zone GRTgaz
15/12/2023;Auvergne-Rhône-Alpes;1549.356;Zone GRTgaz
11/10/2023;Auvergne-Rhône-Alpes;1443.466;Zone GRTgaz
15/08/2019;Auvergne-Rhône-Alpes;172.782;Zone GRTgaz
19/05/2022;Auvergne-Rhône-Alpes;1079.443;Zone GRTgaz
22/01/2023;Auvergne-Rhône-Alpes;1255.928;Zone GRTgaz
25/06/2020;Auvergne-Rhône-Alpes;261.626;Zone GRTgaz
04/04/2022;Auvergne-Rhône-Alpes;995.941;Zone GRTgaz
04/11/2024;Auvergne-Rhône-Alpes;1758.1342949999998;Zone GRTgaz
01/05/2024;Auvergne-Rhône-Alpes;1741.2184278;Zone GRTgaz
19/03/2017;Auvergne-Rhône-Alpes;112.861;Zone GRTgaz
14/08/2020;Auvergne-Rhône-Alpes;283.93;Zone GRTgaz
26/11/2023;Auvergne-Rhône-Alpes;1456.936;Zone GRTgaz
05/08/2022;Auvergne-Rhône-Alpes;1045.053;Zone GRTgaz
12/01/2018;Auvergne-Rhône-Alpes;142.287;Zone GRTgaz
03/12/2020;Auvergne-Rhône-Alpes;382.08;Zone GRTgaz
27/10/2023;Auvergne-Rhône-Alpes;1345.499;Zone GRTgaz
13/05/2021;Auvergne-Rhône-Alpes;360.021;Zone GRTgaz
05/02/2021;Auvergne-Rhône-Alpes;336.584;Zone GRTgaz
18/10/2023;Auvergne-Rhône-Alpes;1517.568;Zone GRTgaz
06/01/2021;Auvergne-Rhône-Alpes;304.035;Zone GRTgaz
16/08/2023;Auvergne-Rhône-Alpes;1256.715;Zone GRTgaz
19/02/2023;Auvergne-Rhône-Alpes;1342.581;Zone GRTgaz
11/11/2023;Auvergne-Rhône-Alpes;1474.951;Zone GRTgaz
18/08/2021;Auvergne-Rhône-Alpes;541.566;Zone GRTgaz
29/08/2023;Auvergne-Rhône-Alpes;1273.113;Zone GRTgaz
13/06/2024;Auvergne-Rhône-Alpes;1831.9928291999997;Zone GRTgaz
19/02/2019;Auvergne-Rhône-Alpes;143.511;Zone GRTgaz
29/11/2021;Auvergne-Rhône-Alpes;729.952;Zone GRTgaz
26/03/2022;Auvergne-Rhône-Alpes;921.315;Zone GRTgaz
13/07/2024;Auvergne-Rhône-Alpes;1759.4386776;Zone GRTgaz
18/06/2022;Auvergne-Rhône-Alpes;917.786;Zone GRTgaz
28/01/2020;Auvergne-Rhône-Alpes;249.984;Zone GRTgaz
11/10/2020;Auvergne-Rhône-Alpes;286.624;Zone GRTgaz
10/07/2023;Auvergne-Rhône-Alpes;1245.212;Zone GRTgaz
15/01/2019;Auvergne-Rhône-Alpes;119.794;Zone GRTgaz
16/12/2021;Auvergne-Rhône-Alpes;804.489;Zone GRTgaz
28/08/2023;Auvergne-Rhône-Alpes;1294.914;Zone GRTgaz
08/09/2023;Auvergne-Rhône-Alpes;1402.664;Zone GRTgaz
10/03/2024;Auvergne-Rhône-Alpes;1610.085366;Zone GRTgaz
19/09/2021;Auvergne-Rhône-Alpes;594.829;Zone GRTgaz
13/03/2022;Auvergne-Rhône-Alpes;900.607;Zone GRTgaz
06/07/2024;Auvergne-Rhône-Alpes;1805.6264544;Zone GRTgaz
27/06/2018;Auvergne-Rhône-Alpes;104.73299999999999;Zone GRTgaz
27/06/2024;Auvergne-Rhône-Alpes;1794.8214342;Zone GRTgaz
01/04/2024;Auvergne-Rhône-Alpes;1653.6593646;Zone GRTgaz
03/05/2022;Auvergne-Rhône-Alpes;1096.112;Zone GRTgaz
18/06/2024;Auvergne-Rhône-Alpes;1847.59128;Zone GRTgaz
18/07/2018;Auvergne-Rhône-Alpes;138.507;Zone GRTgaz
08/03/2020;Auvergne-Rhône-Alpes;267.915;Zone GRTgaz
28/02/2024;Auvergne-Rhône-Alpes;1704.8160269999998;Zone GRTgaz
11/08/2024;Auvergne-Rhône-Alpes;1561.1594885999998;Zone GRTgaz
09/02/2021;Auvergne-Rhône-Alpes;354.988;Zone GRTgaz
07/11/2023;Auvergne-Rhône-Alpes;1473.181;Zone GRTgaz
29/05/2021;Auvergne-Rhône-Alpes;426.31699999999995;Zone GRTgaz
06/11/2021;Auvergne-Rhône-Alpes;735.241;Zone GRTgaz
04/08/2024;Auvergne-Rhône-Alpes;1555.9820622;Zone GRTgaz
19/01/2021;Auvergne-Rhône-Alpes;373.001;Zone GRTgaz
07/03/2022;Auvergne-Rhône-Alpes;873.369;Zone GRTgaz
17/01/2019;Auvergne-Rhône-Alpes;116.209;Zone GRTgaz
04/02/2024;Auvergne-Rhône-Alpes;1728.3841452000001;Zone GRTgaz
28/01/2023;Auvergne-Rhône-Alpes;1357.663;Zone GRTgaz
31/12/2018;Auvergne-Rhône-Alpes;110.23;Zone GRTgaz
09/07/2018;Auvergne-Rhône-Alpes;127.939;Zone GRTgaz
07/12/2023;Auvergne-Rhône-Alpes;1508.114;Zone GRTgaz
04/03/2023;Auvergne-Rhône-Alpes;1241.799;Zone GRTgaz
14/03/2020;Auvergne-Rhône-Alpes;276.87799999999993;Zone GRTgaz
04/12/2021;Auvergne-Rhône-Alpes;824.76;Zone GRTgaz
19/10/2020;Auvergne-Rhône-Alpes;315.671;Zone GRTgaz
06/04/2017;Auvergne-Rhône-Alpes;114.626;Zone GRTgaz
17/09/2017;Auvergne-Rhône-Alpes;87.001;Zone GRTgaz
02/10/2016;Auvergne-Rhône-Alpes;33.63199999999999;Zone GRTgaz
10/06/2017;Auvergne-Rhône-Alpes;91.05699999999999;Zone GRTgaz
19/12/2016;Auvergne-Rhône-Alpes;58.423;Zone GRTgaz
13/03/2018;Auvergne-Rhône-Alpes;137.201;Zone GRTgaz
19/09/2017;Auvergne-Rhône-Alpes;97.072;Zone GRTgaz
11/12/2016;Auvergne-Rhône-Alpes;50.581;Zone GRTgaz
31/01/2023;Auvergne-Rhône-Alpes;1378.776;Zone GRTgaz
21/04/2023;Auvergne-Rhône-Alpes;1396.949;Zone GRTgaz
18/09/2019;Auvergne-Rhône-Alpes;181.82;Zone GRTgaz
04/07/2018;Auvergne-Rhône-Alpes;131.127;Zone GRTgaz
16/12/2019;Auvergne-Rhône-Alpes;219.251;Zone GRTgaz
29/09/2024;Auvergne-Rhône-Alpes;1758.9945257999998;Zone GRTgaz
19/10/2021;Auvergne-Rhône-Alpes;584.351;Zone GRTgaz
16/05/2022;Auvergne-Rhône-Alpes;1003.798;Zone GRTgaz
29/12/2022;Auvergne-Rhône-Alpes;1269.972;Zone GRTgaz
18/05/2024;Auvergne-Rhône-Alpes;1744.6032053999998;Zone GRTgaz
13/08/2024;Auvergne-Rhône-Alpes;1697.5902887999998;Zone GRTgaz
11/01/2024;Auvergne-Rhône-Alpes;1573.4342266;Zone GRTgaz
28/05/2020;Auvergne-Rhône-Alpes;261.59599999999995;Zone GRTgaz
21/12/2021;Auvergne-Rhône-Alpes;812.086;Zone GRTgaz
19/09/2020;Auvergne-Rhône-Alpes;260.211;Zone GRTgaz
26/06/2024;Auvergne-Rhône-Alpes;1777.8243564000004;Zone GRTgaz
11/09/2017;Auvergne-Rhône-Alpes;98.90399999999998;Zone GRTgaz
29/11/2024;Auvergne-Rhône-Alpes;1920.0973067999996;Zone GRTgaz
28/11/2024;Auvergne-Rhône-Alpes;1930.5704663999998;Zone GRTgaz
10/04/2022;Auvergne-Rhône-Alpes;950.493;Zone GRTgaz
30/03/2023;Auvergne-Rhône-Alpes;1320.195;Zone GRTgaz
08/02/2018;Auvergne-Rhône-Alpes;136.531;Zone GRTgaz
20/11/2018;Auvergne-Rhône-Alpes;125.028;Zone GRTgaz
30/09/2021;Auvergne-Rhône-Alpes;555.784;Zone GRTgaz
14/04/2023;Auvergne-Rhône-Alpes;1369.291;Zone GRTgaz
09/05/2022;Auvergne-Rhône-Alpes;1117.957;Zone GRTgaz
26/02/2018;Auvergne-Rhône-Alpes;103.16599999999998;Zone GRTgaz
29/12/2021;Auvergne-Rhône-Alpes;775.767;Zone GRTgaz
02/03/2021;Auvergne-Rhône-Alpes;404.499;Zone GRTgaz
20/06/2022;Auvergne-Rhône-Alpes;984.115;Zone GRTgaz
16/05/2024;Auvergne-Rhône-Alpes;1792.5324984;Zone GRTgaz
21/11/2020;Auvergne-Rhône-Alpes;280.803;Zone GRTgaz
27/04/2023;Auvergne-Rhône-Alpes;1304.956;Zone GRTgaz
31/08/2023;Auvergne-Rhône-Alpes;1258.808;Zone GRTgaz
15/03/2022;Auvergne-Rhône-Alpes;949.638;Zone GRTgaz
06/08/2024;Auvergne-Rhône-Alpes;1778.0840297999998;Zone GRTgaz
19/04/2018;Auvergne-Rhône-Alpes;118.235;Zone GRTgaz
27/03/2020;Auvergne-Rhône-Alpes;280.919;Zone GRTgaz
09/09/2024;Auvergne-Rhône-Alpes;1856.9144573999995;Zone GRTgaz
19/04/2019;Auvergne-Rhône-Alpes;192.508;Zone GRTgaz
25/02/2021;Auvergne-Rhône-Alpes;400.242;Zone GRTgaz
20/02/2020;Auvergne-Rhône-Alpes;286.879;Zone GRTgaz
18/01/2022;Auvergne-Rhône-Alpes;750.788;Zone GRTgaz
15/06/2017;Auvergne-Rhône-Alpes;65.983;Zone GRTgaz
27/09/2020;Auvergne-Rhône-Alpes;316.977;Zone GRTgaz
26/01/2021;Auvergne-Rhône-Alpes;382.357;Zone GRTgaz
06/07/2019;Auvergne-Rhône-Alpes;185.561;Zone GRTgaz
14/12/2019;Auvergne-Rhône-Alpes;259.155;Zone GRTgaz
09/03/2019;Auvergne-Rhône-Alpes;197.654;Zone GRTgaz
04/06/2021;Auvergne-Rhône-Alpes;442.326;Zone GRTgaz
07/06/2019;Auvergne-Rhône-Alpes;197.341;Zone GRTgaz
16/03/2019;Auvergne-Rhône-Alpes;165.58;Zone GRTgaz
19/01/2024;Auvergne-Rhône-Alpes;5.8942854;Zone Teréga
23/01/2024;Auvergne-Rhône-Alpes;5.1343146;Zone Teréga
09/03/2024;Auvergne-Rhône-Alpes;4.030452;Zone Teréga
25/03/2024;Auvergne-Rhône-Alpes;6.1439328;Zone Teréga
26/03/2024;Auvergne-Rhône-Alpes;5.5774638;Zone Teréga
30/03/2024;Auvergne-Rhône-Alpes;5.4150426;Zone Teréga
14/04/2024;Auvergne-Rhône-Alpes;6.602121;Zone Teréga
19/06/2024;Auvergne-Rhône-Alpes;5.6265912;Zone Teréga
05/08/2024;Auvergne-Rhône-Alpes;5.669703;Zone Teréga
14/09/2024;Auvergne-Rhône-Alpes;4.3703334;Zone Teréga
26/11/2024;Auvergne-Rhône-Alpes;0.3238398;Zone Teréga
08/12/2023;Auvergne-Rhône-Alpes;4.777389;Zone Teréga
10/02/2024;Auvergne-Rhône-Alpes;8.8770204;Zone Teréga
15/02/2024;Auvergne-Rhône-Alpes;7.0693326;Zone Teréga
31/03/2024;Auvergne-Rhône-Alpes;5.4360972;Zone Teréga
15/04/2024;Auvergne-Rhône-Alpes;6.9189426;Zone Teréga
18/04/2024;Auvergne-Rhône-Alpes;7.6929498;Zone Teréga
29/04/2024;Auvergne-Rhône-Alpes;6.7134096;Zone Teréga
01/05/2024;Auvergne-Rhône-Alpes;5.0460858;Zone Teréga
30/05/2024;Auvergne-Rhône-Alpes;6.5880846;Zone Teréga
13/06/2024;Auvergne-Rhône-Alpes;6.41664;Zone Teréga
30/06/2024;Auvergne-Rhône-Alpes;5.1002262;Zone Teréga
05/07/2024;Auvergne-Rhône-Alpes;5.734872;Zone Teréga
13/07/2024;Auvergne-Rhône-Alpes;6.4026036;Zone Teréga
19/08/2024;Auvergne-Rhône-Alpes;6.582069;Zone Teréga
13/09/2024;Auvergne-Rhône-Alpes;7.1425224;Zone Teréga
04/11/2024;Auvergne-Rhône-Alpes;6.7645422;Zone Teréga
07/11/2024;Auvergne-Rhône-Alpes;6.3374346;Zone Teréga
08/11/2021;Auvergne-Rhône-Alpes;750.317;Zone GRTgaz
04/02/2022;Auvergne-Rhône-Alpes;855.081;Zone GRTgaz
17/01/2024;Auvergne-Rhône-Alpes;1689.8742792;Zone GRTgaz
12/01/2021;Auvergne-Rhône-Alpes;353.023;Zone GRTgaz
04/04/2023;Auvergne-Rhône-Alpes;1328.279;Zone GRTgaz
24/04/2019;Auvergne-Rhône-Alpes;173.17;Zone GRTgaz
16/12/2023;Auvergne-Rhône-Alpes;1504.369;Zone GRTgaz
28/06/2020;Auvergne-Rhône-Alpes;266.994;Zone GRTgaz
12/11/2020;Auvergne-Rhône-Alpes;332.99;Zone GRTgaz
01/06/2024;Auvergne-Rhône-Alpes;1742.8135644000001;Zone GRTgaz
29/02/2020;Auvergne-Rhône-Alpes;272.024;Zone GRTgaz
12/04/2018;Auvergne-Rhône-Alpes;141.655;Zone GRTgaz
24/09/2022;Auvergne-Rhône-Alpes;1081.132;Zone GRTgaz
14/03/2022;Auvergne-Rhône-Alpes;945.175;Zone GRTgaz
22/03/2018;Auvergne-Rhône-Alpes;129.585;Zone GRTgaz
05/11/2017;Auvergne-Rhône-Alpes;112.434;Zone GRTgaz
09/11/2018;Auvergne-Rhône-Alpes;132.014;Zone GRTgaz
14/06/2021;Auvergne-Rhône-Alpes;521.347;Zone GRTgaz
07/10/2017;Auvergne-Rhône-Alpes;80.143;Zone GRTgaz
14/08/2017;Auvergne-Rhône-Alpes;77.965;Zone GRTgaz
26/12/2018;Auvergne-Rhône-Alpes;89.95699999999998;Zone GRTgaz
22/08/2018;Auvergne-Rhône-Alpes;107.309;Zone GRTgaz
17/09/2021;Auvergne-Rhône-Alpes;631.369;Zone GRTgaz
13/06/2021;Auvergne-Rhône-Alpes;476.579;Zone GRTgaz
15/04/2019;Auvergne-Rhône-Alpes;158.342;Zone GRTgaz
17/01/2018;Auvergne-Rhône-Alpes;118.40199999999997;Zone GRTgaz
26/09/2019;Auvergne-Rhône-Alpes;221.26;Zone GRTgaz
11/06/2021;Auvergne-Rhône-Alpes;547.457;Zone GRTgaz
29/05/2022;Auvergne-Rhône-Alpes;850.821;Zone GRTgaz
30/09/2020;Auvergne-Rhône-Alpes;305.223;Zone GRTgaz
18/08/2020;Auvergne-Rhône-Alpes;287.759;Zone GRTgaz
18/06/2018;Auvergne-Rhône-Alpes;134.411;Zone GRTgaz
19/07/2024;Auvergne-Rhône-Alpes;1833.0495695999996;Zone GRTgaz
04/06/2023;Auvergne-Rhône-Alpes;1275.476;Zone GRTgaz
02/06/2020;Auvergne-Rhône-Alpes;260.861;Zone GRTgaz
17/06/2017;Auvergne-Rhône-Alpes;71.39799999999998;Zone GRTgaz
16/08/2019;Auvergne-Rhône-Alpes;172.555;Zone GRTgaz
12/02/2019;Auvergne-Rhône-Alpes;150.195;Zone GRTgaz
30/04/2019;Auvergne-Rhône-Alpes;171.34599999999998;Zone GRTgaz
02/09/2018;Auvergne-Rhône-Alpes;95.656;Zone GRTgaz
27/04/2019;Auvergne-Rhône-Alpes;163.604;Zone GRTgaz
12/02/2017;Auvergne-Rhône-Alpes;77.815;Zone GRTgaz
15/11/2016;Auvergne-Rhône-Alpes;39.642999999999994;Zone GRTgaz
26/03/2017;Auvergne-Rhône-Alpes;113.867;Zone GRTgaz
05/02/2017;Auvergne-Rhône-Alpes;104.15099999999998;Zone GRTgaz
21/05/2017;Auvergne-Rhône-Alpes;99.12;Zone GRTgaz
05/10/2016;Auvergne-Rhône-Alpes;30.499999999999996;Zone GRTgaz
13/09/2016;Auvergne-Rhône-Alpes;7.423;Zone GRTgaz
10/11/2016;Auvergne-Rhône-Alpes;50.291999999999994;Zone GRTgaz
09/10/2023;Auvergne-Rhône-Alpes;1452.975;Zone GRTgaz
03/10/2023;Auvergne-Rhône-Alpes;1503.857;Zone GRTgaz
30/08/2022;Auvergne-Rhône-Alpes;1106.014;Zone GRTgaz
24/02/2024;Auvergne-Rhône-Alpes;6.762537;Zone Teréga
25/02/2024;Auvergne-Rhône-Alpes;5.1503562;Zone Teréga
27/02/2024;Auvergne-Rhône-Alpes;7.063317;Zone Teréga
15/03/2024;Auvergne-Rhône-Alpes;5.6265912;Zone Teréga
24/03/2024;Auvergne-Rhône-Alpes;4.9488336;Zone Teréga
28/05/2024;Auvergne-Rhône-Alpes;6.9951402;Zone Teréga
01/06/2024;Auvergne-Rhône-Alpes;9.1046106;Zone Teréga
14/07/2024;Auvergne-Rhône-Alpes;6.6051288;Zone Teréga
25/08/2024;Auvergne-Rhône-Alpes;5.118273;Zone Teréga
16/09/2024;Auvergne-Rhône-Alpes;4.757337;Zone Teréga
13/11/2024;Auvergne-Rhône-Alpes;5.7368772;Zone Teréga
05/11/2018;Auvergne-Rhône-Alpes;105.235;Zone GRTgaz
19/08/2018;Auvergne-Rhône-Alpes;93.12399999999998;Zone GRTgaz
25/09/2017;Auvergne-Rhône-Alpes;96.89;Zone GRTgaz
30/01/2017;Auvergne-Rhône-Alpes;101.50599999999999;Zone GRTgaz
08/09/2016;Auvergne-Rhône-Alpes;19.541000000000004;Zone GRTgaz
25/06/2017;Auvergne-Rhône-Alpes;68.535;Zone GRTgaz
04/12/2023;Auvergne-Rhône-Alpes;1468.296;Zone GRTgaz
05/05/2021;Auvergne-Rhône-Alpes;413.435;Zone GRTgaz
12/03/2023;Auvergne-Rhône-Alpes;1303.712;Zone GRTgaz
15/06/2020;Auvergne-Rhône-Alpes;267.84;Zone GRTgaz
22/01/2019;Auvergne-Rhône-Alpes;139.754;Zone GRTgaz
12/02/2023;Auvergne-Rhône-Alpes;1348.857;Zone GRTgaz
20/01/2021;Auvergne-Rhône-Alpes;373.817;Zone GRTgaz
26/03/2021;Auvergne-Rhône-Alpes;440.13;Zone GRTgaz
15/04/2023;Auvergne-Rhône-Alpes;1309.104;Zone GRTgaz
30/08/2024;Auvergne-Rhône-Alpes;1733.2176797999996;Zone GRTgaz
10/10/2020;Auvergne-Rhône-Alpes;308.902;Zone GRTgaz
13/09/2020;Auvergne-Rhône-Alpes;311.869;Zone GRTgaz
17/10/2021;Auvergne-Rhône-Alpes;585.014;Zone GRTgaz
24/11/2022;Auvergne-Rhône-Alpes;1116.841;Zone GRTgaz
18/05/2019;Auvergne-Rhône-Alpes;193.885;Zone GRTgaz
20/09/2021;Auvergne-Rhône-Alpes;603.251;Zone GRTgaz
24/08/2017;Auvergne-Rhône-Alpes;81.08099999999999;Zone GRTgaz
03/02/2018;Auvergne-Rhône-Alpes;123.3;Zone GRTgaz
18/11/2016;Auvergne-Rhône-Alpes;48.842;Zone GRTgaz
22/04/2017;Auvergne-Rhône-Alpes;132.416;Zone GRTgaz
20/05/2019;Auvergne-Rhône-Alpes;193.027;Zone GRTgaz
22/07/2021;Auvergne-Rhône-Alpes;505.407;Zone GRTgaz
10/02/2019;Auvergne-Rhône-Alpes;104.925;Zone GRTgaz
15/02/2021;Auvergne-Rhône-Alpes;335.973;Zone GRTgaz
12/03/2019;Auvergne-Rhône-Alpes;152.79399999999998;Zone GRTgaz
27/11/2019;Auvergne-Rhône-Alpes;218.692;Zone GRTgaz
16/04/2018;Auvergne-Rhône-Alpes;134.56;Zone GRTgaz
05/01/2018;Auvergne-Rhône-Alpes;85.34499999999998;Zone GRTgaz
20/02/2019;Auvergne-Rhône-Alpes;155.151;Zone GRTgaz
20/07/2018;Auvergne-Rhône-Alpes;120.773;Zone GRTgaz
18/12/2016;Auvergne-Rhône-Alpes;60.62899999999999;Zone GRTgaz
06/08/2019;Auvergne-Rhône-Alpes;170.253;Zone GRTgaz
14/06/2018;Auvergne-Rhône-Alpes;141.022;Zone GRTgaz
20/10/2017;Auvergne-Rhône-Alpes;119.973;Zone GRTgaz
21/10/2017;Auvergne-Rhône-Alpes;84.771;Zone GRTgaz
31/07/2019;Auvergne-Rhône-Alpes;148.637;Zone GRTgaz
20/03/2017;Auvergne-Rhône-Alpes;66.376;Zone GRTgaz
24/08/2021;Auvergne-Rhône-Alpes;592.178;Zone GRTgaz
07/02/2017;Auvergne-Rhône-Alpes;91.96099999999998;Zone GRTgaz
14/02/2020;Auvergne-Rhône-Alpes;295.576;Zone GRTgaz
20/01/2024;Auvergne-Rhône-Alpes;1536.2539019999997;Zone GRTgaz
20/08/2024;Auvergne-Rhône-Alpes;1716.7960944000001;Zone GRTgaz
23/11/2021;Auvergne-Rhône-Alpes;721.175;Zone GRTgaz
16/10/2024;Auvergne-Rhône-Alpes;1883.7771191999998;Zone GRTgaz
16/06/2021;Auvergne-Rhône-Alpes;527.037;Zone GRTgaz
11/10/2018;Auvergne-Rhône-Alpes;127.59499999999998;Zone GRTgaz
20/06/2020;Auvergne-Rhône-Alpes;290.945;Zone GRTgaz
25/08/2020;Auvergne-Rhône-Alpes;301.468;Zone GRTgaz
26/01/2024;Auvergne-Rhône-Alpes;1689.1674462;Zone GRTgaz
16/07/2020;Auvergne-Rhône-Alpes;225.083;Zone GRTgaz
11/09/2022;Auvergne-Rhône-Alpes;955.64;Zone GRTgaz
21/09/2022;Auvergne-Rhône-Alpes;1117.12;Zone GRTgaz
15/12/2020;Auvergne-Rhône-Alpes;355.364;Zone GRTgaz
31/10/2019;Auvergne-Rhône-Alpes;241.609;Zone GRTgaz
26/02/2023;Auvergne-Rhône-Alpes;1248.357;Zone GRTgaz
13/04/2018;Auvergne-Rhône-Alpes;134.9;Zone GRTgaz
11/05/2017;Auvergne-Rhône-Alpes;115.772;Zone GRTgaz
20/09/2023;Auvergne-Rhône-Alpes;1349.394;Zone GRTgaz
16/04/2022;Auvergne-Rhône-Alpes;1039.661;Zone GRTgaz
31/07/2017;Auvergne-Rhône-Alpes;100.93599999999998;Zone GRTgaz
01/10/2022;Auvergne-Rhône-Alpes;1115.059;Zone GRTgaz
02/04/2024;Auvergne-Rhône-Alpes;1688.0254847999995;Zone GRTgaz
29/05/2020;Auvergne-Rhône-Alpes;301.854;Zone GRTgaz
25/12/2021;Auvergne-Rhône-Alpes;819.061;Zone GRTgaz
23/06/2024;Auvergne-Rhône-Alpes;1734.9461622;Zone GRTgaz
01/04/2018;Auvergne-Rhône-Alpes;129.968;Zone GRTgaz
12/11/2021;Auvergne-Rhône-Alpes;728.283;Zone GRTgaz
04/11/2023;Auvergne-Rhône-Alpes;1347.182;Zone GRTgaz
13/12/2023;Auvergne-Rhône-Alpes;1573.607;Zone GRTgaz
13/12/2020;Auvergne-Rhône-Alpes;321.72;Zone GRTgaz
19/10/2022;Auvergne-Rhône-Alpes;1164.841;Zone GRTgaz
23/06/2022;Auvergne-Rhône-Alpes;1008.595;Zone GRTgaz
07/11/2022;Auvergne-Rhône-Alpes;1057.503;Zone GRTgaz
30/09/2024;Auvergne-Rhône-Alpes;1757.236968;Zone GRTgaz
17/11/2024;Auvergne-Rhône-Alpes;1760.2036613999999;Zone GRTgaz
16/08/2021;Auvergne-Rhône-Alpes;502.832;Zone GRTgaz
14/08/2022;Auvergne-Rhône-Alpes;867.965;Zone GRTgaz
23/11/2017;Auvergne-Rhône-Alpes;106.06;Zone GRTgaz
01/02/2022;Auvergne-Rhône-Alpes;806.206;Zone GRTgaz
28/09/2022;Auvergne-Rhône-Alpes;1145.137;Zone GRTgaz
08/01/2023;Auvergne-Rhône-Alpes;1307.475;Zone GRTgaz
20/03/2021;Auvergne-Rhône-Alpes;405.12;Zone GRTgaz
21/03/2021;Auvergne-Rhône-Alpes;374.049;Zone GRTgaz
08/10/2022;Auvergne-Rhône-Alpes;1168.488;Zone GRTgaz
28/06/2021;Auvergne-Rhône-Alpes;493.978;Zone GRTgaz
24/09/2021;Auvergne-Rhône-Alpes;566.253;Zone GRTgaz
01/06/2022;Auvergne-Rhône-Alpes;992.107;Zone GRTgaz
18/03/2019;Auvergne-Rhône-Alpes;166.836;Zone GRTgaz
06/05/2023;Auvergne-Rhône-Alpes;1408.093;Zone GRTgaz
06/11/2018;Auvergne-Rhône-Alpes;116.421;Zone GRTgaz
15/09/2023;Auvergne-Rhône-Alpes;1427.423;Zone GRTgaz
19/10/2019;Auvergne-Rhône-Alpes;231.116;Zone GRTgaz
01/01/2020;Auvergne-Rhône-Alpes;294.998;Zone GRTgaz
09/06/2017;Auvergne-Rhône-Alpes;83.02;Zone GRTgaz
10/05/2017;Auvergne-Rhône-Alpes;108.201;Zone GRTgaz
07/02/2018;Auvergne-Rhône-Alpes;131.64799999999997;Zone GRTgaz
23/09/2018;Auvergne-Rhône-Alpes;121.462;Zone GRTgaz
21/09/2019;Auvergne-Rhône-Alpes;195.406;Zone GRTgaz
03/06/2017;Auvergne-Rhône-Alpes;129.53599999999997;Zone GRTgaz
16/09/2017;Auvergne-Rhône-Alpes;102.073;Zone GRTgaz
13/12/2022;Auvergne-Rhône-Alpes;1212.676;Zone GRTgaz
08/05/2018;Auvergne-Rhône-Alpes;152.184;Zone GRTgaz
13/08/2020;Auvergne-Rhône-Alpes;243.736;Zone GRTgaz
10/07/2021;Auvergne-Rhône-Alpes;510.848;Zone GRTgaz
28/12/2016;Auvergne-Rhône-Alpes;62.625;Zone GRTgaz
05/02/2018;Auvergne-Rhône-Alpes;142.32499999999996;Zone GRTgaz
04/10/2019;Auvergne-Rhône-Alpes;201.96;Zone GRTgaz
23/07/2019;Auvergne-Rhône-Alpes;159.942;Zone GRTgaz
03/01/2020;Auvergne-Rhône-Alpes;240.07699999999997;Zone GRTgaz
24/06/2020;Auvergne-Rhône-Alpes;266.24;Zone GRTgaz
16/02/2022;Auvergne-Rhône-Alpes;820.655;Zone GRTgaz
18/12/2019;Auvergne-Rhône-Alpes;259.407;Zone GRTgaz
25/03/2022;Auvergne-Rhône-Alpes;994.271;Zone GRTgaz
08/02/2019;Auvergne-Rhône-Alpes;144.579;Zone GRTgaz
21/04/2019;Auvergne-Rhône-Alpes;185.328;Zone GRTgaz
28/10/2021;Auvergne-Rhône-Alpes;659.748;Zone GRTgaz
21/05/2020;Auvergne-Rhône-Alpes;270.633;Zone GRTgaz
25/11/2016;Auvergne-Rhône-Alpes;48.27899999999999;Zone GRTgaz
25/01/2024;Auvergne-Rhône-Alpes;5.2476084;Zone Teréga
05/02/2024;Auvergne-Rhône-Alpes;7.5325338;Zone Teréga
12/03/2024;Auvergne-Rhône-Alpes;6.0948054;Zone Teréga
02/07/2024;Auvergne-Rhône-Alpes;6.8136696;Zone Teréga
17/07/2024;Auvergne-Rhône-Alpes;5.9644674;Zone Teréga
19/07/2024;Auvergne-Rhône-Alpes;7.028226;Zone Teréga
22/07/2024;Auvergne-Rhône-Alpes;6.622173;Zone Teréga
25/07/2024;Auvergne-Rhône-Alpes;6.5840742;Zone Teréga
31/07/2024;Auvergne-Rhône-Alpes;4.692168;Zone Teréga
09/09/2024;Auvergne-Rhône-Alpes;7.4663622;Zone Teréga
04/10/2024;Auvergne-Rhône-Alpes;5.1393276;Zone Teréga
28/11/2024;Auvergne-Rhône-Alpes;0.772002;Zone Teréga
01/09/2023;Auvergne-Rhône-Alpes;2.0332728;Zone Teréga
06/09/2023;Auvergne-Rhône-Alpes;3.1190886;Zone Teréga
15/09/2023;Auvergne-Rhône-Alpes;4.6410354;Zone Teréga
01/10/2023;Auvergne-Rhône-Alpes;4.2740838;Zone Teréga
27/10/2023;Auvergne-Rhône-Alpes;6.4928376;Zone Teréga
16/11/2023;Auvergne-Rhône-Alpes;3.2704812;Zone Teréga
29/11/2023;Auvergne-Rhône-Alpes;4.672116;Zone Teréga
31/01/2024;Auvergne-Rhône-Alpes;5.91534;Zone Teréga
18/02/2024;Auvergne-Rhône-Alpes;7.8784308;Zone Teréga
27/08/2023;Auvergne-Rhône-Alpes;2.2227642;Zone Teréga
07/03/2024;Auvergne-Rhône-Alpes;4.1437458;Zone Teréga
07/09/2023;Auvergne-Rhône-Alpes;3.7256616;Zone Teréga
22/03/2024;Auvergne-Rhône-Alpes;4.837545;Zone Teréga
27/04/2024;Auvergne-Rhône-Alpes;5.0119974;Zone Teréga
02/11/2023;Auvergne-Rhône-Alpes;4.867623;Zone Teréga
03/11/2023;Auvergne-Rhône-Alpes;4.6701108;Zone Teréga
07/11/2023;Auvergne-Rhône-Alpes;0.9534726;Zone Teréga
18/05/2024;Auvergne-Rhône-Alpes;6.627186;Zone Teréga
21/05/2024;Auvergne-Rhône-Alpes;7.8242904;Zone Teréga
02/12/2023;Auvergne-Rhône-Alpes;2.8754568;Zone Teréga
01/07/2024;Auvergne-Rhône-Alpes;6.1118496;Zone Teréga
28/12/2023;Auvergne-Rhône-Alpes;3.1261068;Zone Teréga
24/07/2024;Auvergne-Rhône-Alpes;3.8389554;Zone Teréga
30/12/2023;Auvergne-Rhône-Alpes;3.1541796;Zone Teréga
04/02/2024;Auvergne-Rhône-Alpes;6.9159348;Zone Teréga
13/02/2024;Auvergne-Rhône-Alpes;7.4021958;Zone Teréga
16/02/2024;Auvergne-Rhône-Alpes;7.228746;Zone Teréga
06/09/2024;Auvergne-Rhône-Alpes;6.7996332;Zone Teréga
03/03/2024;Auvergne-Rhône-Alpes;4.486635;Zone Teréga
15/09/2024;Auvergne-Rhône-Alpes;2.551617;Zone Teréga
10/03/2024;Auvergne-Rhône-Alpes;4.41144;Zone Teréga
24/09/2024;Auvergne-Rhône-Alpes;4.421466;Zone Teréga
05/10/2024;Auvergne-Rhône-Alpes;6.4637622;Zone Teréga
07/10/2024;Auvergne-Rhône-Alpes;6.1339068;Zone Teréga
12/10/2024;Auvergne-Rhône-Alpes;7.2828864;Zone Teréga
17/04/2024;Auvergne-Rhône-Alpes;7.4623518;Zone Teréga
29/05/2024;Auvergne-Rhône-Alpes;6.2572266;Zone Teréga
08/06/2024;Auvergne-Rhône-Alpes;7.063317;Zone Teréga
17/06/2024;Auvergne-Rhône-Alpes;5.9243634;Zone Teréga
25/06/2024;Auvergne-Rhône-Alpes;6.8196852;Zone Teréga
24/10/2024;Auvergne-Rhône-Alpes;6.4547388;Zone Teréga
31/10/2024;Auvergne-Rhône-Alpes;6.536952;Zone Teréga
08/09/2023;Auvergne-Rhône-Alpes;3.0188286;Zone Teréga
10/11/2023;Auvergne-Rhône-Alpes;2.6909784;Zone Teréga
11/11/2023;Auvergne-Rhône-Alpes;0.461196;Zone Teréga
13/11/2023;Auvergne-Rhône-Alpes;2.0052;Zone Teréga
20/11/2023;Auvergne-Rhône-Alpes;2.5907184;Zone Teréga
21/06/2019;Auvergne-Rhône-Alpes;175.19399999999996;Zone GRTgaz
23/03/2020;Auvergne-Rhône-Alpes;256.434;Zone GRTgaz
26/09/2017;Auvergne-Rhône-Alpes;111.929;Zone GRTgaz
11/02/2020;Auvergne-Rhône-Alpes;259.387;Zone GRTgaz
14/12/2018;Auvergne-Rhône-Alpes;141.181;Zone GRTgaz
22/09/2016;Auvergne-Rhône-Alpes;39.47599999999999;Zone GRTgaz
28/02/2017;Auvergne-Rhône-Alpes;83.186;Zone GRTgaz
23/11/2018;Auvergne-Rhône-Alpes;144.162;Zone GRTgaz
09/02/2018;Auvergne-Rhône-Alpes;113.727;Zone GRTgaz
13/11/2018;Auvergne-Rhône-Alpes;127.888;Zone GRTgaz
31/10/2018;Auvergne-Rhône-Alpes;59.058;Zone GRTgaz
10/01/2017;Auvergne-Rhône-Alpes;82.15;Zone GRTgaz
16/06/2017;Auvergne-Rhône-Alpes;73.049;Zone GRTgaz
08/09/2019;Auvergne-Rhône-Alpes;187.829;Zone GRTgaz
04/09/2016;Auvergne-Rhône-Alpes;28.662000000000003;Zone GRTgaz
07/03/2017;Auvergne-Rhône-Alpes;105.39999999999999;Zone GRTgaz
10/07/2018;Auvergne-Rhône-Alpes;82.063;Zone GRTgaz
24/04/2017;Auvergne-Rhône-Alpes;127.42999999999998;Zone GRTgaz
29/09/2016;Auvergne-Rhône-Alpes;45.624;Zone GRTgaz
25/09/2018;Auvergne-Rhône-Alpes;109.138;Zone GRTgaz
25/05/2017;Auvergne-Rhône-Alpes;123.592;Zone GRTgaz
29/10/2021;Auvergne-Rhône-Alpes;634.889;Zone GRTgaz
08/05/2021;Auvergne-Rhône-Alpes;416.475;Zone GRTgaz
27/02/2022;Auvergne-Rhône-Alpes;813.93;Zone GRTgaz
29/04/2023;Auvergne-Rhône-Alpes;1396.804;Zone GRTgaz
14/03/2021;Auvergne-Rhône-Alpes;411.365;Zone GRTgaz
14/06/2024;Auvergne-Rhône-Alpes;1873.3871754;Zone GRTgaz
08/03/2019;Auvergne-Rhône-Alpes;188.511;Zone GRTgaz
23/04/2021;Auvergne-Rhône-Alpes;461.653;Zone GRTgaz
27/01/2023;Auvergne-Rhône-Alpes;1352.406;Zone GRTgaz
15/05/2024;Auvergne-Rhône-Alpes;1705.1288381999998;Zone GRTgaz
28/10/2020;Auvergne-Rhône-Alpes;272.433;Zone GRTgaz
07/10/2022;Auvergne-Rhône-Alpes;1195.604;Zone GRTgaz
11/12/2022;Auvergne-Rhône-Alpes;1067.641;Zone GRTgaz
13/03/2017;Auvergne-Rhône-Alpes;87.699;Zone GRTgaz
17/02/2024;Auvergne-Rhône-Alpes;1722.1068665999999;Zone GRTgaz
14/11/2022;Auvergne-Rhône-Alpes;1145.199;Zone GRTgaz
14/11/2018;Auvergne-Rhône-Alpes;133.606;Zone GRTgaz
23/09/2023;Auvergne-Rhône-Alpes;1360.153;Zone GRTgaz
25/02/2022;Auvergne-Rhône-Alpes;857.794;Zone GRTgaz
03/10/2024;Auvergne-Rhône-Alpes;1844.4832199999998;Zone GRTgaz
08/10/2020;Auvergne-Rhône-Alpes;332.957;Zone GRTgaz
19/01/2023;Auvergne-Rhône-Alpes;1287.972;Zone GRTgaz
20/07/2023;Auvergne-Rhône-Alpes;1233.763;Zone GRTgaz
14/10/2018;Auvergne-Rhône-Alpes;136.051;Zone GRTgaz
27/10/2018;Auvergne-Rhône-Alpes;128.309;Zone GRTgaz
26/05/2019;Auvergne-Rhône-Alpes;184.778;Zone GRTgaz
07/09/2016;Auvergne-Rhône-Alpes;31.736999999999995;Zone GRTgaz
07/09/2019;Auvergne-Rhône-Alpes;197.832;Zone GRTgaz
05/04/2017;Auvergne-Rhône-Alpes;123.114;Zone GRTgaz
06/02/2019;Auvergne-Rhône-Alpes;118.679;Zone GRTgaz
22/01/2018;Auvergne-Rhône-Alpes;130.88699999999997;Zone GRTgaz
21/07/2019;Auvergne-Rhône-Alpes;177.074;Zone GRTgaz
07/04/2017;Auvergne-Rhône-Alpes;107.863;Zone GRTgaz
17/02/2018;Auvergne-Rhône-Alpes;75.493;Zone GRTgaz
18/01/2017;Auvergne-Rhône-Alpes;90.145;Zone GRTgaz
06/09/2016;Auvergne-Rhône-Alpes;26.081999999999997;Zone GRTgaz
01/08/2018;Auvergne-Rhône-Alpes;106.44399999999997;Zone GRTgaz
19/11/2016;Auvergne-Rhône-Alpes;34.98100000000001;Zone GRTgaz
30/03/2024;Auvergne-Rhône-Alpes;1664.1315215999996;Zone GRTgaz
08/12/2021;Auvergne-Rhône-Alpes;785.947;Zone GRTgaz
25/03/2021;Auvergne-Rhône-Alpes;441.318;Zone GRTgaz
12/12/2022;Auvergne-Rhône-Alpes;1126.8;Zone GRTgaz
18/12/2024;Auvergne-Rhône-Alpes;2108.5961328000003;Zone GRTgaz
03/03/2020;Auvergne-Rhône-Alpes;318.223;Zone GRTgaz
19/03/2022;Auvergne-Rhône-Alpes;978.934;Zone GRTgaz
07/12/2022;Auvergne-Rhône-Alpes;1175.806;Zone GRTgaz
31/08/2024;Auvergne-Rhône-Alpes;1690.9240013999997;Zone GRTgaz
12/10/2023;Auvergne-Rhône-Alpes;1418.353;Zone GRTgaz
02/03/2023;Auvergne-Rhône-Alpes;1279.368;Zone GRTgaz
15/06/2024;Auvergne-Rhône-Alpes;1843.4395134000001;Zone GRTgaz
30/03/2022;Auvergne-Rhône-Alpes;974.304;Zone GRTgaz
20/12/2021;Auvergne-Rhône-Alpes;805.052;Zone GRTgaz
21/08/2024;Auvergne-Rhône-Alpes;1686.7170917999995;Zone GRTgaz
19/07/2017;Auvergne-Rhône-Alpes;112.149;Zone GRTgaz
01/06/2019;Auvergne-Rhône-Alpes;188.087;Zone GRTgaz
15/08/2022;Auvergne-Rhône-Alpes;846.836;Zone GRTgaz
09/03/2023;Auvergne-Rhône-Alpes;1346.752;Zone GRTgaz
30/09/2017;Auvergne-Rhône-Alpes;110.93;Zone GRTgaz
05/12/2022;Auvergne-Rhône-Alpes;1175.072;Zone GRTgaz
08/09/2021;Auvergne-Rhône-Alpes;585.89;Zone GRTgaz
10/05/2021;Auvergne-Rhône-Alpes;446.953;Zone GRTgaz
23/01/2019;Auvergne-Rhône-Alpes;152.04299999999998;Zone GRTgaz
27/11/2020;Auvergne-Rhône-Alpes;372.956;Zone GRTgaz
22/09/2022;Auvergne-Rhône-Alpes;1140.334;Zone GRTgaz
07/07/2020;Auvergne-Rhône-Alpes;272.657;Zone GRTgaz
14/12/2021;Auvergne-Rhône-Alpes;777.338;Zone GRTgaz
24/10/2022;Auvergne-Rhône-Alpes;1119.8;Zone GRTgaz
08/09/2024;Auvergne-Rhône-Alpes;1795.3277472;Zone GRTgaz
28/03/2024;Auvergne-Rhône-Alpes;1778.9753412;Zone GRTgaz
08/12/2023;Auvergne-Rhône-Alpes;1568.657;Zone GRTgaz
11/11/2024;Auvergne-Rhône-Alpes;1878.2116866000001;Zone GRTgaz
22/10/2021;Auvergne-Rhône-Alpes;613.722;Zone GRTgaz
17/12/2023;Auvergne-Rhône-Alpes;1484.852;Zone GRTgaz
05/03/2022;Auvergne-Rhône-Alpes;889.225;Zone GRTgaz
17/04/2020;Auvergne-Rhône-Alpes;297.0;Zone GRTgaz
15/10/2020;Auvergne-Rhône-Alpes;343.358;Zone GRTgaz
17/12/2020;Auvergne-Rhône-Alpes;341.923;Zone GRTgaz
14/10/2021;Auvergne-Rhône-Alpes;578.627;Zone GRTgaz
23/08/2022;Auvergne-Rhône-Alpes;1009.359;Zone GRTgaz
07/01/2019;Auvergne-Rhône-Alpes;125.02199999999999;Zone GRTgaz
08/10/2023;Auvergne-Rhône-Alpes;1386.532;Zone GRTgaz
02/05/2021;Auvergne-Rhône-Alpes;381.242;Zone GRTgaz
02/09/2023;Auvergne-Rhône-Alpes;1306.353;Zone GRTgaz
15/02/2019;Auvergne-Rhône-Alpes;164.998;Zone GRTgaz
31/07/2022;Auvergne-Rhône-Alpes;892.306;Zone GRTgaz
03/08/2023;Auvergne-Rhône-Alpes;1306.816;Zone GRTgaz
12/08/2020;Auvergne-Rhône-Alpes;280.553;Zone GRTgaz
22/01/2024;Auvergne-Rhône-Alpes;1585.2880602;Zone GRTgaz
24/05/2024;Auvergne-Rhône-Alpes;1772.2539107999996;Zone GRTgaz
30/09/2023;Auvergne-Rhône-Alpes;1384.93;Zone GRTgaz
10/01/2024;Auvergne-Rhône-Alpes;1624.476034;Zone GRTgaz
08/01/2022;Auvergne-Rhône-Alpes;773.708;Zone GRTgaz
14/03/2024;Auvergne-Rhône-Alpes;1749.7104497999999;Zone GRTgaz
12/04/2022;Auvergne-Rhône-Alpes;998.993;Zone GRTgaz
21/04/2021;Auvergne-Rhône-Alpes;442.185;Zone GRTgaz
06/03/2022;Auvergne-Rhône-Alpes;884.502;Zone GRTgaz
20/03/2023;Auvergne-Rhône-Alpes;1396.369;Zone GRTgaz
26/07/2020;Auvergne-Rhône-Alpes;239.546;Zone GRTgaz
01/01/2024;Auvergne-Rhône-Alpes;1590.6424442;Zone GRTgaz
29/07/2022;Auvergne-Rhône-Alpes;1059.199;Zone GRTgaz
03/06/2024;Auvergne-Rhône-Alpes;1817.7208181999997;Zone GRTgaz
24/05/2018;Auvergne-Rhône-Alpes;143.331;Zone GRTgaz
02/09/2022;Auvergne-Rhône-Alpes;1071.34;Zone GRTgaz
21/11/2018;Auvergne-Rhône-Alpes;146.258;Zone GRTgaz
03/04/2021;Auvergne-Rhône-Alpes;402.006;Zone GRTgaz
19/12/2020;Auvergne-Rhône-Alpes;361.116;Zone GRTgaz
03/11/2019;Auvergne-Rhône-Alpes;226.799;Zone GRTgaz
05/10/2019;Auvergne-Rhône-Alpes;204.571;Zone GRTgaz
29/04/2019;Auvergne-Rhône-Alpes;161.289;Zone GRTgaz
24/10/2021;Auvergne-Rhône-Alpes;613.111;Zone GRTgaz
17/02/2022;Auvergne-Rhône-Alpes;832.107;Zone GRTgaz
07/09/2021;Auvergne-Rhône-Alpes;538.717;Zone GRTgaz
22/08/2017;Auvergne-Rhône-Alpes;91.56599999999999;Zone GRTgaz
07/02/2022;Auvergne-Rhône-Alpes;819.377;Zone GRTgaz
12/11/2019;Auvergne-Rhône-Alpes;194.66;Zone GRTgaz
22/09/2017;Auvergne-Rhône-Alpes;99.071;Zone GRTgaz
31/03/2020;Auvergne-Rhône-Alpes;273.886;Zone GRTgaz
16/12/2018;Auvergne-Rhône-Alpes;142.001;Zone GRTgaz
12/09/2022;Auvergne-Rhône-Alpes;1075.893;Zone GRTgaz
30/11/2019;Auvergne-Rhône-Alpes;253.283;Zone GRTgaz
03/08/2017;Auvergne-Rhône-Alpes;90.533;Zone GRTgaz
25/09/2023;Auvergne-Rhône-Alpes;5.6717082;Zone Teréga
06/11/2023;Auvergne-Rhône-Alpes;2.7491292;Zone Teréga
26/11/2023;Auvergne-Rhône-Alpes;3.5111052;Zone Teréga
31/12/2023;Auvergne-Rhône-Alpes;2.3330502;Zone Teréga
12/02/2024;Auvergne-Rhône-Alpes;9.3923568;Zone Teréga
28/02/2024;Auvergne-Rhône-Alpes;5.975496;Zone Teréga
21/10/2023;Auvergne-Rhône-Alpes;6.6141522;Zone Teréga
28/10/2023;Auvergne-Rhône-Alpes;6.0827742;Zone Teréga
08/05/2024;Auvergne-Rhône-Alpes;3.5973288;Zone Teréga
18/12/2023;Auvergne-Rhône-Alpes;3.8961036;Zone Teréga
21/07/2024;Auvergne-Rhône-Alpes;6.9510258;Zone Teréga
14/08/2024;Auvergne-Rhône-Alpes;5.3929854;Zone Teréga
22/01/2024;Auvergne-Rhône-Alpes;5.8160826;Zone Teréga
02/02/2024;Auvergne-Rhône-Alpes;6.958044;Zone Teréga
11/02/2024;Auvergne-Rhône-Alpes;8.7968124;Zone Teréga
02/03/2024;Auvergne-Rhône-Alpes;4.4695908;Zone Teréga
18/09/2024;Auvergne-Rhône-Alpes;5.704794;Zone Teréga
20/09/2024;Auvergne-Rhône-Alpes;4.9849272;Zone Teréga
08/10/2024;Auvergne-Rhône-Alpes;5.8832568;Zone Teréga
18/11/2024;Auvergne-Rhône-Alpes;6.1539588;Zone Teréga
10/05/2024;Auvergne-Rhône-Alpes;2.9115504;Zone Teréga
02/06/2024;Auvergne-Rhône-Alpes;5.4872298;Zone Teréga
02/08/2024;Auvergne-Rhône-Alpes;4.4746038;Zone Teréga
28/08/2024;Auvergne-Rhône-Alpes;5.8180878;Zone Teréga
21/09/2024;Auvergne-Rhône-Alpes;5.3829594;Zone Teréga
23/09/2024;Auvergne-Rhône-Alpes;4.3743438;Zone Teréga
22/10/2024;Auvergne-Rhône-Alpes;5.5082844;Zone Teréga
02/11/2024;Auvergne-Rhône-Alpes;6.0476832;Zone Teréga
06/11/2024;Auvergne-Rhône-Alpes;6.0998184;Zone Teréga
30/04/2017;Auvergne-Rhône-Alpes;111.356;Zone GRTgaz
07/06/2017;Auvergne-Rhône-Alpes;117.241;Zone GRTgaz
30/09/2016;Auvergne-Rhône-Alpes;42.534;Zone GRTgaz
05/09/2023;Auvergne-Rhône-Alpes;3.714633;Zone Teréga
13/09/2023;Auvergne-Rhône-Alpes;3.484035;Zone Teréga
04/10/2023;Auvergne-Rhône-Alpes;5.2766838;Zone Teréga
17/11/2023;Auvergne-Rhône-Alpes;2.8533996;Zone Teréga
15/12/2023;Auvergne-Rhône-Alpes;3.7236564;Zone Teréga
23/12/2022;Auvergne-Rhône-Alpes;1339.428;Zone GRTgaz
09/12/2022;Auvergne-Rhône-Alpes;1252.083;Zone GRTgaz
13/10/2021;Auvergne-Rhône-Alpes;550.408;Zone GRTgaz
13/03/2019;Auvergne-Rhône-Alpes;137.316;Zone GRTgaz
19/06/2022;Auvergne-Rhône-Alpes;842.87;Zone GRTgaz
08/01/2024;Auvergne-Rhône-Alpes;1564.4034076;Zone GRTgaz
12/10/2022;Auvergne-Rhône-Alpes;1135.58;Zone GRTgaz
26/04/2023;Auvergne-Rhône-Alpes;1375.184;Zone GRTgaz
15/05/2018;Auvergne-Rhône-Alpes;114.707;Zone GRTgaz
26/05/2020;Auvergne-Rhône-Alpes;269.91;Zone GRTgaz
24/06/2018;Auvergne-Rhône-Alpes;136.832;Zone GRTgaz
16/11/2018;Auvergne-Rhône-Alpes;150.74;Zone GRTgaz
28/07/2018;Auvergne-Rhône-Alpes;108.933;Zone GRTgaz
26/05/2022;Auvergne-Rhône-Alpes;998.066;Zone GRTgaz
19/06/2023;Auvergne-Rhône-Alpes;1301.65;Zone GRTgaz
08/09/2020;Auvergne-Rhône-Alpes;291.295;Zone GRTgaz
27/09/2023;Auvergne-Rhône-Alpes;1398.55;Zone GRTgaz
16/04/2017;Auvergne-Rhône-Alpes;128.86299999999997;Zone GRTgaz
01/06/2017;Auvergne-Rhône-Alpes;113.802;Zone GRTgaz
19/02/2018;Auvergne-Rhône-Alpes;94.775;Zone GRTgaz
09/12/2021;Auvergne-Rhône-Alpes;785.875;Zone GRTgaz
05/06/2022;Auvergne-Rhône-Alpes;873.302;Zone GRTgaz
21/05/2024;Auvergne-Rhône-Alpes;1729.5120701999997;Zone GRTgaz
31/01/2019;Auvergne-Rhône-Alpes;148.17799999999997;Zone GRTgaz
01/07/2020;Auvergne-Rhône-Alpes;283.902;Zone GRTgaz
19/02/2022;Auvergne-Rhône-Alpes;820.83;Zone GRTgaz
02/10/2020;Auvergne-Rhône-Alpes;335.824;Zone GRTgaz
03/09/2022;Auvergne-Rhône-Alpes;1031.257;Zone GRTgaz
09/10/2019;Auvergne-Rhône-Alpes;212.14599999999996;Zone GRTgaz
04/04/2021;Auvergne-Rhône-Alpes;378.023;Zone GRTgaz
16/10/2021;Auvergne-Rhône-Alpes;599.164;Zone GRTgaz
22/06/2020;Auvergne-Rhône-Alpes;270.64199999999994;Zone GRTgaz
19/11/2023;Auvergne-Rhône-Alpes;1496.068;Zone GRTgaz
05/12/2024;Auvergne-Rhône-Alpes;1918.2374838;Zone GRTgaz
04/02/2023;Auvergne-Rhône-Alpes;1387.504;Zone GRTgaz
26/04/2024;Auvergne-Rhône-Alpes;1646.3554236;Zone GRTgaz
22/06/2018;Auvergne-Rhône-Alpes;164.97399999999996;Zone GRTgaz
19/07/2023;Auvergne-Rhône-Alpes;1252.908;Zone GRTgaz
24/03/2022;Auvergne-Rhône-Alpes;988.74;Zone GRTgaz
08/05/2020;Auvergne-Rhône-Alpes;289.355;Zone GRTgaz
13/10/2020;Auvergne-Rhône-Alpes;330.238;Zone GRTgaz
17/05/2019;Auvergne-Rhône-Alpes;188.731;Zone GRTgaz
10/08/2020;Auvergne-Rhône-Alpes;257.72999999999996;Zone GRTgaz
04/07/2022;Auvergne-Rhône-Alpes;1000.513;Zone GRTgaz
22/10/2018;Auvergne-Rhône-Alpes;129.878;Zone GRTgaz
06/05/2019;Auvergne-Rhône-Alpes;180.827;Zone GRTgaz
05/06/2018;Auvergne-Rhône-Alpes;158.474;Zone GRTgaz
28/03/2020;Auvergne-Rhône-Alpes;275.709;Zone GRTgaz
18/03/2020;Auvergne-Rhône-Alpes;288.683;Zone GRTgaz
02/04/2017;Auvergne-Rhône-Alpes;130.386;Zone GRTgaz
30/01/2018;Auvergne-Rhône-Alpes;139.858;Zone GRTgaz
31/01/2018;Auvergne-Rhône-Alpes;144.06;Zone GRTgaz
30/12/2016;Auvergne-Rhône-Alpes;49.074999999999996;Zone GRTgaz
16/03/2017;Auvergne-Rhône-Alpes;76.219;Zone GRTgaz
30/05/2020;Auvergne-Rhône-Alpes;307.464;Zone GRTgaz
05/01/2019;Auvergne-Rhône-Alpes;143.785;Zone GRTgaz
15/01/2020;Auvergne-Rhône-Alpes;237.452;Zone GRTgaz
02/09/2017;Auvergne-Rhône-Alpes;51.243;Zone GRTgaz
30/04/2018;Auvergne-Rhône-Alpes;148.254;Zone GRTgaz
25/11/2018;Auvergne-Rhône-Alpes;135.046;Zone GRTgaz
18/01/2018;Auvergne-Rhône-Alpes;151.89;Zone GRTgaz
05/12/2018;Auvergne-Rhône-Alpes;121.205;Zone GRTgaz
09/02/2019;Auvergne-Rhône-Alpes;98.40599999999999;Zone GRTgaz
28/12/2017;Auvergne-Rhône-Alpes;85.544;Zone GRTgaz
03/03/2019;Auvergne-Rhône-Alpes;153.617;Zone GRTgaz
24/09/2017;Auvergne-Rhône-Alpes;88.44;Zone GRTgaz
27/07/2019;Auvergne-Rhône-Alpes;180.161;Zone GRTgaz
10/04/2017;Auvergne-Rhône-Alpes;101.871;Zone GRTgaz
16/09/2021;Auvergne-Rhône-Alpes;622.806;Zone GRTgaz
22/12/2018;Auvergne-Rhône-Alpes;134.213;Zone GRTgaz
19/05/2024;Auvergne-Rhône-Alpes;1723.6358315999998;Zone GRTgaz
27/03/2023;Auvergne-Rhône-Alpes;1371.795;Zone GRTgaz
28/06/2019;Auvergne-Rhône-Alpes;157.253;Zone GRTgaz
29/08/2020;Auvergne-Rhône-Alpes;280.987;Zone GRTgaz
17/02/2020;Auvergne-Rhône-Alpes;300.082;Zone GRTgaz
08/12/2019;Auvergne-Rhône-Alpes;240.002;Zone GRTgaz
08/03/2017;Auvergne-Rhône-Alpes;78.476;Zone GRTgaz
25/02/2019;Auvergne-Rhône-Alpes;113.944;Zone GRTgaz
15/12/2019;Auvergne-Rhône-Alpes;229.9;Zone GRTgaz
22/09/2023;Auvergne-Rhône-Alpes;5.4401076;Zone Teréga
05/10/2023;Auvergne-Rhône-Alpes;5.6616822;Zone Teréga
05/11/2023;Auvergne-Rhône-Alpes;2.7902358;Zone Teréga
15/11/2023;Auvergne-Rhône-Alpes;3.268476;Zone Teréga
19/11/2023;Auvergne-Rhône-Alpes;2.852397;Zone Teréga
25/11/2023;Auvergne-Rhône-Alpes;1.4266998;Zone Teréga
28/11/2023;Auvergne-Rhône-Alpes;3.4449336;Zone Teréga
19/12/2023;Auvergne-Rhône-Alpes;3.3998166;Zone Teréga
25/12/2023;Auvergne-Rhône-Alpes;4.1216886;Zone Teréga
17/01/2024;Auvergne-Rhône-Alpes;5.8561866;Zone Teréga
09/02/2024;Auvergne-Rhône-Alpes;9.0264078;Zone Teréga
23/02/2024;Auvergne-Rhône-Alpes;6.441705;Zone Teréga
10/04/2024;Auvergne-Rhône-Alpes;7.0502832;Zone Teréga
24/04/2024;Auvergne-Rhône-Alpes;6.9018984;Zone Teréga
07/05/2024;Auvergne-Rhône-Alpes;4.3683282;Zone Teréga
09/05/2024;Auvergne-Rhône-Alpes;3.0408858;Zone Teréga
14/05/2024;Auvergne-Rhône-Alpes;2.5646508;Zone Teréga
23/06/2024;Auvergne-Rhône-Alpes;7.7089914;Zone Teréga
26/06/2024;Auvergne-Rhône-Alpes;6.5098818;Zone Teréga
28/06/2024;Auvergne-Rhône-Alpes;6.0948054;Zone Teréga
06/07/2024;Auvergne-Rhône-Alpes;6.1028262;Zone Teréga
08/07/2024;Auvergne-Rhône-Alpes;4.8365424;Zone Teréga
03/08/2024;Auvergne-Rhône-Alpes;4.692168;Zone Teréga
10/09/2024;Auvergne-Rhône-Alpes;7.0873794;Zone Teréga
22/09/2024;Auvergne-Rhône-Alpes;5.048091;Zone Teréga
27/09/2024;Auvergne-Rhône-Alpes;6.722433;Zone Teréga
25/10/2024;Auvergne-Rhône-Alpes;7.2227304;Zone Teréga
30/10/2024;Auvergne-Rhône-Alpes;7.1505432;Zone Teréga
10/11/2024;Auvergne-Rhône-Alpes;6.627186;Zone Teréga
12/11/2024;Auvergne-Rhône-Alpes;5.393988;Zone Teréga
29/08/2023;Auvergne-Rhône-Alpes;1.6613082;Zone Teréga
09/09/2023;Auvergne-Rhône-Alpes;3.7056096;Zone Teréga
19/09/2023;Auvergne-Rhône-Alpes;4.4876376;Zone Teréga
20/09/2023;Auvergne-Rhône-Alpes;4.1086548;Zone Teréga
24/09/2023;Auvergne-Rhône-Alpes;4.1968836;Zone Teréga
03/10/2023;Auvergne-Rhône-Alpes;4.8355398;Zone Teréga
22/10/2023;Auvergne-Rhône-Alpes;4.0495014;Zone Teréga
01/12/2023;Auvergne-Rhône-Alpes;4.4505414;Zone Teréga
20/12/2023;Auvergne-Rhône-Alpes;3.1672134;Zone Teréga
14/01/2024;Auvergne-Rhône-Alpes;5.674716;Zone Teréga
22/02/2024;Auvergne-Rhône-Alpes;6.0877872;Zone Teréga
29/02/2024;Auvergne-Rhône-Alpes;4.7202408;Zone Teréga
13/03/2024;Auvergne-Rhône-Alpes;5.654664;Zone Teréga
03/04/2024;Auvergne-Rhône-Alpes;6.642225;Zone Teréga
12/04/2024;Auvergne-Rhône-Alpes;7.1665848;Zone Teréga
13/05/2024;Auvergne-Rhône-Alpes;3.5231364;Zone Teréga
14/06/2024;Auvergne-Rhône-Alpes;6.2131122;Zone Teréga
20/07/2024;Auvergne-Rhône-Alpes;6.7154148;Zone Teréga
08/09/2024;Auvergne-Rhône-Alpes;7.8262956;Zone Teréga
23/10/2024;Auvergne-Rhône-Alpes;6.3725256;Zone Teréga
17/11/2024;Auvergne-Rhône-Alpes;5.9273712;Zone Teréga
09/04/2022;Auvergne-Rhône-Alpes;969.545;Zone GRTgaz
13/03/2023;Auvergne-Rhône-Alpes;1334.014;Zone GRTgaz
09/01/2020;Auvergne-Rhône-Alpes;280.813;Zone GRTgaz
27/12/2023;Auvergne-Rhône-Alpes;1520.1;Zone GRTgaz
13/11/2024;Auvergne-Rhône-Alpes;1905.1575641999998;Zone GRTgaz
20/11/2024;Auvergne-Rhône-Alpes;1884.1320396;Zone GRTgaz
31/07/2023;Auvergne-Rhône-Alpes;1262.9249999999997;Zone GRTgaz
19/03/2021;Auvergne-Rhône-Alpes;430.502;Zone GRTgaz
14/01/2022;Auvergne-Rhône-Alpes;725.309;Zone GRTgaz
02/10/2017;Auvergne-Rhône-Alpes;125.77699999999999;Zone GRTgaz
25/01/2020;Auvergne-Rhône-Alpes;274.66799999999995;Zone GRTgaz
30/12/2023;Auvergne-Rhône-Alpes;1543.435;Zone GRTgaz
23/06/2021;Auvergne-Rhône-Alpes;480.081;Zone GRTgaz
14/08/2019;Auvergne-Rhône-Alpes;170.833;Zone GRTgaz
06/11/2022;Auvergne-Rhône-Alpes;1063.742;Zone GRTgaz
12/09/2021;Auvergne-Rhône-Alpes;515.68;Zone GRTgaz
13/04/2022;Auvergne-Rhône-Alpes;991.541;Zone GRTgaz
10/06/2018;Auvergne-Rhône-Alpes;113.01;Zone GRTgaz
06/10/2023;Auvergne-Rhône-Alpes;1507.423;Zone GRTgaz
03/03/2021;Auvergne-Rhône-Alpes;425.019;Zone GRTgaz
10/01/2023;Auvergne-Rhône-Alpes;1339.659;Zone GRTgaz
21/07/2024;Auvergne-Rhône-Alpes;1584.8218511999999;Zone GRTgaz
11/07/2020;Auvergne-Rhône-Alpes;311.75;Zone GRTgaz
30/07/2020;Auvergne-Rhône-Alpes;286.185;Zone GRTgaz
23/08/2021;Auvergne-Rhône-Alpes;555.337;Zone GRTgaz
18/03/2022;Auvergne-Rhône-Alpes;973.467;Zone GRTgaz
29/11/2020;Auvergne-Rhône-Alpes;333.858;Zone GRTgaz
27/01/2020;Auvergne-Rhône-Alpes;216.928;Zone GRTgaz
25/12/2019;Auvergne-Rhône-Alpes;212.16;Zone GRTgaz
04/04/2020;Auvergne-Rhône-Alpes;283.042;Zone GRTgaz
28/03/2021;Auvergne-Rhône-Alpes;399.857;Zone GRTgaz
12/09/2023;Auvergne-Rhône-Alpes;1393.315;Zone GRTgaz
28/04/2024;Auvergne-Rhône-Alpes;1668.2291478;Zone GRTgaz
02/04/2022;Auvergne-Rhône-Alpes;1002.439;Zone GRTgaz
03/07/2022;Auvergne-Rhône-Alpes;901.051;Zone GRTgaz
27/07/2024;Auvergne-Rhône-Alpes;1681.6619825999996;Zone GRTgaz
28/07/2022;Auvergne-Rhône-Alpes;1043.893;Zone GRTgaz
15/10/2019;Auvergne-Rhône-Alpes;163.78;Zone GRTgaz
05/05/2022;Auvergne-Rhône-Alpes;1092.174;Zone GRTgaz
10/07/2020;Auvergne-Rhône-Alpes;288.74799999999993;Zone GRTgaz
22/01/2021;Auvergne-Rhône-Alpes;393.80199999999996;Zone GRTgaz
24/12/2020;Auvergne-Rhône-Alpes;331.389;Zone GRTgaz
11/04/2023;Auvergne-Rhône-Alpes;1338.496;Zone GRTgaz
28/09/2023;Auvergne-Rhône-Alpes;1392.22;Zone GRTgaz
23/01/2024;Auvergne-Rhône-Alpes;1628.9061732;Zone GRTgaz
26/04/2021;Auvergne-Rhône-Alpes;406.845;Zone GRTgaz
10/03/2018;Auvergne-Rhône-Alpes;117.611;Zone GRTgaz
29/12/2020;Auvergne-Rhône-Alpes;364.901;Zone GRTgaz
18/05/2021;Auvergne-Rhône-Alpes;399.309;Zone GRTgaz
06/10/2020;Auvergne-Rhône-Alpes;326.96;Zone GRTgaz
16/04/2020;Auvergne-Rhône-Alpes;288.111;Zone GRTgaz
29/12/2023;Auvergne-Rhône-Alpes;1577.393;Zone GRTgaz
23/07/2023;Auvergne-Rhône-Alpes;1165.781;Zone GRTgaz
25/10/2018;Auvergne-Rhône-Alpes;121.28;Zone GRTgaz
24/03/2017;Auvergne-Rhône-Alpes;84.998;Zone GRTgaz
20/08/2023;Auvergne-Rhône-Alpes;1098.856;Zone GRTgaz
15/09/2017;Auvergne-Rhône-Alpes;112.557;Zone GRTgaz
23/10/2023;Auvergne-Rhône-Alpes;1360.554;Zone GRTgaz
13/09/2024;Auvergne-Rhône-Alpes;1903.8221010000004;Zone GRTgaz
15/02/2024;Auvergne-Rhône-Alpes;1708.2709866;Zone GRTgaz
05/06/2021;Auvergne-Rhône-Alpes;432.161;Zone GRTgaz
31/05/2022;Auvergne-Rhône-Alpes;1036.504;Zone GRTgaz
22/08/2020;Auvergne-Rhône-Alpes;247.151;Zone GRTgaz
04/01/2017;Auvergne-Rhône-Alpes;54.59799999999999;Zone GRTgaz
23/04/2022;Auvergne-Rhône-Alpes;1048.247;Zone GRTgaz
29/06/2024;Auvergne-Rhône-Alpes;1736.8701516000003;Zone GRTgaz
31/10/2020;Auvergne-Rhône-Alpes;295.79;Zone GRTgaz
08/11/2023;Auvergne-Rhône-Alpes;1462.631;Zone GRTgaz
11/08/2023;Auvergne-Rhône-Alpes;1309.2;Zone GRTgaz
20/02/2021;Auvergne-Rhône-Alpes;358.011;Zone GRTgaz
09/04/2021;Auvergne-Rhône-Alpes;437.357;Zone GRTgaz
18/04/2021;Auvergne-Rhône-Alpes;384.564;Zone GRTgaz
03/04/2020;Auvergne-Rhône-Alpes;268.87;Zone GRTgaz
05/03/2020;Auvergne-Rhône-Alpes;289.596;Zone GRTgaz
17/06/2021;Auvergne-Rhône-Alpes;512.714;Zone GRTgaz
27/04/2021;Auvergne-Rhône-Alpes;439.335;Zone GRTgaz
25/09/2019;Auvergne-Rhône-Alpes;220.586;Zone GRTgaz
26/04/2018;Auvergne-Rhône-Alpes;138.835;Zone GRTgaz
16/11/2021;Auvergne-Rhône-Alpes;747.477;Zone GRTgaz
18/02/2019;Auvergne-Rhône-Alpes;141.001;Zone GRTgaz
27/06/2020;Auvergne-Rhône-Alpes;279.148;Zone GRTgaz
29/07/2018;Auvergne-Rhône-Alpes;122.474;Zone GRTgaz
28/09/2016;Auvergne-Rhône-Alpes;24.625999999999994;Zone GRTgaz
26/02/2021;Auvergne-Rhône-Alpes;396.933;Zone GRTgaz
08/01/2018;Auvergne-Rhône-Alpes;74.75199999999998;Zone GRTgaz
20/08/2022;Auvergne-Rhône-Alpes;932.934;Zone GRTgaz
22/07/2024;Auvergne-Rhône-Alpes;1792.2267054;Zone GRTgaz
02/08/2024;Auvergne-Rhône-Alpes;1773.7558056;Zone GRTgaz
11/03/2019;Auvergne-Rhône-Alpes;172.281;Zone GRTgaz
26/12/2023;Auvergne-Rhône-Alpes;1542.591;Zone GRTgaz
08/12/2024;Auvergne-Rhône-Alpes;1885.8705479999999;Zone GRTgaz
23/07/2022;Auvergne-Rhône-Alpes;980.111;Zone GRTgaz
19/05/2021;Auvergne-Rhône-Alpes;419.049;Zone GRTgaz
29/01/2023;Auvergne-Rhône-Alpes;1275.141;Zone GRTgaz
07/12/2016;Auvergne-Rhône-Alpes;49.776;Zone GRTgaz
20/06/2024;Auvergne-Rhône-Alpes;1803.306438;Zone GRTgaz
13/05/2024;Auvergne-Rhône-Alpes;1727.4888233999998;Zone GRTgaz
01/05/2022;Auvergne-Rhône-Alpes;1018.475;Zone GRTgaz
27/09/2021;Auvergne-Rhône-Alpes;559.889;Zone GRTgaz
25/04/2021;Auvergne-Rhône-Alpes;382.534;Zone GRTgaz
18/02/2022;Auvergne-Rhône-Alpes;832.239;Zone GRTgaz
03/06/2021;Auvergne-Rhône-Alpes;448.453;Zone GRTgaz
13/08/2022;Auvergne-Rhône-Alpes;979.82;Zone GRTgaz
28/02/2022;Auvergne-Rhône-Alpes;781.111;Zone GRTgaz
22/08/2024;Auvergne-Rhône-Alpes;1660.6966139999997;Zone GRTgaz
01/06/2020;Auvergne-Rhône-Alpes;259.43899999999996;Zone GRTgaz
22/08/2022;Auvergne-Rhône-Alpes;974.308;Zone GRTgaz
13/01/2024;Auvergne-Rhône-Alpes;1491.6223818;Zone GRTgaz
16/02/2024;Auvergne-Rhône-Alpes;1758.4892153999997;Zone GRTgaz
05/01/2017;Auvergne-Rhône-Alpes;39.989;Zone GRTgaz
03/09/2017;Auvergne-Rhône-Alpes;39.478;Zone GRTgaz
02/06/2022;Auvergne-Rhône-Alpes;1029.477;Zone GRTgaz
04/07/2017;Auvergne-Rhône-Alpes;76.59799999999998;Zone GRTgaz
13/07/2020;Auvergne-Rhône-Alpes;262.127;Zone GRTgaz
26/01/2017;Auvergne-Rhône-Alpes;53.983;Zone GRTgaz
02/10/2019;Auvergne-Rhône-Alpes;207.455;Zone GRTgaz
16/03/2021;Auvergne-Rhône-Alpes;466.648;Zone GRTgaz
22/08/2021;Auvergne-Rhône-Alpes;500.164;Zone GRTgaz
29/07/2020;Auvergne-Rhône-Alpes;264.237;Zone GRTgaz
22/04/2020;Auvergne-Rhône-Alpes;294.97;Zone GRTgaz
15/07/2020;Auvergne-Rhône-Alpes;248.328;Zone GRTgaz
29/08/2018;Auvergne-Rhône-Alpes;95.793;Zone GRTgaz
08/05/2017;Auvergne-Rhône-Alpes;124.569;Zone GRTgaz
14/09/2019;Auvergne-Rhône-Alpes;181.483;Zone GRTgaz
09/08/2017;Auvergne-Rhône-Alpes;115.24599999999998;Zone GRTgaz
26/06/2019;Auvergne-Rhône-Alpes;181.285;Zone GRTgaz
17/09/2019;Auvergne-Rhône-Alpes;177.387;Zone GRTgaz
02/11/2019;Auvergne-Rhône-Alpes;244.85799999999998;Zone GRTgaz
30/10/2023;Auvergne-Rhône-Alpes;1336.333;Zone GRTgaz
24/10/2023;Auvergne-Rhône-Alpes;1431.578;Zone GRTgaz
08/08/2024;Auvergne-Rhône-Alpes;1763.2134666000002;Zone GRTgaz
06/10/2019;Auvergne-Rhône-Alpes;204.97399999999996;Zone GRTgaz
04/09/2023;Auvergne-Rhône-Alpes;1322.482;Zone GRTgaz
20/07/2020;Auvergne-Rhône-Alpes;266.313;Zone GRTgaz
25/07/2017;Auvergne-Rhône-Alpes;124.256;Zone GRTgaz
14/01/2021;Auvergne-Rhône-Alpes;396.253;Zone GRTgaz
09/03/2020;Auvergne-Rhône-Alpes;251.66599999999997;Zone GRTgaz
22/03/2020;Auvergne-Rhône-Alpes;268.797;Zone GRTgaz
16/12/2020;Auvergne-Rhône-Alpes;336.83;Zone GRTgaz
31/08/2017;Auvergne-Rhône-Alpes;86.044;Zone GRTgaz
22/05/2019;Auvergne-Rhône-Alpes;148.307;Zone GRTgaz
23/09/2022;Auvergne-Rhône-Alpes;1086.536;Zone GRTgaz
13/03/2020;Auvergne-Rhône-Alpes;282.325;Zone GRTgaz
28/02/2019;Auvergne-Rhône-Alpes;147.95599999999996;Zone GRTgaz
13/12/2018;Auvergne-Rhône-Alpes;142.516;Zone GRTgaz
07/12/2018;Auvergne-Rhône-Alpes;134.219;Zone GRTgaz
12/10/2019;Auvergne-Rhône-Alpes;204.144;Zone GRTgaz
26/11/2018;Auvergne-Rhône-Alpes;132.98;Zone GRTgaz
29/11/2019;Auvergne-Rhône-Alpes;247.691;Zone GRTgaz
04/12/2019;Auvergne-Rhône-Alpes;222.6;Zone GRTgaz
23/03/2021;Auvergne-Rhône-Alpes;433.91299999999995;Zone GRTgaz
12/05/2017;Auvergne-Rhône-Alpes;123.091;Zone GRTgaz
05/06/2019;Auvergne-Rhône-Alpes;162.607;Zone GRTgaz
08/08/2021;Auvergne-Rhône-Alpes;479.76;Zone GRTgaz
30/05/2018;Auvergne-Rhône-Alpes;157.38499999999996;Zone GRTgaz
12/04/2024;Auvergne-Rhône-Alpes;1809.6659297999997;Zone GRTgaz
13/04/2020;Auvergne-Rhône-Alpes;295.985;Zone GRTgaz
09/11/2021;Auvergne-Rhône-Alpes;729.017;Zone GRTgaz
01/09/2019;Auvergne-Rhône-Alpes;175.232;Zone GRTgaz
28/12/2019;Auvergne-Rhône-Alpes;248.078;Zone GRTgaz
23/06/2019;Auvergne-Rhône-Alpes;144.182;Zone GRTgaz
23/08/2020;Auvergne-Rhône-Alpes;241.947;Zone GRTgaz
10/01/2021;Auvergne-Rhône-Alpes;298.61;Zone GRTgaz
10/01/2018;Auvergne-Rhône-Alpes;120.079;Zone GRTgaz
13/04/2017;Auvergne-Rhône-Alpes;123.78799999999997;Zone GRTgaz
02/04/2021;Auvergne-Rhône-Alpes;396.81;Zone GRTgaz
01/05/2023;Auvergne-Rhône-Alpes;1317.898;Zone GRTgaz
11/11/2020;Auvergne-Rhône-Alpes;337.855;Zone GRTgaz
18/04/2017;Auvergne-Rhône-Alpes;107.673;Zone GRTgaz
15/02/2018;Auvergne-Rhône-Alpes;63.931;Zone GRTgaz
18/10/2020;Auvergne-Rhône-Alpes;297.221;Zone GRTgaz
17/05/2021;Auvergne-Rhône-Alpes;393.064;Zone GRTgaz
23/03/2019;Auvergne-Rhône-Alpes;175.549;Zone GRTgaz
11/02/2017;Auvergne-Rhône-Alpes;86.884;Zone GRTgaz
31/01/2021;Auvergne-Rhône-Alpes;332.34;Zone GRTgaz
26/07/2022;Auvergne-Rhône-Alpes;1054.618;Zone GRTgaz
17/12/2024;Auvergne-Rhône-Alpes;1980.3956759999996;Zone GRTgaz
08/08/2022;Auvergne-Rhône-Alpes;1028.101;Zone GRTgaz
30/08/2023;Auvergne-Rhône-Alpes;1281.642;Zone GRTgaz
07/10/2021;Auvergne-Rhône-Alpes;528.948;Zone GRTgaz
22/12/2020;Auvergne-Rhône-Alpes;369.7289999999999;Zone GRTgaz
24/01/2022;Auvergne-Rhône-Alpes;717.51;Zone GRTgaz
15/11/2024;Auvergne-Rhône-Alpes;1928.6294327999997;Zone GRTgaz
18/04/2019;Auvergne-Rhône-Alpes;190.004;Zone GRTgaz
10/11/2017;Auvergne-Rhône-Alpes;134.631;Zone GRTgaz
02/08/2023;Auvergne-Rhône-Alpes;1264.658;Zone GRTgaz
10/09/2023;Auvergne-Rhône-Alpes;1313.572;Zone GRTgaz
02/04/2020;Auvergne-Rhône-Alpes;257.852;Zone GRTgaz
03/11/2021;Auvergne-Rhône-Alpes;688.932;Zone GRTgaz
02/10/2021;Auvergne-Rhône-Alpes;575.395;Zone GRTgaz
23/02/2020;Auvergne-Rhône-Alpes;310.409;Zone GRTgaz
04/06/2019;Auvergne-Rhône-Alpes;191.74;Zone GRTgaz
26/08/2024;Auvergne-Rhône-Alpes;1718.4363479999997;Zone GRTgaz
31/07/2021;Auvergne-Rhône-Alpes;490.46;Zone GRTgaz
26/09/2022;Auvergne-Rhône-Alpes;1051.199;Zone GRTgaz
23/05/2021;Auvergne-Rhône-Alpes;430.447;Zone GRTgaz
01/05/2021;Auvergne-Rhône-Alpes;427.613;Zone GRTgaz
07/04/2020;Auvergne-Rhône-Alpes;273.92299999999994;Zone GRTgaz
09/06/2019;Auvergne-Rhône-Alpes;197.465;Zone GRTgaz
29/01/2019;Auvergne-Rhône-Alpes;138.481;Zone GRTgaz
23/09/2017;Auvergne-Rhône-Alpes;67.94199999999998;Zone GRTgaz
07/03/2021;Auvergne-Rhône-Alpes;393.893;Zone GRTgaz
22/11/2018;Auvergne-Rhône-Alpes;128.545;Zone GRTgaz
24/04/2018;Auvergne-Rhône-Alpes;134.274;Zone GRTgaz
19/12/2017;Auvergne-Rhône-Alpes;62.591;Zone GRTgaz
20/11/2020;Auvergne-Rhône-Alpes;315.703;Zone GRTgaz
17/11/2017;Auvergne-Rhône-Alpes;121.814;Zone GRTgaz
08/08/2018;Auvergne-Rhône-Alpes;97.45;Zone GRTgaz
20/09/2019;Auvergne-Rhône-Alpes;198.19099999999997;Zone GRTgaz
23/02/2019;Auvergne-Rhône-Alpes;138.269;Zone GRTgaz
11/04/2020;Auvergne-Rhône-Alpes;296.731;Zone GRTgaz
22/05/2017;Auvergne-Rhône-Alpes;58.399;Zone GRTgaz
21/12/2017;Auvergne-Rhône-Alpes;93.782;Zone GRTgaz
18/06/2019;Auvergne-Rhône-Alpes;164.614;Zone GRTgaz
06/05/2021;Auvergne-Rhône-Alpes;446.922;Zone GRTgaz
21/08/2022;Auvergne-Rhône-Alpes;872.363;Zone GRTgaz
14/03/2019;Auvergne-Rhône-Alpes;174.905;Zone GRTgaz
25/06/2023;Auvergne-Rhône-Alpes;1132.843;Zone GRTgaz
25/08/2023;Auvergne-Rhône-Alpes;1233.935;Zone GRTgaz
09/03/2022;Auvergne-Rhône-Alpes;915.928;Zone GRTgaz
29/05/2024;Auvergne-Rhône-Alpes;1770.2767835999998;Zone GRTgaz
30/12/2022;Auvergne-Rhône-Alpes;1327.577;Zone GRTgaz
27/12/2022;Auvergne-Rhône-Alpes;1289.384;Zone GRTgaz
27/06/2022;Auvergne-Rhône-Alpes;958.896;Zone GRTgaz
19/07/2020;Auvergne-Rhône-Alpes;272.291;Zone GRTgaz
07/04/2022;Auvergne-Rhône-Alpes;1036.802;Zone GRTgaz
30/08/2020;Auvergne-Rhône-Alpes;256.565;Zone GRTgaz
28/06/2024;Auvergne-Rhône-Alpes;1795.1823701999997;Zone GRTgaz
15/06/2022;Auvergne-Rhône-Alpes;955.432;Zone GRTgaz
17/08/2024;Auvergne-Rhône-Alpes;1701.6969384;Zone GRTgaz
06/04/2018;Auvergne-Rhône-Alpes;132.965;Zone GRTgaz
30/10/2016;Auvergne-Rhône-Alpes;3.1499999999999995;Zone GRTgaz
12/09/2017;Auvergne-Rhône-Alpes;84.91;Zone GRTgaz
24/03/2020;Auvergne-Rhône-Alpes;261.955;Zone GRTgaz
01/10/2023;Auvergne-Rhône-Alpes;1339.153;Zone GRTgaz
28/10/2019;Auvergne-Rhône-Alpes;194.793;Zone GRTgaz
03/11/2017;Auvergne-Rhône-Alpes;112.446;Zone GRTgaz
06/05/2017;Auvergne-Rhône-Alpes;112.722;Zone GRTgaz
19/01/2019;Auvergne-Rhône-Alpes;139.851;Zone GRTgaz
17/08/2017;Auvergne-Rhône-Alpes;54.63299999999999;Zone GRTgaz
28/06/2017;Auvergne-Rhône-Alpes;29.024000000000004;Zone GRTgaz
28/01/2017;Auvergne-Rhône-Alpes;109.52;Zone GRTgaz
29/01/2017;Auvergne-Rhône-Alpes;106.921;Zone GRTgaz
24/05/2017;Auvergne-Rhône-Alpes;103.39099999999999;Zone GRTgaz
05/09/2016;Auvergne-Rhône-Alpes;30.449999999999992;Zone GRTgaz
12/11/2016;Auvergne-Rhône-Alpes;51.703;Zone GRTgaz
10/09/2016;Auvergne-Rhône-Alpes;41.97899999999999;Zone GRTgaz
15/01/2018;Auvergne-Rhône-Alpes;95.01099999999998;Zone GRTgaz
18/12/2018;Auvergne-Rhône-Alpes;113.966;Zone GRTgaz
19/04/2020;Auvergne-Rhône-Alpes;281.861;Zone GRTgaz
13/04/2019;Auvergne-Rhône-Alpes;184.002;Zone GRTgaz
16/06/2019;Auvergne-Rhône-Alpes;172.89299999999997;Zone GRTgaz
12/11/2018;Auvergne-Rhône-Alpes;133.348;Zone GRTgaz
30/07/2019;Auvergne-Rhône-Alpes;157.522;Zone GRTgaz
01/09/2017;Auvergne-Rhône-Alpes;77.142;Zone GRTgaz
18/12/2017;Auvergne-Rhône-Alpes;57.321999999999996;Zone GRTgaz
16/06/2018;Auvergne-Rhône-Alpes;133.461;Zone GRTgaz
19/06/2018;Auvergne-Rhône-Alpes;121.801;Zone GRTgaz
20/06/2019;Auvergne-Rhône-Alpes;165.289;Zone GRTgaz
27/10/2016;Auvergne-Rhône-Alpes;34.427;Zone GRTgaz
13/07/2017;Auvergne-Rhône-Alpes;105.398;Zone GRTgaz
17/12/2017;Auvergne-Rhône-Alpes;69.36899999999999;Zone GRTgaz
09/03/2018;Auvergne-Rhône-Alpes;131.751;Zone GRTgaz
19/12/2019;Auvergne-Rhône-Alpes;264.57;Zone GRTgaz
15/12/2017;Auvergne-Rhône-Alpes;63.86599999999999;Zone GRTgaz
08/04/2021;Auvergne-Rhône-Alpes;440.132;Zone GRTgaz
10/09/2020;Auvergne-Rhône-Alpes;295.49199999999996;Zone GRTgaz
31/10/2023;Auvergne-Rhône-Alpes;1387.917;Zone GRTgaz
20/04/2018;Auvergne-Rhône-Alpes;152.468;Zone GRTgaz
23/11/2019;Auvergne-Rhône-Alpes;240.619;Zone GRTgaz
15/02/2020;Auvergne-Rhône-Alpes;276.8469999999999;Zone GRTgaz
14/07/2021;Auvergne-Rhône-Alpes;481.354;Zone GRTgaz
02/07/2020;Auvergne-Rhône-Alpes;273.693;Zone GRTgaz
15/03/2018;Auvergne-Rhône-Alpes;109.131;Zone GRTgaz
05/04/2019;Auvergne-Rhône-Alpes;180.748;Zone GRTgaz
02/12/2018;Auvergne-Rhône-Alpes;142.567;Zone GRTgaz
27/07/2017;Auvergne-Rhône-Alpes;125.207;Zone GRTgaz
15/04/2020;Auvergne-Rhône-Alpes;271.589;Zone GRTgaz
24/09/2016;Auvergne-Rhône-Alpes;29.063000000000002;Zone GRTgaz
27/03/2018;Auvergne-Rhône-Alpes;104.501;Zone GRTgaz
21/01/2019;Auvergne-Rhône-Alpes;119.8;Zone GRTgaz
10/04/2018;Auvergne-Rhône-Alpes;130.44599999999997;Zone GRTgaz
09/04/2019;Auvergne-Rhône-Alpes;187.593;Zone GRTgaz
28/10/2017;Auvergne-Rhône-Alpes;140.72299999999998;Zone GRTgaz
29/05/2023;Auvergne-Rhône-Alpes;1306.805;Zone GRTgaz
29/03/2020;Auvergne-Rhône-Alpes;279.702;Zone GRTgaz
19/08/2017;Auvergne-Rhône-Alpes;100.08999999999999;Zone GRTgaz
04/01/2018;Auvergne-Rhône-Alpes;96.40699999999997;Zone GRTgaz
29/03/2017;Auvergne-Rhône-Alpes;114.51099999999998;Zone GRTgaz
21/01/2023;Auvergne-Rhône-Alpes;1333.331;Zone GRTgaz
02/07/2022;Auvergne-Rhône-Alpes;973.77;Zone GRTgaz
21/09/2018;Auvergne-Rhône-Alpes;135.54;Zone GRTgaz
10/06/2021;Auvergne-Rhône-Alpes;505.042;Zone GRTgaz
23/12/2018;Auvergne-Rhône-Alpes;128.538;Zone GRTgaz
18/07/2021;Auvergne-Rhône-Alpes;480.308;Zone GRTgaz
30/03/2020;Auvergne-Rhône-Alpes;252.149;Zone GRTgaz
11/10/2022;Auvergne-Rhône-Alpes;1165.789;Zone GRTgaz
04/05/2022;Auvergne-Rhône-Alpes;1108.028;Zone GRTgaz
27/05/2023;Auvergne-Rhône-Alpes;1362.442;Zone GRTgaz
12/05/2020;Auvergne-Rhône-Alpes;235.0;Zone GRTgaz
13/12/2024;Auvergne-Rhône-Alpes;1957.7830356;Zone GRTgaz
26/03/2020;Auvergne-Rhône-Alpes;285.653;Zone GRTgaz
26/07/2023;Auvergne-Rhône-Alpes;1245.432;Zone GRTgaz
31/08/2018;Auvergne-Rhône-Alpes;110.84;Zone GRTgaz
20/06/2021;Auvergne-Rhône-Alpes;411.65;Zone GRTgaz
11/05/2020;Auvergne-Rhône-Alpes;285.298;Zone GRTgaz
28/10/2018;Auvergne-Rhône-Alpes;129.991;Zone GRTgaz
13/03/2021;Auvergne-Rhône-Alpes;416.288;Zone GRTgaz
24/02/2023;Auvergne-Rhône-Alpes;1360.231;Zone GRTgaz
24/02/2024;Auvergne-Rhône-Alpes;1675.3105116;Zone GRTgaz
23/06/2017;Auvergne-Rhône-Alpes;81.609;Zone GRTgaz
18/07/2020;Auvergne-Rhône-Alpes;271.746;Zone GRTgaz
26/07/2018;Auvergne-Rhône-Alpes;116.015;Zone GRTgaz
31/03/2023;Auvergne-Rhône-Alpes;1353.543;Zone GRTgaz
06/08/2020;Auvergne-Rhône-Alpes;305.737;Zone GRTgaz
02/10/2024;Auvergne-Rhône-Alpes;1846.1896452;Zone GRTgaz
15/04/2021;Auvergne-Rhône-Alpes;423.491;Zone GRTgaz
03/01/2019;Auvergne-Rhône-Alpes;138.137;Zone GRTgaz
07/11/2021;Auvergne-Rhône-Alpes;699.539;Zone GRTgaz
25/12/2022;Auvergne-Rhône-Alpes;1175.73;Zone GRTgaz
22/01/2020;Auvergne-Rhône-Alpes;245.349;Zone GRTgaz
04/03/2018;Auvergne-Rhône-Alpes;106.113;Zone GRTgaz
06/06/2021;Auvergne-Rhône-Alpes;440.5659999999999;Zone GRTgaz
07/08/2022;Auvergne-Rhône-Alpes;895.934;Zone GRTgaz
01/02/2020;Auvergne-Rhône-Alpes;274.731;Zone GRTgaz
30/01/2021;Auvergne-Rhône-Alpes;340.453;Zone GRTgaz
17/10/2023;Auvergne-Rhône-Alpes;1500.175;Zone GRTgaz
03/10/2022;Auvergne-Rhône-Alpes;1081.25;Zone GRTgaz
01/10/2024;Auvergne-Rhône-Alpes;1857.0488058;Zone GRTgaz
28/10/2024;Auvergne-Rhône-Alpes;1832.2865909999998;Zone GRTgaz
25/10/2024;Auvergne-Rhône-Alpes;1872.8487792;Zone GRTgaz
29/08/2019;Auvergne-Rhône-Alpes;187.929;Zone GRTgaz
16/03/2024;Auvergne-Rhône-Alpes;1727.2913112;Zone GRTgaz
24/01/2021;Auvergne-Rhône-Alpes;334.852;Zone GRTgaz
05/05/2019;Auvergne-Rhône-Alpes;169.882;Zone GRTgaz
19/12/2018;Auvergne-Rhône-Alpes;116.802;Zone GRTgaz
07/07/2023;Auvergne-Rhône-Alpes;1341.236;Zone GRTgaz
05/07/2017;Auvergne-Rhône-Alpes;62.251;Zone GRTgaz
12/01/2020;Auvergne-Rhône-Alpes;229.532;Zone GRTgaz
04/07/2020;Auvergne-Rhône-Alpes;309.022;Zone GRTgaz
26/06/2017;Auvergne-Rhône-Alpes;73.755;Zone GRTgaz
15/12/2024;Auvergne-Rhône-Alpes;1897.6400694000001;Zone GRTgaz
17/07/2020;Auvergne-Rhône-Alpes;247.867;Zone GRTgaz
24/02/2020;Auvergne-Rhône-Alpes;249.965;Zone GRTgaz
03/05/2020;Auvergne-Rhône-Alpes;295.305;Zone GRTgaz
21/02/2024;Auvergne-Rhône-Alpes;1672.4821769999994;Zone GRTgaz
29/01/2021;Auvergne-Rhône-Alpes;374.531;Zone GRTgaz
26/12/2021;Auvergne-Rhône-Alpes;814.469;Zone GRTgaz
11/02/2023;Auvergne-Rhône-Alpes;1392.204;Zone GRTgaz
29/06/2020;Auvergne-Rhône-Alpes;280.054;Zone GRTgaz
20/08/2019;Auvergne-Rhône-Alpes;167.941;Zone GRTgaz
06/09/2023;Auvergne-Rhône-Alpes;1354.834;Zone GRTgaz
10/07/2024;Auvergne-Rhône-Alpes;1879.8529428;Zone GRTgaz
16/01/2024;Auvergne-Rhône-Alpes;1738.9655856000002;Zone GRTgaz
31/10/2024;Auvergne-Rhône-Alpes;1868.2518581999996;Zone GRTgaz
05/01/2022;Auvergne-Rhône-Alpes;758.071;Zone GRTgaz
17/09/2024;Auvergne-Rhône-Alpes;1800.9322811999998;Zone GRTgaz
26/08/2017;Auvergne-Rhône-Alpes;89.449;Zone GRTgaz
21/06/2022;Auvergne-Rhône-Alpes;1010.379;Zone GRTgaz
23/03/2024;Auvergne-Rhône-Alpes;1743.6397068000003;Zone GRTgaz
07/03/2024;Auvergne-Rhône-Alpes;1720.0625651999999;Zone GRTgaz
22/02/2023;Auvergne-Rhône-Alpes;1343.187;Zone GRTgaz
16/10/2017;Auvergne-Rhône-Alpes;105.328;Zone GRTgaz
12/06/2023;Auvergne-Rhône-Alpes;1330.071;Zone GRTgaz
19/07/2018;Auvergne-Rhône-Alpes;126.84999999999998;Zone GRTgaz
27/04/2024;Auvergne-Rhône-Alpes;1718.5676886000003;Zone GRTgaz
30/11/2024;Auvergne-Rhône-Alpes;1852.3295675999998;Zone GRTgaz
09/11/2020;Auvergne-Rhône-Alpes;342.058;Zone GRTgaz
18/08/2017;Auvergne-Rhône-Alpes;85.986;Zone GRTgaz
26/03/2024;Auvergne-Rhône-Alpes;1692.509112;Zone GRTgaz
01/12/2020;Auvergne-Rhône-Alpes;379.16;Zone GRTgaz
18/12/2020;Auvergne-Rhône-Alpes;365.461;Zone GRTgaz
26/12/2019;Auvergne-Rhône-Alpes;209.97999999999996;Zone GRTgaz
02/02/2018;Auvergne-Rhône-Alpes;118.486;Zone GRTgaz
25/04/2019;Auvergne-Rhône-Alpes;185.27899999999997;Zone GRTgaz
28/05/2018;Auvergne-Rhône-Alpes;146.834;Zone GRTgaz
01/08/2019;Auvergne-Rhône-Alpes;174.785;Zone GRTgaz
08/07/2023;Auvergne-Rhône-Alpes;1225.859;Zone GRTgaz
18/12/2023;Auvergne-Rhône-Alpes;1502.659;Zone GRTgaz
08/05/2019;Auvergne-Rhône-Alpes;173.909;Zone GRTgaz
24/07/2022;Auvergne-Rhône-Alpes;887.876;Zone GRTgaz
17/02/2023;Auvergne-Rhône-Alpes;1441.743;Zone GRTgaz
18/04/2024;Auvergne-Rhône-Alpes;1832.5372409999998;Zone GRTgaz
20/10/2021;Auvergne-Rhône-Alpes;612.089;Zone GRTgaz
28/04/2023;Auvergne-Rhône-Alpes;1389.981;Zone GRTgaz
03/07/2023;Auvergne-Rhône-Alpes;1299.45;Zone GRTgaz
30/12/2018;Auvergne-Rhône-Alpes;134.714;Zone GRTgaz
04/01/2021;Auvergne-Rhône-Alpes;298.511;Zone GRTgaz
29/01/2022;Auvergne-Rhône-Alpes;805.663;Zone GRTgaz
09/06/2024;Auvergne-Rhône-Alpes;1691.7742062;Zone GRTgaz
22/05/2020;Auvergne-Rhône-Alpes;263.47;Zone GRTgaz
30/06/2022;Auvergne-Rhône-Alpes;912.109;Zone GRTgaz
02/02/2017;Auvergne-Rhône-Alpes;103.817;Zone GRTgaz
02/04/2023;Auvergne-Rhône-Alpes;1315.93;Zone GRTgaz
09/07/2023;Auvergne-Rhône-Alpes;1144.067;Zone GRTgaz
14/09/2016;Auvergne-Rhône-Alpes;14.627999999999997;Zone GRTgaz
02/01/2017;Auvergne-Rhône-Alpes;28.365999999999996;Zone GRTgaz
18/10/2018;Auvergne-Rhône-Alpes;137.998;Zone GRTgaz
20/04/2017;Auvergne-Rhône-Alpes;115.131;Zone GRTgaz
09/01/2017;Auvergne-Rhône-Alpes;52.71999999999999;Zone GRTgaz
09/10/2016;Auvergne-Rhône-Alpes;27.001999999999992;Zone GRTgaz
26/10/2016;Auvergne-Rhône-Alpes;30.502999999999997;Zone GRTgaz
04/08/2020;Auvergne-Rhône-Alpes;290.474;Zone GRTgaz
27/03/2022;Auvergne-Rhône-Alpes;911.052;Zone GRTgaz
30/04/2020;Auvergne-Rhône-Alpes;299.113;Zone GRTgaz
22/02/2017;Auvergne-Rhône-Alpes;55.023;Zone GRTgaz
31/12/2020;Auvergne-Rhône-Alpes;313.062;Zone GRTgaz
25/01/2018;Auvergne-Rhône-Alpes;144.98;Zone GRTgaz
09/11/2023;Auvergne-Rhône-Alpes;1512.295;Zone GRTgaz
04/03/2019;Auvergne-Rhône-Alpes;171.03699999999998;Zone GRTgaz
03/10/2016;Auvergne-Rhône-Alpes;40.567;Zone GRTgaz
01/06/2018;Auvergne-Rhône-Alpes;150.62999999999997;Zone GRTgaz
14/07/2018;Auvergne-Rhône-Alpes;108.722;Zone GRTgaz
11/12/2023;Auvergne-Rhône-Alpes;1628.106;Zone GRTgaz
28/11/2019;Auvergne-Rhône-Alpes;239.581;Zone GRTgaz
04/07/2021;Auvergne-Rhône-Alpes;464.746;Zone GRTgaz
03/08/2021;Auvergne-Rhône-Alpes;524.452;Zone GRTgaz
03/11/2022;Auvergne-Rhône-Alpes;1119.45;Zone GRTgaz
30/01/2023;Auvergne-Rhône-Alpes;1331.352;Zone GRTgaz
08/10/2021;Auvergne-Rhône-Alpes;544.412;Zone GRTgaz
23/12/2017;Auvergne-Rhône-Alpes;83.103;Zone GRTgaz
04/09/2023;Auvergne-Rhône-Alpes;4.155777;Zone Teréga
30/10/2023;Auvergne-Rhône-Alpes;5.2867098;Zone Teréga
16/12/2023;Auvergne-Rhône-Alpes;2.3089878;Zone Teréga
30/01/2024;Auvergne-Rhône-Alpes;5.8291164;Zone Teréga
10/09/2023;Auvergne-Rhône-Alpes;3.7106226;Zone Teréga
05/04/2024;Auvergne-Rhône-Alpes;5.9694804;Zone Teréga
02/05/2024;Auvergne-Rhône-Alpes;4.2099174;Zone Teréga
25/10/2023;Auvergne-Rhône-Alpes;6.642225;Zone Teréga
05/04/2020;Auvergne-Rhône-Alpes;263.751;Zone GRTgaz
01/03/2019;Auvergne-Rhône-Alpes;148.12499999999997;Zone GRTgaz
14/09/2020;Auvergne-Rhône-Alpes;333.687;Zone GRTgaz
15/04/2018;Auvergne-Rhône-Alpes;128.26;Zone GRTgaz
09/09/2018;Auvergne-Rhône-Alpes;108.153;Zone GRTgaz
30/12/2019;Auvergne-Rhône-Alpes;220.67;Zone GRTgaz
30/10/2017;Auvergne-Rhône-Alpes;115.601;Zone GRTgaz
02/07/2018;Auvergne-Rhône-Alpes;126.821;Zone GRTgaz
20/08/2017;Auvergne-Rhône-Alpes;102.887;Zone GRTgaz
08/11/2023;Auvergne-Rhône-Alpes;2.6488692;Zone Teréga
08/01/2017;Auvergne-Rhône-Alpes;29.983999999999995;Zone GRTgaz
22/05/2024;Auvergne-Rhône-Alpes;7.965657;Zone Teréga
10/12/2023;Auvergne-Rhône-Alpes;4.4094348;Zone Teréga
13/12/2023;Auvergne-Rhône-Alpes;1.7685864;Zone Teréga
18/07/2024;Auvergne-Rhône-Alpes;7.544565;Zone Teréga
07/08/2024;Auvergne-Rhône-Alpes;4.6330146;Zone Teréga
07/01/2024;Auvergne-Rhône-Alpes;3.1120704;Zone Teréga
29/06/2017;Auvergne-Rhône-Alpes;56.42;Zone GRTgaz
26/02/2024;Auvergne-Rhône-Alpes;5.7278538;Zone Teréga
19/09/2024;Auvergne-Rhône-Alpes;5.9383998;Zone Teréga
29/09/2024;Auvergne-Rhône-Alpes;2.6288172;Zone Teréga
01/10/2024;Auvergne-Rhône-Alpes;5.9975532;Zone Teréga
06/10/2024;Auvergne-Rhône-Alpes;6.276276;Zone Teréga
15/10/2024;Auvergne-Rhône-Alpes;5.2466058;Zone Teréga
28/10/2024;Auvergne-Rhône-Alpes;5.4461232;Zone Teréga
22/04/2024;Auvergne-Rhône-Alpes;7.5365442;Zone Teréga
03/01/2017;Auvergne-Rhône-Alpes;36.335;Zone GRTgaz
25/04/2024;Auvergne-Rhône-Alpes;5.2054992;Zone Teréga
23/11/2024;Auvergne-Rhône-Alpes;1.6212042;Zone Teréga
27/11/2024;Auvergne-Rhône-Alpes;1.007613;Zone Teréga
30/11/2024;Auvergne-Rhône-Alpes;0.0431118;Zone Teréga
25/05/2024;Auvergne-Rhône-Alpes;5.7659526;Zone Teréga
04/06/2024;Auvergne-Rhône-Alpes;7.1174574;Zone Teréga
21/06/2024;Auvergne-Rhône-Alpes;7.7220252;Zone Teréga
07/07/2024;Auvergne-Rhône-Alpes;5.2456032;Zone Teréga
01/09/2024;Auvergne-Rhône-Alpes;4.0484988;Zone Teréga
02/10/2024;Auvergne-Rhône-Alpes;3.0318624;Zone Teréga
09/10/2024;Auvergne-Rhône-Alpes;4.772376;Zone Teréga
05/11/2024;Auvergne-Rhône-Alpes;6.176016;Zone Teréga
14/11/2024;Auvergne-Rhône-Alpes;4.9859298;Zone Teréga
16/11/2024;Auvergne-Rhône-Alpes;6.381549;Zone Teréga
18/10/2017;Auvergne-Rhône-Alpes;109.577;Zone GRTgaz
27/10/2019;Auvergne-Rhône-Alpes;192.998;Zone GRTgaz
11/04/2017;Auvergne-Rhône-Alpes;119.639;Zone GRTgaz
08/06/2020;Auvergne-Rhône-Alpes;263.577;Zone GRTgaz
01/08/2020;Auvergne-Rhône-Alpes;259.58599999999996;Zone GRTgaz
20/08/2020;Auvergne-Rhône-Alpes;306.118;Zone GRTgaz
27/06/2021;Auvergne-Rhône-Alpes;470.56399999999996;Zone GRTgaz
07/04/2018;Auvergne-Rhône-Alpes;128.029;Zone GRTgaz
07/10/2020;Auvergne-Rhône-Alpes;343.718;Zone GRTgaz
07/04/2023;Auvergne-Rhône-Alpes;1352.837;Zone GRTgaz
23/04/2023;Auvergne-Rhône-Alpes;1300.224;Zone GRTgaz
20/03/2024;Auvergne-Rhône-Alpes;1844.8461612;Zone GRTgaz
17/05/2018;Auvergne-Rhône-Alpes;133.422;Zone GRTgaz
23/10/2021;Auvergne-Rhône-Alpes;653.593;Zone GRTgaz
14/11/2020;Auvergne-Rhône-Alpes;307.606;Zone GRTgaz
28/09/2021;Auvergne-Rhône-Alpes;586.128;Zone GRTgaz
07/05/2024;Auvergne-Rhône-Alpes;1762.876593;Zone GRTgaz
03/12/2021;Auvergne-Rhône-Alpes;832.635;Zone GRTgaz
19/08/2021;Auvergne-Rhône-Alpes;497.039;Zone GRTgaz
23/02/2024;Auvergne-Rhône-Alpes;1739.6222886;Zone GRTgaz
13/02/2024;Auvergne-Rhône-Alpes;1638.9421991999998;Zone GRTgaz
24/11/2023;Auvergne-Rhône-Alpes;1574.208;Zone GRTgaz
01/01/2023;Auvergne-Rhône-Alpes;1233.526;Zone GRTgaz
01/08/2023;Auvergne-Rhône-Alpes;1314.302;Zone GRTgaz
19/06/2024;Auvergne-Rhône-Alpes;1842.9041250000002;Zone GRTgaz
14/12/2023;Auvergne-Rhône-Alpes;2.5335702;Zone Teréga
22/12/2023;Auvergne-Rhône-Alpes;3.4078374;Zone Teréga
24/12/2023;Auvergne-Rhône-Alpes;4.8064644;Zone Teréga
09/01/2024;Auvergne-Rhône-Alpes;6.0466806;Zone Teréga
15/01/2024;Auvergne-Rhône-Alpes;4.8596022;Zone Teréga
12/09/2023;Auvergne-Rhône-Alpes;3.3476814;Zone Teréga
17/09/2023;Auvergne-Rhône-Alpes;4.3853724;Zone Teréga
03/12/2023;Auvergne-Rhône-Alpes;3.7868202;Zone Teréga
21/03/2017;Auvergne-Rhône-Alpes;95.309;Zone GRTgaz
22/02/2019;Auvergne-Rhône-Alpes;161.317;Zone GRTgaz
01/10/2016;Auvergne-Rhône-Alpes;38.24199999999999;Zone GRTgaz
02/04/2018;Auvergne-Rhône-Alpes;121.248;Zone GRTgaz
04/09/2017;Auvergne-Rhône-Alpes;79.73799999999999;Zone GRTgaz
16/05/2017;Auvergne-Rhône-Alpes;127.854;Zone GRTgaz
22/06/2017;Auvergne-Rhône-Alpes;75.56399999999998;Zone GRTgaz
03/10/2017;Auvergne-Rhône-Alpes;123.403;Zone GRTgaz
12/03/2017;Auvergne-Rhône-Alpes;107.48;Zone GRTgaz
27/09/2016;Auvergne-Rhône-Alpes;4.976000000000001;Zone GRTgaz
28/11/2016;Auvergne-Rhône-Alpes;49.084999999999994;Zone GRTgaz
17/03/2017;Auvergne-Rhône-Alpes;44.910999999999994;Zone GRTgaz
10/07/2019;Auvergne-Rhône-Alpes;167.212;Zone GRTgaz
17/05/2024;Auvergne-Rhône-Alpes;1783.8369485999997;Zone GRTgaz
01/01/2022;Auvergne-Rhône-Alpes;710.675;Zone GRTgaz
01/06/2021;Auvergne-Rhône-Alpes;444.676;Zone GRTgaz
03/05/2021;Auvergne-Rhône-Alpes;393.152;Zone GRTgaz
09/12/2023;Auvergne-Rhône-Alpes;1556.742;Zone GRTgaz
08/04/2023;Auvergne-Rhône-Alpes;1336.352;Zone GRTgaz
05/02/2019;Auvergne-Rhône-Alpes;113.027;Zone GRTgaz
21/11/2024;Auvergne-Rhône-Alpes;1760.7230082;Zone GRTgaz
05/07/2024;Auvergne-Rhône-Alpes;1901.8369529999998;Zone GRTgaz
28/03/2018;Auvergne-Rhône-Alpes;130.63599999999997;Zone GRTgaz
14/01/2017;Auvergne-Rhône-Alpes;104.647;Zone GRTgaz
09/12/2016;Auvergne-Rhône-Alpes;45.397;Zone GRTgaz
25/02/2017;Auvergne-Rhône-Alpes;110.93;Zone GRTgaz
23/03/2017;Auvergne-Rhône-Alpes;78.748;Zone GRTgaz
05/01/2024;Auvergne-Rhône-Alpes;1646.2705133999998;Zone GRTgaz
12/12/2024;Auvergne-Rhône-Alpes;1961.0475012000002;Zone GRTgaz
16/09/2018;Auvergne-Rhône-Alpes;139.021;Zone GRTgaz
27/08/2022;Auvergne-Rhône-Alpes;971.188;Zone GRTgaz
21/05/2023;Auvergne-Rhône-Alpes;1242.337;Zone GRTgaz
30/04/2022;Auvergne-Rhône-Alpes;1023.717;Zone GRTgaz
12/10/2024;Auvergne-Rhône-Alpes;1830.3696198;Zone GRTgaz
07/03/2020;Auvergne-Rhône-Alpes;268.118;Zone GRTgaz
09/11/2024;Auvergne-Rhône-Alpes;1894.7987010000002;Zone GRTgaz
10/05/2023;Auvergne-Rhône-Alpes;1367.52;Zone GRTgaz
10/02/2017;Auvergne-Rhône-Alpes;107.457;Zone GRTgaz
09/09/2020;Auvergne-Rhône-Alpes;247.713;Zone GRTgaz
14/11/2021;Auvergne-Rhône-Alpes;703.226;Zone GRTgaz
18/02/2018;Auvergne-Rhône-Alpes;99.104;Zone GRTgaz
06/04/2021;Auvergne-Rhône-Alpes;408.861;Zone GRTgaz
21/12/2020;Auvergne-Rhône-Alpes;360.14099999999996;Zone GRTgaz
29/11/2022;Auvergne-Rhône-Alpes;1158.04;Zone GRTgaz
21/02/2021;Auvergne-Rhône-Alpes;326.501;Zone GRTgaz
09/01/2018;Auvergne-Rhône-Alpes;94.548;Zone GRTgaz
30/12/2021;Auvergne-Rhône-Alpes;760.025;Zone GRTgaz
01/10/2021;Auvergne-Rhône-Alpes;622.148;Zone GRTgaz
20/03/2018;Auvergne-Rhône-Alpes;119.756;Zone GRTgaz
14/04/2018;Auvergne-Rhône-Alpes;127.583;Zone GRTgaz
29/11/2018;Auvergne-Rhône-Alpes;153.475;Zone GRTgaz
09/04/2018;Auvergne-Rhône-Alpes;115.86499999999997;Zone GRTgaz
15/09/2018;Auvergne-Rhône-Alpes;122.224;Zone GRTgaz
23/02/2017;Auvergne-Rhône-Alpes;101.185;Zone GRTgaz
20/03/2019;Auvergne-Rhône-Alpes;149.936;Zone GRTgaz
25/05/2019;Auvergne-Rhône-Alpes;184.313;Zone GRTgaz
06/12/2020;Auvergne-Rhône-Alpes;298.071;Zone GRTgaz
03/11/2018;Auvergne-Rhône-Alpes;115.90799999999999;Zone GRTgaz
04/10/2017;Auvergne-Rhône-Alpes;130.17899999999997;Zone GRTgaz
04/10/2018;Auvergne-Rhône-Alpes;117.48;Zone GRTgaz
23/02/2018;Auvergne-Rhône-Alpes;114.56099999999998;Zone GRTgaz
24/12/2018;Auvergne-Rhône-Alpes;91.87999999999997;Zone GRTgaz
27/06/2019;Auvergne-Rhône-Alpes;166.128;Zone GRTgaz
08/08/2017;Auvergne-Rhône-Alpes;122.353;Zone GRTgaz
12/12/2017;Auvergne-Rhône-Alpes;69.935;Zone GRTgaz
26/08/2020;Auvergne-Rhône-Alpes;284.866;Zone GRTgaz
29/03/2018;Auvergne-Rhône-Alpes;134.821;Zone GRTgaz
04/10/2024;Auvergne-Rhône-Alpes;1897.2290034;Zone GRTgaz
20/05/2017;Auvergne-Rhône-Alpes;114.756;Zone GRTgaz
06/03/2018;Auvergne-Rhône-Alpes;91.661;Zone GRTgaz
05/05/2023;Auvergne-Rhône-Alpes;1372.502;Zone GRTgaz
30/04/2024;Auvergne-Rhône-Alpes;1710.6210809999998;Zone GRTgaz
13/11/2021;Auvergne-Rhône-Alpes;731.86;Zone GRTgaz
06/11/2024;Auvergne-Rhône-Alpes;1785.1804326;Zone GRTgaz
21/09/2024;Auvergne-Rhône-Alpes;1845.4336847999998;Zone GRTgaz
05/12/2023;Auvergne-Rhône-Alpes;1480.284;Zone GRTgaz
15/10/2021;Auvergne-Rhône-Alpes;566.58;Zone GRTgaz
20/03/2022;Auvergne-Rhône-Alpes;945.509;Zone GRTgaz
13/10/2017;Auvergne-Rhône-Alpes;127.192;Zone GRTgaz
19/10/2024;Auvergne-Rhône-Alpes;1716.4020726;Zone GRTgaz
25/01/2022;Auvergne-Rhône-Alpes;700.502;Zone GRTgaz
29/06/2022;Auvergne-Rhône-Alpes;903.588;Zone GRTgaz
04/12/2022;Auvergne-Rhône-Alpes;1169.254;Zone GRTgaz
04/01/2024;Auvergne-Rhône-Alpes;1633.9153387999995;Zone GRTgaz
29/03/2024;Auvergne-Rhône-Alpes;1726.0691418000001;Zone GRTgaz
07/04/2021;Auvergne-Rhône-Alpes;401.171;Zone GRTgaz
13/04/2021;Auvergne-Rhône-Alpes;417.804;Zone GRTgaz
22/11/2020;Auvergne-Rhône-Alpes;265.365;Zone GRTgaz
12/09/2018;Auvergne-Rhône-Alpes;111.327;Zone GRTgaz
21/02/2019;Auvergne-Rhône-Alpes;163.663;Zone GRTgaz
12/03/2018;Auvergne-Rhône-Alpes;114.13;Zone GRTgaz
16/11/2022;Auvergne-Rhône-Alpes;1196.23;Zone GRTgaz
10/03/2020;Auvergne-Rhône-Alpes;273.267;Zone GRTgaz
16/05/2019;Auvergne-Rhône-Alpes;190.807;Zone GRTgaz
15/03/2024;Auvergne-Rhône-Alpes;1768.1733287999996;Zone GRTgaz
14/11/2024;Auvergne-Rhône-Alpes;1897.4415546;Zone GRTgaz
11/08/2022;Auvergne-Rhône-Alpes;1033.004;Zone GRTgaz
03/12/2023;Auvergne-Rhône-Alpes;1401.92;Zone GRTgaz
21/12/2016;Auvergne-Rhône-Alpes;62.845;Zone GRTgaz
20/02/2018;Auvergne-Rhône-Alpes;105.097;Zone GRTgaz
24/12/2016;Auvergne-Rhône-Alpes;67.593;Zone GRTgaz
03/11/2020;Auvergne-Rhône-Alpes;349.589;Zone GRTgaz
24/08/2019;Auvergne-Rhône-Alpes;172.442;Zone GRTgaz
27/11/2016;Auvergne-Rhône-Alpes;50.942;Zone GRTgaz
22/11/2021;Auvergne-Rhône-Alpes;723.246;Zone GRTgaz
01/02/2023;Auvergne-Rhône-Alpes;1356.235;Zone GRTgaz
14/01/2020;Auvergne-Rhône-Alpes;258.152;Zone GRTgaz
18/11/2022;Auvergne-Rhône-Alpes;1206.202;Zone GRTgaz
02/07/2023;Auvergne-Rhône-Alpes;1194.169;Zone GRTgaz
25/02/2023;Auvergne-Rhône-Alpes;1294.086;Zone GRTgaz
27/03/2024;Auvergne-Rhône-Alpes;1744.4427893999998;Zone GRTgaz
26/01/2022;Auvergne-Rhône-Alpes;721.057;Zone GRTgaz
25/07/2022;Auvergne-Rhône-Alpes;1037.298;Zone GRTgaz
16/05/2023;Auvergne-Rhône-Alpes;1388.949;Zone GRTgaz
12/06/2020;Auvergne-Rhône-Alpes;266.35;Zone GRTgaz
23/05/2018;Auvergne-Rhône-Alpes;171.89;Zone GRTgaz
09/06/2021;Auvergne-Rhône-Alpes;465.043;Zone GRTgaz
16/07/2022;Auvergne-Rhône-Alpes;985.934;Zone GRTgaz
05/09/2020;Auvergne-Rhône-Alpes;291.325;Zone GRTgaz
28/01/2024;Auvergne-Rhône-Alpes;1594.7395704;Zone GRTgaz
31/08/2022;Auvergne-Rhône-Alpes;1101.344;Zone GRTgaz
20/09/2022;Auvergne-Rhône-Alpes;1097.868;Zone GRTgaz
30/09/2019;Auvergne-Rhône-Alpes;192.415;Zone GRTgaz
11/09/2023;Auvergne-Rhône-Alpes;1401.758;Zone GRTgaz
29/02/2024;Auvergne-Rhône-Alpes;1670.3205713999998;Zone GRTgaz
21/01/2018;Auvergne-Rhône-Alpes;137.507;Zone GRTgaz
19/03/2024;Auvergne-Rhône-Alpes;1796.7404106;Zone GRTgaz
02/09/2021;Auvergne-Rhône-Alpes;583.482;Zone GRTgaz
22/03/2017;Auvergne-Rhône-Alpes;93.88599999999998;Zone GRTgaz
25/10/2021;Auvergne-Rhône-Alpes;596.002;Zone GRTgaz
05/10/2021;Auvergne-Rhône-Alpes;592.011;Zone GRTgaz
02/05/2017;Auvergne-Rhône-Alpes;104.68299999999998;Zone GRTgaz
21/04/2022;Auvergne-Rhône-Alpes;1077.825;Zone GRTgaz
15/08/2018;Auvergne-Rhône-Alpes;88.673;Zone GRTgaz
16/05/2020;Auvergne-Rhône-Alpes;312.685;Zone GRTgaz
04/02/2020;Auvergne-Rhône-Alpes;253.973;Zone GRTgaz
03/03/2022;Auvergne-Rhône-Alpes;875.927;Zone GRTgaz
17/03/2024;Auvergne-Rhône-Alpes;1692.3877973999997;Zone GRTgaz
19/11/2024;Auvergne-Rhône-Alpes;1869.6795606000003;Zone GRTgaz
31/10/2022;Auvergne-Rhône-Alpes;1121.211;Zone GRTgaz
09/06/2022;Auvergne-Rhône-Alpes;1051.326;Zone GRTgaz
18/03/2023;Auvergne-Rhône-Alpes;1392.712;Zone GRTgaz
25/02/2024;Auvergne-Rhône-Alpes;1651.8977963999998;Zone GRTgaz
04/02/2017;Auvergne-Rhône-Alpes;93.95;Zone GRTgaz
24/07/2018;Auvergne-Rhône-Alpes;103.71999999999998;Zone GRTgaz
14/11/2016;Auvergne-Rhône-Alpes;37.98299999999999;Zone GRTgaz
29/10/2016;Auvergne-Rhône-Alpes;51.544999999999995;Zone GRTgaz
05/10/2018;Auvergne-Rhône-Alpes;133.584;Zone GRTgaz
29/09/2018;Auvergne-Rhône-Alpes;128.637;Zone GRTgaz
27/06/2017;Auvergne-Rhône-Alpes;63.392;Zone GRTgaz
17/04/2018;Auvergne-Rhône-Alpes;128.313;Zone GRTgaz
02/12/2017;Auvergne-Rhône-Alpes;84.015;Zone GRTgaz
04/05/2017;Auvergne-Rhône-Alpes;96.799;Zone GRTgaz
22/03/2019;Auvergne-Rhône-Alpes;171.265;Zone GRTgaz
21/10/2016;Auvergne-Rhône-Alpes;8.4;Zone GRTgaz
23/10/2017;Auvergne-Rhône-Alpes;104.26599999999999;Zone GRTgaz
13/11/2016;Auvergne-Rhône-Alpes;50.31499999999999;Zone GRTgaz
28/05/2017;Auvergne-Rhône-Alpes;64.196;Zone GRTgaz
29/09/2020;Auvergne-Rhône-Alpes;319.192;Zone GRTgaz
11/05/2023;Auvergne-Rhône-Alpes;1387.305;Zone GRTgaz
03/02/2021;Auvergne-Rhône-Alpes;326.576;Zone GRTgaz
15/08/2020;Auvergne-Rhône-Alpes;258.284;Zone GRTgaz
02/01/2023;Auvergne-Rhône-Alpes;1323.088;Zone GRTgaz
03/08/2019;Auvergne-Rhône-Alpes;172.296;Zone GRTgaz
06/11/2023;Auvergne-Rhône-Alpes;1427.136;Zone GRTgaz
16/04/2024;Auvergne-Rhône-Alpes;1832.5953917999996;Zone GRTgaz
08/11/2020;Auvergne-Rhône-Alpes;312.35;Zone GRTgaz
13/06/2018;Auvergne-Rhône-Alpes;148.504;Zone GRTgaz
19/11/2021;Auvergne-Rhône-Alpes;761.623;Zone GRTgaz
29/01/2024;Auvergne-Rhône-Alpes;5.3368398;Zone Teréga
08/02/2024;Auvergne-Rhône-Alpes;8.0749404;Zone Teréga
20/02/2024;Auvergne-Rhône-Alpes;5.9313816;Zone Teréga
19/03/2024;Auvergne-Rhône-Alpes;3.684555;Zone Teréga
27/03/2024;Auvergne-Rhône-Alpes;5.8421502;Zone Teréga
07/04/2024;Auvergne-Rhône-Alpes;6.8617944;Zone Teréga
13/04/2024;Auvergne-Rhône-Alpes;6.7485006;Zone Teréga
22/06/2024;Auvergne-Rhône-Alpes;8.2002654;Zone Teréga
03/07/2024;Auvergne-Rhône-Alpes;6.3554814;Zone Teréga
21/08/2024;Auvergne-Rhône-Alpes;4.782402;Zone Teréga
04/09/2024;Auvergne-Rhône-Alpes;5.4972558;Zone Teréga
30/09/2024;Auvergne-Rhône-Alpes;5.6516562;Zone Teréga
17/03/2021;Auvergne-Rhône-Alpes;443.493;Zone GRTgaz
21/03/2022;Auvergne-Rhône-Alpes;965.398;Zone GRTgaz
14/07/2024;Auvergne-Rhône-Alpes;1615.7871521999996;Zone GRTgaz
19/06/2020;Auvergne-Rhône-Alpes;270.383;Zone GRTgaz
21/01/2024;Auvergne-Rhône-Alpes;1475.1524501999995;Zone GRTgaz
17/11/2018;Auvergne-Rhône-Alpes;150.638;Zone GRTgaz
29/04/2018;Auvergne-Rhône-Alpes;146.802;Zone GRTgaz
28/11/2020;Auvergne-Rhône-Alpes;353.221;Zone GRTgaz
28/08/2019;Auvergne-Rhône-Alpes;172.538;Zone GRTgaz
20/09/2017;Auvergne-Rhône-Alpes;95.171;Zone GRTgaz
07/07/2022;Auvergne-Rhône-Alpes;1034.718;Zone GRTgaz
17/10/2024;Auvergne-Rhône-Alpes;1862.1730943999999;Zone GRTgaz
09/09/2023;Auvergne-Rhône-Alpes;1341.328;Zone GRTgaz
27/01/2018;Auvergne-Rhône-Alpes;108.219;Zone GRTgaz
22/10/2019;Auvergne-Rhône-Alpes;226.677;Zone GRTgaz
17/11/2023;Auvergne-Rhône-Alpes;1548.199;Zone GRTgaz
25/07/2023;Auvergne-Rhône-Alpes;1276.2;Zone GRTgaz
24/08/2022;Auvergne-Rhône-Alpes;991.106;Zone GRTgaz
07/12/2020;Auvergne-Rhône-Alpes;348.822;Zone GRTgaz
13/01/2018;Auvergne-Rhône-Alpes;123.752;Zone GRTgaz
28/03/2022;Auvergne-Rhône-Alpes;954.823;Zone GRTgaz
22/06/2019;Auvergne-Rhône-Alpes;174.342;Zone GRTgaz
10/08/2017;Auvergne-Rhône-Alpes;103.58;Zone GRTgaz
11/04/2019;Auvergne-Rhône-Alpes;213.38;Zone GRTgaz
10/06/2019;Auvergne-Rhône-Alpes;162.65799999999996;Zone GRTgaz
04/07/2019;Auvergne-Rhône-Alpes;175.336;Zone GRTgaz
19/02/2024;Auvergne-Rhône-Alpes;1733.4793584000001;Zone GRTgaz
01/04/2020;Auvergne-Rhône-Alpes;264.183;Zone GRTgaz
05/03/2023;Auvergne-Rhône-Alpes;1204.851;Zone GRTgaz
24/07/2017;Auvergne-Rhône-Alpes;117.026;Zone GRTgaz
12/07/2020;Auvergne-Rhône-Alpes;271.816;Zone GRTgaz
26/11/2020;Auvergne-Rhône-Alpes;376.973;Zone GRTgaz
31/08/2020;Auvergne-Rhône-Alpes;268.269;Zone GRTgaz
27/05/2020;Auvergne-Rhône-Alpes;275.961;Zone GRTgaz
01/02/2021;Auvergne-Rhône-Alpes;344.134;Zone GRTgaz
06/02/2021;Auvergne-Rhône-Alpes;344.293;Zone GRTgaz
09/12/2018;Auvergne-Rhône-Alpes;109.326;Zone GRTgaz
12/02/2021;Auvergne-Rhône-Alpes;347.227;Zone GRTgaz
28/03/2023;Auvergne-Rhône-Alpes;1353.107;Zone GRTgaz
29/07/2017;Auvergne-Rhône-Alpes;116.446;Zone GRTgaz
17/11/2022;Auvergne-Rhône-Alpes;1207.949;Zone GRTgaz
02/01/2020;Auvergne-Rhône-Alpes;232.169;Zone GRTgaz
24/10/2020;Auvergne-Rhône-Alpes;310.066;Zone GRTgaz
08/03/2022;Auvergne-Rhône-Alpes;907.181;Zone GRTgaz
06/09/2022;Auvergne-Rhône-Alpes;1057.846;Zone GRTgaz
22/04/2018;Auvergne-Rhône-Alpes;135.95;Zone GRTgaz
08/02/2022;Auvergne-Rhône-Alpes;868.276;Zone GRTgaz
27/09/2018;Auvergne-Rhône-Alpes;120.669;Zone GRTgaz
23/11/2020;Auvergne-Rhône-Alpes;351.192;Zone GRTgaz
11/01/2020;Auvergne-Rhône-Alpes;239.956;Zone GRTgaz
29/07/2019;Auvergne-Rhône-Alpes;155.96;Zone GRTgaz
10/08/2018;Auvergne-Rhône-Alpes;114.51999999999997;Zone GRTgaz
28/03/2017;Auvergne-Rhône-Alpes;113.843;Zone GRTgaz
17/07/2019;Auvergne-Rhône-Alpes;175.811;Zone GRTgaz
14/04/2019;Auvergne-Rhône-Alpes;123.69599999999998;Zone GRTgaz
28/06/2023;Auvergne-Rhône-Alpes;1269.085;Zone GRTgaz
10/12/2018;Auvergne-Rhône-Alpes;131.758;Zone GRTgaz
25/05/2020;Auvergne-Rhône-Alpes;270.315;Zone GRTgaz
26/10/2021;Auvergne-Rhône-Alpes;612.444;Zone GRTgaz
13/02/2017;Auvergne-Rhône-Alpes;96.69699999999997;Zone GRTgaz
24/08/2024;Auvergne-Rhône-Alpes;1595.903589;Zone GRTgaz
14/09/2017;Auvergne-Rhône-Alpes;88.714;Zone GRTgaz
04/05/2021;Auvergne-Rhône-Alpes;416.548;Zone GRTgaz
04/11/2018;Auvergne-Rhône-Alpes;107.645;Zone GRTgaz
11/07/2019;Auvergne-Rhône-Alpes;171.515;Zone GRTgaz
25/11/2017;Auvergne-Rhône-Alpes;113.514;Zone GRTgaz
28/11/2018;Auvergne-Rhône-Alpes;144.882;Zone GRTgaz
19/08/2019;Auvergne-Rhône-Alpes;125.598;Zone GRTgaz
06/02/2018;Auvergne-Rhône-Alpes;151.988;Zone GRTgaz
08/07/2018;Auvergne-Rhône-Alpes;129.634;Zone GRTgaz
01/12/2017;Auvergne-Rhône-Alpes;77.501;Zone GRTgaz
09/06/2020;Auvergne-Rhône-Alpes;237.805;Zone GRTgaz
25/04/2020;Auvergne-Rhône-Alpes;301.875;Zone GRTgaz
03/07/2018;Auvergne-Rhône-Alpes;134.072;Zone GRTgaz
26/06/2018;Auvergne-Rhône-Alpes;124.212;Zone GRTgaz
14/01/2019;Auvergne-Rhône-Alpes;125.913;Zone GRTgaz
27/08/2019;Auvergne-Rhône-Alpes;156.5;Zone GRTgaz
23/05/2019;Auvergne-Rhône-Alpes;155.026;Zone GRTgaz
28/04/2017;Auvergne-Rhône-Alpes;119.335;Zone GRTgaz
27/01/2021;Auvergne-Rhône-Alpes;366.844;Zone GRTgaz
24/02/2017;Auvergne-Rhône-Alpes;114.344;Zone GRTgaz
23/04/2017;Auvergne-Rhône-Alpes;126.91699999999997;Zone GRTgaz
11/01/2018;Auvergne-Rhône-Alpes;114.097;Zone GRTgaz
05/12/2019;Auvergne-Rhône-Alpes;210.087;Zone GRTgaz
10/10/2018;Auvergne-Rhône-Alpes;116.817;Zone GRTgaz
12/10/2016;Auvergne-Rhône-Alpes;34.476;Zone GRTgaz
13/09/2017;Auvergne-Rhône-Alpes;98.241;Zone GRTgaz
07/10/2018;Auvergne-Rhône-Alpes;138.41499999999996;Zone GRTgaz
07/08/2018;Auvergne-Rhône-Alpes;108.116;Zone GRTgaz
08/06/2018;Auvergne-Rhône-Alpes;164.378;Zone GRTgaz
04/03/2020;Auvergne-Rhône-Alpes;279.624;Zone GRTgaz
03/02/2020;Auvergne-Rhône-Alpes;281.499;Zone GRTgaz
03/04/2019;Auvergne-Rhône-Alpes;169.166;Zone GRTgaz
02/03/2017;Auvergne-Rhône-Alpes;59.74;Zone GRTgaz
30/04/2021;Auvergne-Rhône-Alpes;416.06;Zone GRTgaz
11/08/2017;Auvergne-Rhône-Alpes;92.934;Zone GRTgaz
01/09/2021;Auvergne-Rhône-Alpes;532.455;Zone GRTgaz
23/10/2022;Auvergne-Rhône-Alpes;1111.25;Zone GRTgaz
23/08/2023;Auvergne-Rhône-Alpes;1251.441;Zone GRTgaz
14/08/2024;Auvergne-Rhône-Alpes;1762.4595114;Zone GRTgaz
25/05/2022;Auvergne-Rhône-Alpes;1056.203;Zone GRTgaz
02/05/2022;Auvergne-Rhône-Alpes;1069.532;Zone GRTgaz
16/08/2024;Auvergne-Rhône-Alpes;1755.8002422;Zone GRTgaz
20/10/2019;Auvergne-Rhône-Alpes;222.13999999999996;Zone GRTgaz
12/12/2020;Auvergne-Rhône-Alpes;369.563;Zone GRTgaz
17/12/2021;Auvergne-Rhône-Alpes;806.922;Zone GRTgaz
29/07/2021;Auvergne-Rhône-Alpes;497.575;Zone GRTgaz
03/12/2019;Auvergne-Rhône-Alpes;211.26;Zone GRTgaz
31/05/2021;Auvergne-Rhône-Alpes;426.57;Zone GRTgaz
09/10/2022;Auvergne-Rhône-Alpes;1051.087;Zone GRTgaz
20/12/2022;Auvergne-Rhône-Alpes;1289.652;Zone GRTgaz
25/01/2023;Auvergne-Rhône-Alpes;1323.345;Zone GRTgaz
03/11/2023;Auvergne-Rhône-Alpes;1451.061;Zone GRTgaz
09/11/2019;Auvergne-Rhône-Alpes;190.131;Zone GRTgaz
30/11/2021;Auvergne-Rhône-Alpes;750.069;Zone GRTgaz
24/04/2022;Auvergne-Rhône-Alpes;1022.29;Zone GRTgaz
20/05/2024;Auvergne-Rhône-Alpes;1654.194753;Zone GRTgaz
22/07/2017;Auvergne-Rhône-Alpes;108.55;Zone GRTgaz
16/01/2018;Auvergne-Rhône-Alpes;87.37299999999999;Zone GRTgaz
01/09/2024;Auvergne-Rhône-Alpes;1676.7532529999999;Zone GRTgaz
26/02/2020;Auvergne-Rhône-Alpes;244.42;Zone GRTgaz
08/06/2024;Auvergne-Rhône-Alpes;1829.3229054;Zone GRTgaz
22/03/2024;Auvergne-Rhône-Alpes;1749.5339921999996;Zone GRTgaz
07/05/2017;Auvergne-Rhône-Alpes;128.355;Zone GRTgaz
26/03/2023;Auvergne-Rhône-Alpes;1280.255;Zone GRTgaz
05/11/2024;Auvergne-Rhône-Alpes;1779.880689;Zone GRTgaz
24/10/2024;Auvergne-Rhône-Alpes;1860.0726474;Zone GRTgaz
20/07/2024;Auvergne-Rhône-Alpes;1635.771978;Zone GRTgaz
16/04/2019;Auvergne-Rhône-Alpes;168.849;Zone GRTgaz
14/04/2020;Auvergne-Rhône-Alpes;280.51;Zone GRTgaz
10/04/2020;Auvergne-Rhône-Alpes;300.657;Zone GRTgaz
26/10/2023;Auvergne-Rhône-Alpes;1407.948;Zone GRTgaz
22/05/2021;Auvergne-Rhône-Alpes;456.978;Zone GRTgaz
26/05/2024;Auvergne-Rhône-Alpes;1686.7130813999997;Zone GRTgaz
31/12/2019;Auvergne-Rhône-Alpes;230.23199999999997;Zone GRTgaz
10/11/2024;Auvergne-Rhône-Alpes;1888.4913443999997;Zone GRTgaz
27/01/2019;Auvergne-Rhône-Alpes;137.694;Zone GRTgaz
31/03/2021;Auvergne-Rhône-Alpes;420.891;Zone GRTgaz
25/10/2022;Auvergne-Rhône-Alpes;1150.233;Zone GRTgaz
07/02/2023;Auvergne-Rhône-Alpes;1296.376;Zone GRTgaz
02/08/2018;Auvergne-Rhône-Alpes;122.052;Zone GRTgaz
02/11/2017;Auvergne-Rhône-Alpes;107.36;Zone GRTgaz
22/08/2023;Auvergne-Rhône-Alpes;1229.803;Zone GRTgaz
09/02/2022;Auvergne-Rhône-Alpes;818.198;Zone GRTgaz
10/09/2022;Auvergne-Rhône-Alpes;1041.244;Zone GRTgaz
25/02/2020;Auvergne-Rhône-Alpes;236.44699999999995;Zone GRTgaz
01/12/2023;Auvergne-Rhône-Alpes;1599.768;Zone GRTgaz
04/11/2022;Auvergne-Rhône-Alpes;1153.734;Zone GRTgaz
14/06/2023;Auvergne-Rhône-Alpes;1279.252;Zone GRTgaz
12/11/2024;Auvergne-Rhône-Alpes;1929.4124633999998;Zone GRTgaz
24/04/2023;Auvergne-Rhône-Alpes;1384.045;Zone GRTgaz
09/01/2022;Auvergne-Rhône-Alpes;790.779;Zone GRTgaz
29/10/2018;Auvergne-Rhône-Alpes;117.39599999999999;Zone GRTgaz
15/05/2023;Auvergne-Rhône-Alpes;1388.735;Zone GRTgaz
14/04/2022;Auvergne-Rhône-Alpes;981.401;Zone GRTgaz
02/03/2022;Auvergne-Rhône-Alpes;922.024;Zone GRTgaz
18/05/2023;Auvergne-Rhône-Alpes;1334.451;Zone GRTgaz
16/01/2020;Auvergne-Rhône-Alpes;250.47399999999996;Zone GRTgaz
16/02/2020;Auvergne-Rhône-Alpes;294.228;Zone GRTgaz
16/01/2022;Auvergne-Rhône-Alpes;722.474;Zone GRTgaz
19/11/2022;Auvergne-Rhône-Alpes;1221.576;Zone GRTgaz
04/11/2017;Auvergne-Rhône-Alpes;123.86;Zone GRTgaz
05/08/2020;Auvergne-Rhône-Alpes;281.239;Zone GRTgaz
31/05/2018;Auvergne-Rhône-Alpes;151.862;Zone GRTgaz
06/06/2022;Auvergne-Rhône-Alpes;883.324;Zone GRTgaz
24/01/2019;Auvergne-Rhône-Alpes;116.565;Zone GRTgaz
02/11/2018;Auvergne-Rhône-Alpes;111.74299999999998;Zone GRTgaz
11/06/2018;Auvergne-Rhône-Alpes;129.637;Zone GRTgaz
28/09/2019;Auvergne-Rhône-Alpes;234.725;Zone GRTgaz
25/01/2021;Auvergne-Rhône-Alpes;352.32;Zone GRTgaz
01/04/2023;Auvergne-Rhône-Alpes;1362.778;Zone GRTgaz
27/08/2018;Auvergne-Rhône-Alpes;98.243;Zone GRTgaz
10/03/2021;Auvergne-Rhône-Alpes;441.133;Zone GRTgaz
21/09/2017;Auvergne-Rhône-Alpes;82.545;Zone GRTgaz
19/09/2018;Auvergne-Rhône-Alpes;99.258;Zone GRTgaz
01/07/2018;Auvergne-Rhône-Alpes;139.61299999999997;Zone GRTgaz
02/09/2020;Auvergne-Rhône-Alpes;257.668;Zone GRTgaz
21/02/2022;Auvergne-Rhône-Alpes;838.906;Zone GRTgaz
27/09/2017;Auvergne-Rhône-Alpes;115.561;Zone GRTgaz
01/08/2022;Auvergne-Rhône-Alpes;952.565;Zone GRTgaz
11/12/2018;Auvergne-Rhône-Alpes;123.945;Zone GRTgaz
06/07/2023;Auvergne-Rhône-Alpes;1306.64;Zone GRTgaz
16/11/2020;Auvergne-Rhône-Alpes;295.915;Zone GRTgaz
30/03/2019;Auvergne-Rhône-Alpes;151.467;Zone GRTgaz
20/07/2019;Auvergne-Rhône-Alpes;166.805;Zone GRTgaz
09/04/2017;Auvergne-Rhône-Alpes;123.10699999999999;Zone GRTgaz
10/12/2020;Auvergne-Rhône-Alpes;326.822;Zone GRTgaz
27/07/2020;Auvergne-Rhône-Alpes;261.265;Zone GRTgaz
09/05/2021;Auvergne-Rhône-Alpes;410.6619999999999;Zone GRTgaz
22/12/2019;Auvergne-Rhône-Alpes;276.024;Zone GRTgaz
21/11/2021;Auvergne-Rhône-Alpes;713.645;Zone GRTgaz
04/03/2021;Auvergne-Rhône-Alpes;429.284;Zone GRTgaz
01/01/2018;Auvergne-Rhône-Alpes;93.525;Zone GRTgaz
15/01/2017;Auvergne-Rhône-Alpes;100.73;Zone GRTgaz
29/06/2019;Auvergne-Rhône-Alpes;180.127;Zone GRTgaz
21/08/2018;Auvergne-Rhône-Alpes;122.967;Zone GRTgaz
25/08/2018;Auvergne-Rhône-Alpes;89.741;Zone GRTgaz
08/04/2019;Auvergne-Rhône-Alpes;171.03699999999998;Zone GRTgaz
19/10/2018;Auvergne-Rhône-Alpes;132.721;Zone GRTgaz
17/09/2018;Auvergne-Rhône-Alpes;119.013;Zone GRTgaz
15/06/2018;Auvergne-Rhône-Alpes;152.953;Zone GRTgaz
29/11/2016;Auvergne-Rhône-Alpes;46.370999999999995;Zone GRTgaz
08/03/2018;Auvergne-Rhône-Alpes;122.16999999999999;Zone GRTgaz
10/11/2018;Auvergne-Rhône-Alpes;131.17;Zone GRTgaz
01/03/2017;Auvergne-Rhône-Alpes;111.958;Zone GRTgaz
20/01/2017;Auvergne-Rhône-Alpes;110.679;Zone GRTgaz
21/03/2018;Auvergne-Rhône-Alpes;115.993;Zone GRTgaz
24/07/2023;Auvergne-Rhône-Alpes;1278.05;Zone GRTgaz
20/01/2023;Auvergne-Rhône-Alpes;1307.076;Zone GRTgaz
19/01/2024;Auvergne-Rhône-Alpes;1608.2937197999997;Zone GRTgaz
28/08/2022;Auvergne-Rhône-Alpes;984.8;Zone GRTgaz
12/04/2023;Auvergne-Rhône-Alpes;1375.621;Zone GRTgaz
31/03/2019;Auvergne-Rhône-Alpes;140.868;Zone GRTgaz
22/12/2016;Auvergne-Rhône-Alpes;59.20099999999999;Zone GRTgaz
16/10/2020;Auvergne-Rhône-Alpes;340.104;Zone GRTgaz
10/10/2024;Auvergne-Rhône-Alpes;1778.5382075999996;Zone GRTgaz
10/06/2023;Auvergne-Rhône-Alpes;1341.881;Zone GRTgaz
24/12/2021;Auvergne-Rhône-Alpes;838.931;Zone GRTgaz
16/05/2021;Auvergne-Rhône-Alpes;379.512;Zone GRTgaz
02/01/2024;Auvergne-Rhône-Alpes;1649.4661949999997;Zone GRTgaz
18/11/2021;Auvergne-Rhône-Alpes;785.888;Zone GRTgaz
04/08/2022;Auvergne-Rhône-Alpes;1034.111;Zone GRTgaz
13/09/2022;Auvergne-Rhône-Alpes;1103.551;Zone GRTgaz
10/10/2019;Auvergne-Rhône-Alpes;224.543;Zone GRTgaz
11/03/2020;Auvergne-Rhône-Alpes;254.906;Zone GRTgaz
14/02/2021;Auvergne-Rhône-Alpes;304.464;Zone GRTgaz
07/05/2020;Auvergne-Rhône-Alpes;305.531;Zone GRTgaz
28/08/2018;Auvergne-Rhône-Alpes;101.893;Zone GRTgaz
31/07/2020;Auvergne-Rhône-Alpes;240.501;Zone GRTgaz
12/12/2019;Auvergne-Rhône-Alpes;238.631;Zone GRTgaz
14/09/2018;Auvergne-Rhône-Alpes;135.698;Zone GRTgaz
24/12/2017;Auvergne-Rhône-Alpes;86.693;Zone GRTgaz
23/01/2021;Auvergne-Rhône-Alpes;378.305;Zone GRTgaz
22/11/2017;Auvergne-Rhône-Alpes;81.71099999999998;Zone GRTgaz
06/08/2018;Auvergne-Rhône-Alpes;99.573;Zone GRTgaz
27/03/2021;Auvergne-Rhône-Alpes;402.964;Zone GRTgaz
18/05/2017;Auvergne-Rhône-Alpes;89.623;Zone GRTgaz
21/01/2020;Auvergne-Rhône-Alpes;211.154;Zone GRTgaz
18/02/2020;Auvergne-Rhône-Alpes;293.71199999999993;Zone GRTgaz
08/10/2019;Auvergne-Rhône-Alpes;212.923;Zone GRTgaz
24/03/2019;Auvergne-Rhône-Alpes;169.40399999999997;Zone GRTgaz
15/03/2021;Auvergne-Rhône-Alpes;464.146;Zone GRTgaz
05/07/2021;Auvergne-Rhône-Alpes;531.409;Zone GRTgaz
10/08/2019;Auvergne-Rhône-Alpes;162.777;Zone GRTgaz
28/01/2018;Auvergne-Rhône-Alpes;86.811;Zone GRTgaz
11/01/2019;Auvergne-Rhône-Alpes;154.894;Zone GRTgaz
08/02/2017;Auvergne-Rhône-Alpes;100.548;Zone GRTgaz
22/09/2021;Auvergne-Rhône-Alpes;560.961;Zone GRTgaz
27/11/2018;Auvergne-Rhône-Alpes;153.316;Zone GRTgaz
04/12/2016;Auvergne-Rhône-Alpes;40.410999999999994;Zone GRTgaz
18/01/2019;Auvergne-Rhône-Alpes;142.241;Zone GRTgaz
02/06/2023;Auvergne-Rhône-Alpes;1373.008;Zone GRTgaz
28/08/2023;Auvergne-Rhône-Alpes;3.6254016;Zone Teréga
21/11/2023;Auvergne-Rhône-Alpes;2.095434;Zone Teréga
22/11/2023;Auvergne-Rhône-Alpes;1.6984044;Zone Teréga
30/11/2023;Auvergne-Rhône-Alpes;5.8922802;Zone Teréga
27/12/2023;Auvergne-Rhône-Alpes;2.2969566;Zone Teréga
12/01/2024;Auvergne-Rhône-Alpes;5.0551092;Zone Teréga
06/03/2024;Auvergne-Rhône-Alpes;4.080582;Zone Teréga
09/04/2024;Auvergne-Rhône-Alpes;6.872823;Zone Teréga
16/04/2024;Auvergne-Rhône-Alpes;7.238772;Zone Teréga
06/05/2024;Auvergne-Rhône-Alpes;4.4455284;Zone Teréga
19/05/2024;Auvergne-Rhône-Alpes;7.2518058;Zone Teréga
29/06/2024;Auvergne-Rhône-Alpes;6.572043;Zone Teréga
13/08/2024;Auvergne-Rhône-Alpes;5.2696656;Zone Teréga
15/08/2024;Auvergne-Rhône-Alpes;6.371523;Zone Teréga
30/08/2024;Auvergne-Rhône-Alpes;5.3308242;Zone Teréga
10/10/2024;Auvergne-Rhône-Alpes;4.4635752;Zone Teréga
24/11/2024;Auvergne-Rhône-Alpes;1.7916462;Zone Teréga
03/09/2023;Auvergne-Rhône-Alpes;3.2845176;Zone Teréga
27/09/2023;Auvergne-Rhône-Alpes;4.2931332;Zone Teréga
23/10/2023;Auvergne-Rhône-Alpes;3.2454162;Zone Teréga
24/01/2024;Auvergne-Rhône-Alpes;3.4369128;Zone Teréga
01/02/2024;Auvergne-Rhône-Alpes;6.2552214;Zone Teréga
08/03/2024;Auvergne-Rhône-Alpes;4.1918706;Zone Teréga
20/03/2024;Auvergne-Rhône-Alpes;5.7589344;Zone Teréga
23/03/2024;Auvergne-Rhône-Alpes;5.5283364;Zone Teréga
21/04/2024;Auvergne-Rhône-Alpes;8.1581562;Zone Teréga
28/04/2024;Auvergne-Rhône-Alpes;5.7228408;Zone Teréga
20/05/2024;Auvergne-Rhône-Alpes;8.2594188;Zone Teréga
09/06/2024;Auvergne-Rhône-Alpes;6.426666;Zone Teréga
28/07/2024;Auvergne-Rhône-Alpes;6.0667326;Zone Teréga
04/08/2024;Auvergne-Rhône-Alpes;5.1212808;Zone Teréga
12/09/2024;Auvergne-Rhône-Alpes;6.5590092;Zone Teréga
17/09/2024;Auvergne-Rhône-Alpes;5.11326;Zone Teréga
26/10/2024;Auvergne-Rhône-Alpes;7.5886794;Zone Teréga
09/11/2024;Auvergne-Rhône-Alpes;6.276276;Zone Teréga
12/08/2019;Auvergne-Rhône-Alpes;141.789;Zone GRTgaz
22/01/2017;Auvergne-Rhône-Alpes;99.27299999999998;Zone GRTgaz
25/03/2017;Auvergne-Rhône-Alpes;109.719;Zone GRTgaz
01/05/2017;Auvergne-Rhône-Alpes;114.76;Zone GRTgaz
20/12/2016;Auvergne-Rhône-Alpes;66.052;Zone GRTgaz
09/02/2017;Auvergne-Rhône-Alpes;110.08999999999997;Zone GRTgaz
23/01/2017;Auvergne-Rhône-Alpes;68.757;Zone GRTgaz
03/07/2020;Auvergne-Rhône-Alpes;291.83699999999993;Zone GRTgaz
17/07/2018;Auvergne-Rhône-Alpes;139.963;Zone GRTgaz
16/11/2023;Auvergne-Rhône-Alpes;1593.485;Zone GRTgaz
12/01/2024;Auvergne-Rhône-Alpes;1575.7747642000002;Zone GRTgaz
31/05/2024;Auvergne-Rhône-Alpes;1751.0298713999998;Zone GRTgaz
23/01/2022;Auvergne-Rhône-Alpes;685.97;Zone GRTgaz
31/03/2024;Auvergne-Rhône-Alpes;1682.5472783999999;Zone GRTgaz
21/12/2022;Auvergne-Rhône-Alpes;1295.766;Zone GRTgaz
24/01/2023;Auvergne-Rhône-Alpes;1286.593;Zone GRTgaz
03/09/2018;Auvergne-Rhône-Alpes;103.446;Zone GRTgaz
25/11/2023;Auvergne-Rhône-Alpes;1513.284;Zone GRTgaz
05/12/2021;Auvergne-Rhône-Alpes;738.459;Zone GRTgaz
12/09/2024;Auvergne-Rhône-Alpes;1854.1041696;Zone GRTgaz
16/06/2023;Auvergne-Rhône-Alpes;1327.799;Zone GRTgaz
01/07/2022;Auvergne-Rhône-Alpes;1009.072;Zone GRTgaz
08/11/2017;Auvergne-Rhône-Alpes;126.817;Zone GRTgaz
09/03/2021;Auvergne-Rhône-Alpes;428.218;Zone GRTgaz
26/08/2022;Auvergne-Rhône-Alpes;1086.993;Zone GRTgaz
24/12/2023;Auvergne-Rhône-Alpes;1471.347;Zone GRTgaz
05/09/2024;Auvergne-Rhône-Alpes;1908.2716398;Zone GRTgaz
04/12/2020;Auvergne-Rhône-Alpes;378.578;Zone GRTgaz
27/05/2022;Auvergne-Rhône-Alpes;989.611;Zone GRTgaz
05/12/2017;Auvergne-Rhône-Alpes;64.883;Zone GRTgaz
12/05/2023;Auvergne-Rhône-Alpes;1415.166;Zone GRTgaz
30/01/2020;Auvergne-Rhône-Alpes;288.49999999999994;Zone GRTgaz
01/04/2022;Auvergne-Rhône-Alpes;977.732;Zone GRTgaz
13/08/2018;Auvergne-Rhône-Alpes;58.054;Zone GRTgaz
21/11/2022;Auvergne-Rhône-Alpes;1107.506;Zone GRTgaz
08/02/2023;Auvergne-Rhône-Alpes;1361.486;Zone GRTgaz
03/06/2019;Auvergne-Rhône-Alpes;180.752;Zone GRTgaz
22/05/2022;Auvergne-Rhône-Alpes;906.741;Zone GRTgaz
16/06/2022;Auvergne-Rhône-Alpes;1002.726;Zone GRTgaz
05/08/2021;Auvergne-Rhône-Alpes;512.341;Zone GRTgaz
16/09/2023;Auvergne-Rhône-Alpes;1334.767;Zone GRTgaz
22/05/2024;Auvergne-Rhône-Alpes;1759.7374524;Zone GRTgaz
14/08/2018;Auvergne-Rhône-Alpes;108.82599999999998;Zone GRTgaz
15/05/2019;Auvergne-Rhône-Alpes;199.764;Zone GRTgaz
05/12/2020;Auvergne-Rhône-Alpes;359.747;Zone GRTgaz
15/10/2024;Auvergne-Rhône-Alpes;1928.2384187999999;Zone GRTgaz
23/01/2023;Auvergne-Rhône-Alpes;1319.97;Zone GRTgaz
10/05/2018;Auvergne-Rhône-Alpes;141.853;Zone GRTgaz
13/10/2023;Auvergne-Rhône-Alpes;1462.256;Zone GRTgaz
