energie_produite_annuelle_photovoltaique_enedis_mwh;nb_sites_eolien_enedis;energie_produite_annuelle_eolien_enedis_mwh;nb_sites_hydraulique_enedis;energie_produite_annuelle_hydraulique_enedis_mwh;nb_sites_bio_energie_enedis;energie_produite_annuelle_bio_energie_enedis_mwh;nb_sites_cogeneration_enedis;energie_produite_annuelle_cogeneration_enedis_mwh;nb_sites_autres_filieres_enedis;energie_produite_annuelle_autres_filieres_enedis_mwh;geom;centroid
1065.677;0;0.0;0;0.0;0;0.0;0;0.0;0;0.0;"{""coordinates"": [[[[4.959102784, 45.641948321], [4.960025733, 45.639761424], [4.962757033, 45.638059129], [4.966511504, 45.636102892], [4.969354944, 45.633773343], [4.970495827, 45.63339667], [4.973041082, 45.631607297], [4.974840867, 45.629799423], [4.97582972, 45.627899472], [4.977340866, 45.626858668], [4.97771952, 45.624771252], [4.979327609, 45.621956015], [4.981345832, 45.620886415], [4.984065054, 45.620180936], [4.985738913, 45.619284869], [4.986704206, 45.619678576], [4.988795715, 45.618511162], [4.991525126, 45.616345178], [4.992506833, 45.615054112], [4.994696469, 45.615515233], [4.998231435, 45.61526784], [5.001546686, 45.614162209], [4.998083355, 45.6034389], [4.98151679, 45.609480653], [4.970942711, 45.613193804], [4.962776829, 45.610756815], [4.950230587, 45.608912312], [4.936212265, 45.608692406], [4.93263264, 45.60743257], [4.926254032, 45.605537827], [4.923613283, 45.606136979], [4.921357033, 45.606205268], [4.91976572, 45.60698276], [4.91860075, 45.606694583], [4.916609443, 45.607262673], [4.915063312, 45.606973748], [4.911535537, 45.607124732], [4.905480934, 45.606642884], [4.903642143, 45.60620023], [4.900851196, 45.606206898], [4.897790085, 45.604432793], [4.89646654, 45.603180574], [4.893425185, 45.602013118], [4.890891601, 45.601508096], [4.887980364, 45.60147954], [4.886483479, 45.601836129], [4.882260638, 45.601878057], [4.882265021, 45.600911497], [4.881081457, 45.598742518], [4.873836785, 45.59547311], [4.872050547, 45.595275875], [4.868878422, 45.595718652], [4.865898149, 45.594887228], [4.864274442, 45.593379317], [4.859995062, 45.590799343], [4.861201367, 45.589358036], [4.861447184, 45.586745463], [4.859351003, 45.582384604], [4.857942474, 45.580583021], [4.857785108, 45.576461203], [4.852848123, 45.578908881], [4.849000824, 45.579197403], [4.848977572, 45.579846306], [4.846899194, 45.58118021], [4.845190371, 45.581326263], [4.843392285, 45.582221352], [4.840423387, 45.582278097], [4.837548519, 45.583430303], [4.830894847, 45.587583975], [4.829052297, 45.587922008], [4.824691866, 45.587453324], [4.821348424, 45.587988513], [4.817525023, 45.588090011], [4.81562923, 45.5884503], [4.814765575, 45.587696834], [4.812697947, 45.58747078], [4.81039595, 45.589809189], [4.807392472, 45.58905407], [4.80636088, 45.589167023], [4.803964136, 45.587894964], [4.793134342, 45.587257552], [4.77690293, 45.587539544], [4.777769922, 45.589733467], [4.781814143, 45.592067135], [4.785405199, 45.593306294], [4.787398568, 45.59440952], [4.789244553, 45.596071694], [4.792059128, 45.599790041], [4.79473655, 45.602589989], [4.801014155, 45.608127198], [4.802014165, 45.613898263], [4.804319638, 45.617970366], [4.806134332, 45.61969584], [4.80723169, 45.622093035], [4.807477453, 45.624983086], [4.80722532, 45.628154052], [4.807686476, 45.632725885], [4.808524695, 45.63598472], [4.810503496, 45.636698697], [4.812554996, 45.63810232], [4.817300171, 45.639691228], [4.820271765, 45.642005795], [4.82394808, 45.638144335], [4.822887874, 45.636400603], [4.822016892, 45.633420714], [4.826054511, 45.632517599], [4.828001725, 45.631765407], [4.830670295, 45.632175089], [4.836496739, 45.631639699], [4.838252592, 45.630194191], [4.839497521, 45.630491803], [4.840769462, 45.632104017], [4.842469508, 45.632457202], [4.845247139, 45.632320717], [4.849035895, 45.634051874], [4.851952311, 45.634377719], [4.853095693, 45.635127219], [4.852973183, 45.638910495], [4.856343565, 45.639018886], [4.856185451, 45.641657029], [4.856425447, 45.651612445], [4.856964312, 45.656842209], [4.857621365, 45.660997253], [4.857556355, 45.663347434], [4.873581157, 45.663934014], [4.883800199, 45.662532195], [4.888046702, 45.664479624], [4.897021834, 45.66007366], [4.89475953, 45.652148301], [4.892276286, 45.641759501], [4.917077061, 45.648190874], [4.918644358, 45.659546019], [4.935217174, 45.652847208], [4.94629729, 45.648050622], [4.952582582, 45.645646639], [4.959102784, 45.641948321]]]], ""type"": ""MultiPolygon""}";45.621392169,4.882790254
1063.128;0;0.0;0;0.0;0;0.0;0;0.0;0;0.0;"{""coordinates"": [[[[4.959102784, 45.641948321], [4.960025733, 45.639761424], [4.962757033, 45.638059129], [4.966511504, 45.636102892], [4.969354944, 45.633773343], [4.970495827, 45.63339667], [4.973041082, 45.631607297], [4.974840867, 45.629799423], [4.97582972, 45.627899472], [4.977340866, 45.626858668], [4.97771952, 45.624771252], [4.979327609, 45.621956015], [4.981345832, 45.620886415], [4.984065054, 45.620180936], [4.985738913, 45.619284869], [4.986704206, 45.619678576], [4.988795715, 45.618511162], [4.991525126, 45.616345178], [4.992506833, 45.615054112], [4.994696469, 45.615515233], [4.998231435, 45.61526784], [5.001546686, 45.614162209], [4.998083355, 45.6034389], [4.98151679, 45.609480653], [4.970942711, 45.613193804], [4.962776829, 45.610756815], [4.950230587, 45.608912312], [4.936212265, 45.608692406], [4.93263264, 45.60743257], [4.926254032, 45.605537827], [4.923613283, 45.606136979], [4.921357033, 45.606205268], [4.91976572, 45.60698276], [4.91860075, 45.606694583], [4.916609443, 45.607262673], [4.915063312, 45.606973748], [4.911535537, 45.607124732], [4.905480934, 45.606642884], [4.903642143, 45.60620023], [4.900851196, 45.606206898], [4.897790085, 45.604432793], [4.89646654, 45.603180574], [4.893425185, 45.602013118], [4.890891601, 45.601508096], [4.887980364, 45.60147954], [4.886483479, 45.601836129], [4.882260638, 45.601878057], [4.882265021, 45.600911497], [4.881081457, 45.598742518], [4.873836785, 45.59547311], [4.872050547, 45.595275875], [4.868878422, 45.595718652], [4.865898149, 45.594887228], [4.864274442, 45.593379317], [4.859995062, 45.590799343], [4.861201367, 45.589358036], [4.861447184, 45.586745463], [4.859351003, 45.582384604], [4.857942474, 45.580583021], [4.857785108, 45.576461203], [4.852848123, 45.578908881], [4.849000824, 45.579197403], [4.848977572, 45.579846306], [4.846899194, 45.58118021], [4.845190371, 45.581326263], [4.843392285, 45.582221352], [4.840423387, 45.582278097], [4.837548519, 45.583430303], [4.830894847, 45.587583975], [4.829052297, 45.587922008], [4.824691866, 45.587453324], [4.821348424, 45.587988513], [4.817525023, 45.588090011], [4.81562923, 45.5884503], [4.814765575, 45.587696834], [4.812697947, 45.58747078], [4.81039595, 45.589809189], [4.807392472, 45.58905407], [4.80636088, 45.589167023], [4.803964136, 45.587894964], [4.793134342, 45.587257552], [4.77690293, 45.587539544], [4.777769922, 45.589733467], [4.781814143, 45.592067135], [4.785405199, 45.593306294], [4.787398568, 45.59440952], [4.789244553, 45.596071694], [4.792059128, 45.599790041], [4.79473655, 45.602589989], [4.801014155, 45.608127198], [4.802014165, 45.613898263], [4.804319638, 45.617970366], [4.806134332, 45.61969584], [4.80723169, 45.622093035], [4.807477453, 45.624983086], [4.80722532, 45.628154052], [4.807686476, 45.632725885], [4.808524695, 45.63598472], [4.810503496, 45.636698697], [4.812554996, 45.63810232], [4.817300171, 45.639691228], [4.820271765, 45.642005795], [4.82394808, 45.638144335], [4.822887874, 45.636400603], [4.822016892, 45.633420714], [4.826054511, 45.632517599], [4.828001725, 45.631765407], [4.830670295, 45.632175089], [4.836496739, 45.631639699], [4.838252592, 45.630194191], [4.839497521, 45.630491803], [4.840769462, 45.632104017], [4.842469508, 45.632457202], [4.845247139, 45.632320717], [4.849035895, 45.634051874], [4.851952311, 45.634377719], [4.853095693, 45.635127219], [4.852973183, 45.638910495], [4.856343565, 45.639018886], [4.856185451, 45.641657029], [4.856425447, 45.651612445], [4.856964312, 45.656842209], [4.857621365, 45.660997253], [4.857556355, 45.663347434], [4.873581157, 45.663934014], [4.883800199, 45.662532195], [4.888046702, 45.664479624], [4.897021834, 45.66007366], [4.89475953, 45.652148301], [4.892276286, 45.641759501], [4.917077061, 45.648190874], [4.918644358, 45.659546019], [4.935217174, 45.652847208], [4.94629729, 45.648050622], [4.952582582, 45.645646639], [4.959102784, 45.641948321]]]], ""type"": ""MultiPolygon""}";45.621392169,4.882790254
1390.749;0;0.0;0;0.0;0;0.0;0;0.0;0;0.0;"{""coordinates"": [[[[4.570351392, 45.582501582], [4.571881803, 45.583550174], [4.573825096, 45.584139939], [4.577341127, 45.582795527], [4.57977136, 45.583457615], [4.580324195, 45.585662759], [4.579321907, 45.586591007], [4.58194211, 45.588913896], [4.581548686, 45.590096589], [4.580063978, 45.590799258], [4.58239505, 45.593411711], [4.580740797, 45.595414621], [4.579855394, 45.597568825], [4.580494929, 45.598265055], [4.585478518, 45.600028652], [4.587583636, 45.602882869], [4.589079178, 45.602102494], [4.591729751, 45.602449597], [4.594567581, 45.603773903], [4.594787474, 45.60477142], [4.597196922, 45.605205577], [4.597251537, 45.605987477], [4.599927744, 45.60796963], [4.602680465, 45.608863531], [4.604769275, 45.612973205], [4.604127276, 45.615533044], [4.604723022, 45.618687683], [4.602558297, 45.618838326], [4.599984838, 45.619813444], [4.596167252, 45.620689073], [4.594896367, 45.621796897], [4.591887547, 45.625408832], [4.590643592, 45.625404808], [4.587566018, 45.626589409], [4.584162321, 45.628718807], [4.58214001, 45.629151655], [4.579575068, 45.628968827], [4.577290883, 45.629493528], [4.575676518, 45.631363396], [4.580405873, 45.632576917], [4.579252646, 45.634184573], [4.579915218, 45.635448808], [4.58177009, 45.635438064], [4.584525529, 45.636883594], [4.587996371, 45.64079579], [4.591664703, 45.648077182], [4.591122566, 45.649231392], [4.592534643, 45.650463349], [4.592216512, 45.651949442], [4.592678675, 45.653283094], [4.596469085, 45.656151168], [4.595886272, 45.657141156], [4.591535956, 45.657984514], [4.589118535, 45.659409287], [4.587646098, 45.659705662], [4.586607422, 45.661064995], [4.588117484, 45.66369076], [4.59038269, 45.665544782], [4.596810521, 45.67003821], [4.599482546, 45.670924375], [4.601826373, 45.671387329], [4.605272751, 45.670839285], [4.610587213, 45.671667677], [4.613213777, 45.671776892], [4.617370482, 45.670128485], [4.619957711, 45.670958645], [4.623813283, 45.670264539], [4.624069053, 45.669086372], [4.626190506, 45.670108644], [4.628438915, 45.669635724], [4.629556597, 45.67064002], [4.632228415, 45.670279785], [4.637509928, 45.670024776], [4.641775503, 45.666617552], [4.647205048, 45.66478824], [4.654220631, 45.658273451], [4.658841112, 45.667332973], [4.659354904, 45.669088038], [4.66100428, 45.671908977], [4.665400862, 45.675673751], [4.670206733, 45.67833436], [4.674747033, 45.678955063], [4.680422261, 45.683730644], [4.68542128, 45.685934698], [4.68857629, 45.689140741], [4.688747472, 45.690370319], [4.690615884, 45.690615204], [4.691969415, 45.692514256], [4.692979487, 45.692594555], [4.694057803, 45.694022155], [4.696462042, 45.694257986], [4.697141959, 45.695808646], [4.696337803, 45.697248355], [4.69917782, 45.698150386], [4.699945134, 45.699445718], [4.703117227, 45.700439917], [4.704519573, 45.699103697], [4.706274635, 45.699870644], [4.707966198, 45.699745038], [4.710091731, 45.698647273], [4.713043862, 45.696933435], [4.716877364, 45.695794245], [4.718312718, 45.696031764], [4.721664766, 45.69487363], [4.725269416, 45.695267035], [4.727072332, 45.692949831], [4.727548298, 45.691069978], [4.729283484, 45.691116312], [4.728483098, 45.688698506], [4.728824042, 45.687641256], [4.726297591, 45.686326251], [4.723956951, 45.680205822], [4.726257225, 45.676299386], [4.725984498, 45.674269788], [4.726901416, 45.673679285], [4.733326899, 45.672578092], [4.735289991, 45.67274061], [4.739001912, 45.672296951], [4.742051598, 45.67220388], [4.74112011, 45.671263542], [4.742680419, 45.670222513], [4.742522676, 45.669292727], [4.744584673, 45.664443843], [4.747954343, 45.661113924], [4.748058414, 45.658470546], [4.751084631, 45.658553221], [4.750666998, 45.65464796], [4.746086621, 45.64759184], [4.744595127, 45.646718769], [4.745512656, 45.645353492], [4.743427226, 45.645068766], [4.743497642, 45.643797687], [4.740865545, 45.641438963], [4.740717231, 45.639048998], [4.739392201, 45.637129378], [4.734339979, 45.632869588], [4.73364434, 45.630784384], [4.730388729, 45.623719895], [4.730616613, 45.622015876], [4.729897507, 45.620691204], [4.73077442, 45.619876999], [4.732121282, 45.616647093], [4.734802395, 45.615333098], [4.736342622, 45.615376888], [4.739322869, 45.613621328], [4.741138099, 45.611921553], [4.74340324, 45.612696198], [4.745539853, 45.612933275], [4.746638346, 45.612197467], [4.748998399, 45.611666314], [4.749368233, 45.610657184], [4.753532161, 45.609869991], [4.755373494, 45.608809069], [4.757651113, 45.608720361], [4.758140354, 45.607920999], [4.75840748, 45.605824494], [4.759145607, 45.604539361], [4.757397018, 45.604228933], [4.756030219, 45.602805556], [4.756496896, 45.600687928], [4.755381894, 45.598339198], [4.752030047, 45.595888422], [4.751218918, 45.594174417], [4.749872129, 45.593128055], [4.74623405, 45.591591274], [4.739530748, 45.591954568], [4.73656651, 45.590907841], [4.735840838, 45.590143547], [4.734083758, 45.589870726], [4.731548203, 45.590384464], [4.727405924, 45.590799442], [4.725911101, 45.591243919], [4.722882313, 45.59318722], [4.720119882, 45.594376988], [4.719961712, 45.592339343], [4.71870673, 45.5891854], [4.715102857, 45.589090011], [4.709467278, 45.588587678], [4.70523051, 45.588683532], [4.70336813, 45.588024536], [4.709180936, 45.587205873], [4.710902507, 45.586750964], [4.712275448, 45.58506019], [4.712081375, 45.583552692], [4.710327182, 45.581242107], [4.710861342, 45.580471098], [4.710353172, 45.578509028], [4.710681579, 45.576349588], [4.712290356, 45.574330075], [4.713002117, 45.574204845], [4.7114651, 45.572731314], [4.708335901, 45.571440493], [4.707141491, 45.571300118], [4.702591073, 45.572414825], [4.699304083, 45.574002027], [4.694501384, 45.575560649], [4.690421652, 45.576357925], [4.686514079, 45.576494071], [4.686720135, 45.574667102], [4.685563771, 45.573331624], [4.686156165, 45.572653535], [4.690986502, 45.572044173], [4.693653054, 45.57230846], [4.694416288, 45.571223345], [4.696739563, 45.570789299], [4.696404762, 45.569235271], [4.694992176, 45.567911862], [4.692451966, 45.566486531], [4.692343376, 45.565407349], [4.690474503, 45.564125883], [4.691641675, 45.563548099], [4.692431487, 45.561824015], [4.694466721, 45.560619762], [4.693676346, 45.558250276], [4.691602659, 45.557813154], [4.687476508, 45.558265179], [4.686930352, 45.560752947], [4.685862071, 45.560407804], [4.685034349, 45.561987398], [4.683607436, 45.562204229], [4.683385121, 45.565651754], [4.68032401, 45.567884404], [4.676798805, 45.569069198], [4.674975198, 45.5689811], [4.67180853, 45.570494543], [4.669098388, 45.569712499], [4.665722153, 45.567970237], [4.665170369, 45.565395279], [4.664440855, 45.564458574], [4.662576321, 45.565693973], [4.661105321, 45.566071488], [4.658329374, 45.563848186], [4.656112096, 45.563108102], [4.653965048, 45.563989951], [4.652498001, 45.563510756], [4.649101321, 45.565103493], [4.64936058, 45.563257818], [4.648731924, 45.561304481], [4.64886693, 45.559247172], [4.648051254, 45.557167781], [4.646174592, 45.555363325], [4.647002127, 45.554607247], [4.655094449, 45.55049118], [4.655396356, 45.549439253], [4.657340381, 45.547659693], [4.657107833, 45.54528175], [4.659364963, 45.543392157], [4.657269984, 45.54204235], [4.654736229, 45.541834714], [4.65303325, 45.542580317], [4.650466616, 45.540406008], [4.647016607, 45.540761063], [4.64477921, 45.540559667], [4.643305507, 45.541649422], [4.643419502, 45.542728555], [4.638402318, 45.545490316], [4.636606043, 45.545647992], [4.63642927, 45.548215662], [4.634752312, 45.549206486], [4.633858409, 45.550497531], [4.634311964, 45.552012159], [4.633006824, 45.554577315], [4.63373424, 45.556031225], [4.633493426, 45.557213697], [4.631458911, 45.558220472], [4.6308208, 45.560064389], [4.628158242, 45.562350152], [4.628660533, 45.563736204], [4.627226646, 45.564903519], [4.62681448, 45.567026048], [4.62568979, 45.567765554], [4.623789215, 45.570211311], [4.62051633, 45.571693299], [4.62033164, 45.572350744], [4.618125075, 45.574168544], [4.616557261, 45.573882172], [4.61575371, 45.57482501], [4.613508437, 45.574704145], [4.607448433, 45.573585873], [4.606453218, 45.57221218], [4.603210109, 45.571816254], [4.602735625, 45.570529672], [4.601353265, 45.570930352], [4.599940603, 45.570503739], [4.598195206, 45.571212168], [4.594548464, 45.571759317], [4.591660294, 45.571840777], [4.589075062, 45.57072451], [4.586770281, 45.570801199], [4.582745216, 45.57462989], [4.581846681, 45.576714045], [4.577948985, 45.577564097], [4.570351392, 45.582501582]]]], ""type"": ""MultiPolygon""}";45.623274555,4.666036159
2562.649;0;0.0;0;0.0;0;0.0;0;0.0;0;0.0;"{""coordinates"": [[[[4.988795715, 45.618511162], [4.986704206, 45.619678576], [4.985738913, 45.619284869], [4.984065054, 45.620180936], [4.981345832, 45.620886415], [4.979327609, 45.621956015], [4.97771952, 45.624771252], [4.977340866, 45.626858668], [4.97582972, 45.627899472], [4.974840867, 45.629799423], [4.973041082, 45.631607297], [4.970495827, 45.63339667], [4.969354944, 45.633773343], [4.966511504, 45.636102892], [4.962757033, 45.638059129], [4.960025733, 45.639761424], [4.959102784, 45.641948321], [4.959704176, 45.643556514], [4.959778428, 45.646597984], [4.959018091, 45.647503872], [4.960512701, 45.648474989], [4.960923352, 45.650315294], [4.960350115, 45.651137763], [4.963366651, 45.651342807], [4.964394631, 45.653456072], [4.966273413, 45.65337463], [4.966244167, 45.654901931], [4.969224682, 45.655315527], [4.969339381, 45.659803821], [4.970440558, 45.659920569], [4.970563465, 45.661316402], [4.969235042, 45.661420713], [4.970766576, 45.664134937], [4.969566999, 45.66493779], [4.968761785, 45.668124359], [4.974716869, 45.668670433], [4.974358341, 45.675403631], [4.971351368, 45.675974248], [4.969115578, 45.676769104], [4.97458711, 45.681167221], [4.980509501, 45.681010088], [4.984896458, 45.679856441], [4.988634331, 45.678381699], [4.991094336, 45.677752734], [4.990928296, 45.685174413], [4.9895697, 45.687278297], [4.98790628, 45.688949769], [4.989542761, 45.689745983], [4.994199746, 45.693395532], [4.998277405, 45.703338073], [5.000030668, 45.708236903], [4.993505567, 45.710551317], [4.982344605, 45.714695383], [4.976927008, 45.712132383], [4.974413407, 45.718006219], [4.973485383, 45.720756303], [4.976218398, 45.72720566], [4.977701889, 45.729738728], [4.978761889, 45.733588932], [4.980297759, 45.735277931], [4.990348688, 45.744948189], [4.993622108, 45.744353498], [4.994876345, 45.746630994], [5.014992079, 45.751529381], [5.018982308, 45.75234258], [5.021928425, 45.752398791], [5.022869252, 45.75191261], [5.031604249, 45.751720452], [5.035501784, 45.751860953], [5.039696513, 45.751302337], [5.047588533, 45.751143099], [5.046521222, 45.752516362], [5.041016776, 45.756739933], [5.036467523, 45.762320581], [5.035898461, 45.766855513], [5.036081496, 45.767596261], [5.043712705, 45.765299063], [5.046446646, 45.765166622], [5.052330676, 45.765468675], [5.052140646, 45.768599686], [5.052377299, 45.772960625], [5.053043512, 45.775369836], [5.054734637, 45.776674926], [5.057524637, 45.776719562], [5.057152569, 45.782007709], [5.059732291, 45.782137201], [5.061120585, 45.78000939], [5.065222011, 45.772186632], [5.065781806, 45.768499328], [5.06751006, 45.765256322], [5.068411693, 45.765515436], [5.075638584, 45.766063685], [5.080892066, 45.76543812], [5.084618154, 45.76540445], [5.095753607, 45.769298571], [5.092974832, 45.76641624], [5.093890234, 45.76618576], [5.09122795, 45.762531941], [5.093052812, 45.759912782], [5.091412409, 45.760264799], [5.089055763, 45.749535766], [5.092023437, 45.748360147], [5.091457491, 45.746223129], [5.09316355, 45.745849166], [5.092712972, 45.744007278], [5.095259745, 45.743514982], [5.095484322, 45.742447859], [5.094250145, 45.739347701], [5.100867104, 45.739161537], [5.107732023, 45.739271218], [5.107821898, 45.738321888], [5.11233732, 45.738758944], [5.112576505, 45.738285141], [5.117903766, 45.737715867], [5.122315062, 45.737952699], [5.124067916, 45.738540348], [5.125710591, 45.73820221], [5.130427656, 45.735689077], [5.132212719, 45.733976208], [5.134645353, 45.733513093], [5.139150169, 45.731153135], [5.137634697, 45.727787605], [5.140313249, 45.723185845], [5.142789776, 45.724035103], [5.143843226, 45.720156865], [5.147030586, 45.719574615], [5.147935949, 45.719044797], [5.155358123, 45.717541051], [5.157834345, 45.715284849], [5.15934448, 45.71542798], [5.158778683, 45.712562493], [5.160110913, 45.711708206], [5.15915372, 45.710410449], [5.159969901, 45.70845984], [5.15799639, 45.706618539], [5.157737875, 45.705594751], [5.156208344, 45.704650244], [5.155996377, 45.702972467], [5.153978477, 45.699817655], [5.154511853, 45.702421638], [5.150206571, 45.705968437], [5.148710495, 45.706179843], [5.149627219, 45.703368016], [5.146592859, 45.703760072], [5.146333266, 45.700847268], [5.144031346, 45.700862272], [5.14308129, 45.700032679], [5.139761255, 45.70264059], [5.137831215, 45.70293216], [5.136914602, 45.705296172], [5.135829178, 45.704955526], [5.134738774, 45.706617475], [5.13244191, 45.705602512], [5.131076837, 45.707780382], [5.123870803, 45.702471936], [5.122988976, 45.702876805], [5.119100976, 45.699749423], [5.114260687, 45.70240226], [5.112578779, 45.702696846], [5.112481262, 45.701018668], [5.110593313, 45.69857413], [5.108729357, 45.698811716], [5.108976504, 45.699865537], [5.107180461, 45.700503585], [5.104797525, 45.700550831], [5.104390013, 45.698253283], [5.105045769, 45.694304514], [5.106246985, 45.693814544], [5.10572704, 45.692582054], [5.107202403, 45.692136491], [5.106363515, 45.69066315], [5.108448534, 45.690061139], [5.108247752, 45.688468669], [5.103477298, 45.685744646], [5.100874723, 45.684729371], [5.09420607, 45.683004217], [5.091463222, 45.681125671], [5.089616782, 45.67926106], [5.089033886, 45.677402716], [5.084244975, 45.67594568], [5.082116467, 45.677809167], [5.079781793, 45.676105663], [5.077269654, 45.674839571], [5.075204865, 45.672376134], [5.072930372, 45.67312515], [5.069010156, 45.668899565], [5.063010455, 45.666600935], [5.060418591, 45.66641509], [5.054562282, 45.660382336], [5.054410454, 45.658783507], [5.057407126, 45.654940069], [5.05817041, 45.653462336], [5.054883065, 45.652309032], [5.054047471, 45.651597348], [5.049652399, 45.649208409], [5.046752581, 45.647929817], [5.044209751, 45.647446366], [5.040337375, 45.647406732], [5.038050615, 45.64491066], [5.03994338, 45.64413773], [5.035221894, 45.637586258], [5.036358618, 45.635080443], [5.038675136, 45.632154201], [5.034828619, 45.628735106], [5.038817204, 45.627049607], [5.03962724, 45.624955926], [5.042443949, 45.62405269], [5.043572697, 45.621346966], [5.03852708, 45.617596679], [5.037789701, 45.614300577], [5.037044549, 45.612989929], [5.035162804, 45.613091548], [5.030676482, 45.616301023], [5.028993373, 45.617168214], [5.026866622, 45.617102963], [5.023709258, 45.617497596], [5.017476273, 45.6193012], [5.015477482, 45.619367652], [5.009650087, 45.621182464], [5.008538053, 45.620252009], [5.004557131, 45.623224389], [4.988795715, 45.618511162]]], [[[5.101489283, 45.813562104], [5.098278995, 45.806273021], [5.096114226, 45.803501819], [5.096769147, 45.801585347], [5.096564788, 45.79915426], [5.089179971, 45.784511688], [5.083628968, 45.786272709], [5.08136812, 45.786582874], [5.075458289, 45.788024013], [5.068960962, 45.789876466], [5.06526439, 45.790571135], [5.059088485, 45.792046898], [5.057658619, 45.792792714], [5.059071942, 45.796265629], [5.059941275, 45.799996178], [5.05941127, 45.802291171], [5.059775634, 45.803565455], [5.058442005, 45.810320536], [5.060380327, 45.809553728], [5.063458278, 45.809400221], [5.076352417, 45.811053673], [5.086050698, 45.812415253], [5.089338004, 45.811561751], [5.101489283, 45.813562104]]]], ""type"": ""MultiPolygon""}";45.703383044,5.045097281
3202.291;0;0.0;0;0.0;0;0.0;0;0.0;0;0.0;"{""coordinates"": [[[[4.55095214, 46.085389902], [4.551860942, 46.086495199], [4.550452527, 46.091215015], [4.545244766, 46.093746658], [4.541953664, 46.097331923], [4.542100587, 46.09873766], [4.540755707, 46.10137865], [4.540466954, 46.104193531], [4.536445024, 46.106359191], [4.53243544, 46.108978469], [4.530205276, 46.121142214], [4.522938938, 46.125241525], [4.520207379, 46.128243085], [4.507758594, 46.134833411], [4.506088887, 46.13762687], [4.502848142, 46.141204852], [4.498785492, 46.144024428], [4.500870227, 46.145773882], [4.504246405, 46.147406233], [4.506090046, 46.147961823], [4.507166341, 46.149027429], [4.504381553, 46.151390721], [4.50190863, 46.151615281], [4.507486282, 46.159211342], [4.510701377, 46.16568845], [4.510165683, 46.168830734], [4.510943664, 46.170861266], [4.509095481, 46.175400781], [4.505183766, 46.17879316], [4.502427939, 46.182366466], [4.500038882, 46.184618114], [4.493260021, 46.188150535], [4.490689293, 46.190850183], [4.490182621, 46.192391524], [4.489054633, 46.193596054], [4.487238524, 46.194009805], [4.48530928, 46.195322945], [4.483816129, 46.195309119], [4.481830748, 46.196901229], [4.479569987, 46.197713329], [4.477710639, 46.196674753], [4.479371969, 46.194796926], [4.478999815, 46.192635724], [4.479695838, 46.190650658], [4.480966662, 46.189783904], [4.481110525, 46.184979803], [4.481709855, 46.183261671], [4.478887887, 46.183293017], [4.475512037, 46.183846652], [4.470838572, 46.185769745], [4.468098464, 46.185085555], [4.46824534, 46.183306695], [4.461697121, 46.17872848], [4.455520611, 46.175658213], [4.44133846, 46.16884462], [4.440643659, 46.168055467], [4.43892813, 46.167886268], [4.434634241, 46.170340748], [4.434150284, 46.172059863], [4.432958122, 46.173270041], [4.42956147, 46.173465925], [4.425408808, 46.174951891], [4.422560999, 46.178219036], [4.420618252, 46.179348409], [4.41264259, 46.180279995], [4.409823651, 46.182238737], [4.406303835, 46.182257121], [4.403852774, 46.183555502], [4.401793088, 46.186117986], [4.39755184, 46.187806644], [4.396005544, 46.189311674], [4.395422505, 46.19361211], [4.395775102, 46.195389217], [4.415359357, 46.2004446], [4.41911978, 46.200606676], [4.422287551, 46.202521461], [4.422878755, 46.203260687], [4.420415807, 46.204472204], [4.421869164, 46.208344758], [4.418923583, 46.211217626], [4.4141126, 46.21330576], [4.412935506, 46.215101829], [4.410699196, 46.216175216], [4.410366053, 46.218858709], [4.407868785, 46.219782166], [4.407009398, 46.220674511], [4.404396261, 46.218904655], [4.396703207, 46.218229348], [4.394123285, 46.219379572], [4.387335124, 46.220004742], [4.387719851, 46.22223449], [4.38681875, 46.225492216], [4.386062481, 46.226220128], [4.386894681, 46.229363958], [4.38676913, 46.233017502], [4.389503378, 46.234544017], [4.392572977, 46.235522388], [4.389797765, 46.240521439], [4.389885767, 46.242046014], [4.388693619, 46.243406094], [4.386074639, 46.24434855], [4.385416686, 46.246818853], [4.388152054, 46.247749183], [4.392643198, 46.251356232], [4.389282732, 46.257985327], [4.392776562, 46.26073635], [4.391975996, 46.262342939], [4.393351619, 46.264659612], [4.396946242, 46.2668572], [4.396094437, 46.268795873], [4.396738436, 46.269757941], [4.396670335, 46.273452213], [4.396349392, 46.275025026], [4.39837284, 46.276242146], [4.3986972, 46.277550364], [4.397848456, 46.278493826], [4.397658869, 46.281751888], [4.397253371, 46.283168132], [4.399015101, 46.283789543], [4.40047441, 46.285891661], [4.403466796, 46.287285006], [4.405014594, 46.290900818], [4.407532435, 46.292619632], [4.406324157, 46.294642036], [4.406075411, 46.296186965], [4.410800723, 46.29542065], [4.41454533, 46.296227095], [4.416217446, 46.295821753], [4.422682228, 46.294951345], [4.424658884, 46.295966858], [4.425727598, 46.297838488], [4.42716858, 46.302771162], [4.429174458, 46.301607628], [4.432325949, 46.301372612], [4.435822184, 46.299618313], [4.438192461, 46.298042941], [4.437970685, 46.295635669], [4.439895176, 46.293125631], [4.441287513, 46.29389787], [4.448318017, 46.295132611], [4.44853005, 46.296172841], [4.4530605, 46.296651911], [4.457722759, 46.29607628], [4.458891672, 46.296935825], [4.462273287, 46.294288743], [4.462916987, 46.29324025], [4.465231258, 46.291795611], [4.467521865, 46.291120367], [4.468904555, 46.287986357], [4.471085114, 46.285930887], [4.474700007, 46.284997911], [4.475922698, 46.284237247], [4.480596365, 46.284610685], [4.486590285, 46.288009953], [4.488689384, 46.287998745], [4.49193165, 46.281216849], [4.494418978, 46.278544463], [4.500165649, 46.274715031], [4.500669737, 46.273772623], [4.500316818, 46.271794965], [4.500827907, 46.270729977], [4.504426727, 46.267753593], [4.506387813, 46.268087918], [4.508346669, 46.267633276], [4.512128179, 46.267579508], [4.513923339, 46.268205014], [4.515535945, 46.270210006], [4.518102225, 46.269460704], [4.521236612, 46.270791448], [4.532116114, 46.269536863], [4.537360929, 46.269975026], [4.546356272, 46.274126787], [4.546393282, 46.275115198], [4.545278989, 46.277650344], [4.546007243, 46.279704747], [4.547538799, 46.281178121], [4.548285138, 46.284096889], [4.547719823, 46.285145724], [4.550615942, 46.285987162], [4.553017134, 46.285590579], [4.552112165, 46.28872367], [4.55300313, 46.290408349], [4.554381527, 46.291778348], [4.556040563, 46.291454876], [4.557753633, 46.294536903], [4.560228347, 46.295203738], [4.564084266, 46.294277221], [4.568841357, 46.293880356], [4.56987653, 46.293323899], [4.569402244, 46.292144274], [4.572099835, 46.289306036], [4.571714948, 46.288616043], [4.573005326, 46.286230406], [4.572050098, 46.284000965], [4.572541404, 46.281703816], [4.57238476, 46.278873418], [4.571875404, 46.278143714], [4.572631763, 46.276077073], [4.580907522, 46.272139175], [4.582982542, 46.271360095], [4.582762345, 46.269628487], [4.585363453, 46.269754414], [4.586294588, 46.268811063], [4.590180378, 46.2682759], [4.593729807, 46.268769365], [4.595443155, 46.268068069], [4.599507374, 46.268355092], [4.603315065, 46.26724235], [4.60913253, 46.266248796], [4.611695104, 46.267186165], [4.613051028, 46.267233609], [4.614900177, 46.266214859], [4.618334146, 46.264951093], [4.619883368, 46.267100568], [4.620817159, 46.267584446], [4.621994645, 46.270200327], [4.621646678, 46.273448588], [4.620465644, 46.276199829], [4.620884422, 46.277665558], [4.619926603, 46.27914097], [4.616868192, 46.28083446], [4.616247633, 46.282298745], [4.619123762, 46.28251998], [4.623305, 46.28456531], [4.626917735, 46.288365908], [4.636069787, 46.290253198], [4.635528751, 46.292017273], [4.636634501, 46.294017987], [4.635442721, 46.296225532], [4.634935799, 46.298046756], [4.635259815, 46.3001929], [4.637632694, 46.301366608], [4.642235415, 46.301232794], [4.643672109, 46.301820025], [4.646129103, 46.301850295], [4.648645325, 46.302854181], [4.650299683, 46.30397588], [4.651852413, 46.304311843], [4.654474504, 46.303609095], [4.655326265, 46.302338482], [4.659495185, 46.300539525], [4.659035125, 46.299295191], [4.659829598, 46.298155072], [4.662996883, 46.295479804], [4.663987608, 46.295200536], [4.666211944, 46.296901819], [4.667502339, 46.296776655], [4.669296999, 46.29780506], [4.671857304, 46.297946744], [4.672052556, 46.29885086], [4.673492685, 46.299924033], [4.678077984, 46.30049876], [4.676037267, 46.302433738], [4.67650208, 46.305049671], [4.679284669, 46.306451573], [4.682102105, 46.30428981], [4.683203842, 46.302843257], [4.68638902, 46.301999047], [4.690297825, 46.301319643], [4.691661379, 46.301373257], [4.693506182, 46.30244828], [4.69274797, 46.300539296], [4.692629649, 46.298730684], [4.694023874, 46.293690453], [4.69475745, 46.292497843], [4.698516731, 46.29125384], [4.699868407, 46.289343136], [4.699551341, 46.28879755], [4.701258234, 46.286740119], [4.703751375, 46.285989503], [4.70370071, 46.284612211], [4.704565124, 46.282917694], [4.707646405, 46.283495705], [4.707294659, 46.281589721], [4.708345812, 46.279806806], [4.710130488, 46.278387553], [4.708207155, 46.276445718], [4.708599277, 46.275441872], [4.707707285, 46.269707062], [4.704242396, 46.271133433], [4.70399159, 46.270252712], [4.700735233, 46.267441725], [4.699032968, 46.268039079], [4.694867112, 46.271578723], [4.692342466, 46.271376697], [4.688951732, 46.269160028], [4.688695423, 46.266492402], [4.68723007, 46.265551299], [4.683676495, 46.266129011], [4.679897005, 46.267853811], [4.680884043, 46.265823515], [4.681773591, 46.265061009], [4.679863717, 46.262535775], [4.679919225, 46.261466746], [4.679018874, 46.259038281], [4.68024367, 46.258709471], [4.681714, 46.255847903], [4.683140496, 46.254860383], [4.683775665, 46.253432411], [4.686371631, 46.255008902], [4.688741032, 46.25268603], [4.688261631, 46.249306566], [4.693274999, 46.248362919], [4.693719586, 46.249053435], [4.697017272, 46.25102455], [4.698312755, 46.252942604], [4.701240265, 46.252221563], [4.700964567, 46.250953011], [4.703321321, 46.24996033], [4.705255081, 46.251104969], [4.709951064, 46.247941535], [4.711319502, 46.247819187], [4.713441012, 46.246745163], [4.717512096, 46.244089796], [4.720061656, 46.245328469], [4.722489142, 46.24317692], [4.721207088, 46.240921166], [4.722179699, 46.24072541], [4.724399976, 46.241938345], [4.727664959, 46.239516385], [4.728964834, 46.237681737], [4.731872412, 46.235423602], [4.735323789, 46.234196501], [4.736779062, 46.232649412], [4.736263049, 46.231479174], [4.734365554, 46.230454301], [4.734650029, 46.229232219], [4.732442024, 46.226674558], [4.729206432, 46.227735272], [4.726213064, 46.228167133], [4.721072774, 46.229622182], [4.719222587, 46.227653317], [4.720868413, 46.227330302], [4.722464396, 46.22604157], [4.72196136, 46.22382717], [4.720523946, 46.221650323], [4.722938646, 46.220983284], [4.723357059, 46.220217658], [4.727951405, 46.219173399], [4.731216144, 46.218927401], [4.729698265, 46.217497668], [4.729085012, 46.214099652], [4.733255971, 46.213143568], [4.735756565, 46.211886783], [4.73455498, 46.208355457], [4.734473582, 46.206439108], [4.727390705, 46.207807001], [4.726301175, 46.208308122], [4.724521085, 46.205004351], [4.72525304, 46.204519481], [4.722021125, 46.201530419], [4.720716292, 46.200872849], [4.721756153, 46.199288993], [4.721088265, 46.196442092], [4.720159971, 46.194139547], [4.722045192, 46.193955186], [4.721526785, 46.192769613], [4.721673205, 46.190369737], [4.723558349, 46.188701899], [4.725272876, 46.188621848], [4.724522311, 46.184219811], [4.726897625, 46.18404414], [4.726058225, 46.182877874], [4.729559209, 46.1826256], [4.728692226, 46.181243604], [4.727071056, 46.180039695], [4.727815208, 46.179088954], [4.729999253, 46.177954173], [4.730586487, 46.178525284], [4.734694198, 46.177992496], [4.734254174, 46.177198487], [4.738551002, 46.176418581], [4.739808466, 46.175676073], [4.743588513, 46.17565327], [4.748205814, 46.175335543], [4.750224854, 46.174207407], [4.751925228, 46.172481573], [4.75559877, 46.172904958], [4.758631161, 46.172051937], [4.760053554, 46.172824342], [4.761154905, 46.176235378], [4.764701478, 46.175885831], [4.767920623, 46.176923858], [4.770477248, 46.175228551], [4.775491862, 46.177176021], [4.776489473, 46.176911835], [4.780448098, 46.176914739], [4.780963749, 46.174187403], [4.784871691, 46.16753916], [4.791461198, 46.163886636], [4.793560161, 46.163180686], [4.801625605, 46.158561189], [4.803065656, 46.155287642], [4.802433858, 46.151048065], [4.80167436, 46.149783792], [4.800784169, 46.146826429], [4.800340057, 46.144191654], [4.797490737, 46.140479877], [4.791475607, 46.134438318], [4.787648641, 46.13090566], [4.77867635, 46.124123647], [4.772712349, 46.118863069], [4.771721686, 46.117343715], [4.771397962, 46.112408344], [4.76864828, 46.108219662], [4.764261214, 46.104078], [4.761997376, 46.102491883], [4.756996487, 46.098397312], [4.755439251, 46.096868583], [4.752484564, 46.095727112], [4.74991349, 46.093862686], [4.747633735, 46.090325602], [4.746927792, 46.085794191], [4.747480667, 46.0842932], [4.749439736, 46.082240013], [4.752777716, 46.082072301], [4.755458347, 46.079966422], [4.757639153, 46.077454794], [4.759217762, 46.074856085], [4.761084544, 46.070028114], [4.761599685, 46.065913757], [4.760516878, 46.06309422], [4.758005436, 46.060061742], [4.754235568, 46.056992843], [4.750876017, 46.054851528], [4.743559442, 46.051936073], [4.740607651, 46.049862052], [4.739444731, 46.048186564], [4.738931134, 46.04642635], [4.740607169, 46.042983338], [4.744034144, 46.039049508], [4.745586296, 46.035387645], [4.746871697, 46.029604188], [4.746624885, 46.027818277], [4.744330706, 46.027239322], [4.734624429, 46.027549515], [4.731114293, 46.027813046], [4.729767599, 46.029602597], [4.72860779, 46.029277121], [4.726236493, 46.033322307], [4.725188838, 46.034100254], [4.722476308, 46.033831662], [4.718146338, 46.033946013], [4.716394499, 46.033297925], [4.715525408, 46.035036831], [4.71547407, 46.038655736], [4.700914733, 46.039226391], [4.700871736, 46.03942519], [4.689088399, 46.035348273], [4.684363457, 46.034099058], [4.683293975, 46.033338544], [4.681595009, 46.03512372], [4.680149726, 46.03484522], [4.678507112, 46.036320574], [4.675998206, 46.035556978], [4.675992789, 46.039112999], [4.674148759, 46.04379323], [4.672792578, 46.045429091], [4.673115116, 46.046294402], [4.671137987, 46.047548502], [4.674243403, 46.047962944], [4.677049736, 46.049299533], [4.677145083, 46.052212769], [4.681415967, 46.051091203], [4.681977009, 46.053446307], [4.680922245, 46.054616638], [4.685657084, 46.054952568], [4.685470129, 46.057040458], [4.684548503, 46.059050995], [4.683196773, 46.05944035], [4.679740977, 46.062444065], [4.680929154, 46.062838078], [4.674751561, 46.067997669], [4.671857281, 46.069754384], [4.670138555, 46.070384968], [4.669402348, 46.071709014], [4.667335993, 46.072443746], [4.66915915, 46.073373468], [4.665443788, 46.077218182], [4.662206959, 46.076961222], [4.659537483, 46.077148017], [4.65930535, 46.078760943], [4.655469984, 46.079388011], [4.653491355, 46.079354719], [4.652306006, 46.079920507], [4.644460366, 46.082133097], [4.645970998, 46.077386194], [4.645720408, 46.075760489], [4.625660611, 46.062324241], [4.624359945, 46.062881484], [4.616544517, 46.067306501], [4.613348771, 46.068816505], [4.610216134, 46.06979232], [4.595737059, 46.077757142], [4.591723213, 46.079525709], [4.591310273, 46.082025465], [4.589371164, 46.082598453], [4.585865057, 46.081887348], [4.583706416, 46.083961123], [4.583753372, 46.086263483], [4.58015959, 46.08822481], [4.577754158, 46.088347448], [4.575951533, 46.087959992], [4.572906094, 46.085621782], [4.568896873, 46.085104465], [4.565560903, 46.084409295], [4.562801518, 46.083095435], [4.559687363, 46.083823694], [4.555596308, 46.083332253], [4.552061961, 46.08417234], [4.55095214, 46.085389902]]]], ""type"": ""MultiPolygon""}";46.182149206,4.603756722
1746.339;0;0.0;0;0.0;0;0.0;0;0.0;0;0.0;;46.182149206,4.603756722
329.26;0;0.0;0;0.0;0;0.0;0;0.0;0;0.0;;45.668787006,4.756202655
449.73659482136634;;;0;0.0;0;0.0;0;0.0;0;0.0;;
425.29688508429035;0;0.0;0;0.0;0;0.0;0;0.0;0;0.0;;
727.8094179288657;0;0.0;0;0.0;0;0.0;0;0.0;0;0.0;;
245.94021617142576;0;0.0;0;0.0;0;0.0;0;0.0;0;0.0;;
2535.603;0;0.0;5;476639.393;2;41298.075;14;156326.727505;1;nov.37;;
86.53448342601271;0;0.0;0;0.0;0;0.0;0;0.0;0;0.0;;
;0;0.0;0;0.0;0;0.0;0;0.0;0;0.0;;45.703383044,5.045097281
486.2050428216777;0;0.0;0;0.0;0;0.0;0;0.0;0;0.0;;45.80718942,4.593656849
482.7298114256164;0;0.0;0;0.0;0;0.0;0;0.0;0;0.0;;45.724661893,4.652947491
659.7544997908171;0;0.0;0;0.0;0;0.0;0;0.0;0;0.0;;45.668787006,4.756202655
;0;0.0;0;0.0;0;0.0;0;0.0;0;0.0;;45.703383044,5.045097281
663.7409906223039;0;0.0;5;286256.506745;2;29095.84;15;167663.65;1;20.055;;
6472.43420793897;0;0.0;0;0.0;0;0.0;;;0;0.0;;
242.21050665905116;0;0.0;0;0.0;0;0.0;;;0;0.0;;
373.5130087852509;;;0;0.0;0;0.0;0;0.0;0;0.0;;
16.516159399652853;0;0.0;0;0.0;0;0.0;0;0.0;0;0.0;;
25967.36531449084;0;0.0;0;0.0;0;0.0;0;0.0;0;0.0;;
717.2433644831556;;;0;0.0;0;0.0;0;0.0;0;0.0;;45.623274555,4.666036159
327.066810711091;0;0.0;0;0.0;0;0.0;0;0.0;0;0.0;;45.623274555,4.666036159
203643.933091987;0;0.0;0;0.0;0;0.0;0;0.0;0;0.0;;
553.2559854982519;0;0.0;0;0.0;0;0.0;0;0.0;0;0.0;;45.668787006,4.756202655
1073.7189884207344;0;0.0;0;0.0;0;0.0;0;0.0;0;0.0;;45.80718942,4.593656849
551.3768223067692;0;0.0;0;0.0;0;0.0;0;0.0;0;0.0;;45.623274555,4.666036159
318.6631239706079;0;0.0;0;0.0;0;0.0;0;0.0;0;0.0;;
0.0;0;0.0;1;168.61938173020113;0;0.0;0;0.0;0;0.0;;
237.1226403816168;0;0.0;0;0.0;0;0.0;0;0.0;0;0.0;;
346.88486210930256;0;0.0;0;0.0;0;0.0;0;0.0;0;0.0;;45.668787006,4.756202655
726.9371189270494;0;0.0;0;0.0;0;0.0;0;0.0;0;0.0;;45.668787006,4.756202655
68.24815506614868;0;0.0;0;0.0;0;0.0;0;0.0;0;0.0;;
358.5166455444708;0;0.0;0;0.0;0;0.0;0;0.0;0;0.0;;
1102.78338793824;;;0;0.0;0;0.0;0;0.0;0;0.0;;
821.9024882766381;0;0.0;0;0.0;0;0.0;0;0.0;0;0.0;;46.001337982,4.420866302
1199.7322427299396;0;0.0;0;0.0;0;0.0;0;0.0;0;0.0;;45.703383044,5.045097281
533.55841294106;0;0.0;0;0.0;0;0.0;0;0.0;0;0.0;;45.623274555,4.666036159
613.3269398120125;0;0.0;0;0.0;1;1598.4818333333333;0;0.0;0;0.0;;45.688444196,4.463245904
5056.33765074919;0;0.0;0;0.0;0;0.0;2;1570.9255;0;0.0;;45.763270576,4.85388642
3632.4770005764794;0;0.0;0;0.0;0;0.0;0;0.0;0;0.0;;45.518509644,4.869336959
333.5705078485039;0;0.0;0;0.0;0;0.0;0;0.0;0;0.0;;45.668787006,4.756202655
1715.173962706409;0;0.0;0;0.0;0;0.0;0;0.0;0;0.0;;45.80718942,4.593656849
11116.071065550455;0;0.0;0;0.0;0;0.0;;;0;0.0;;45.763270576,4.85388642
269.17202853255486;0;0.0;0;0.0;0;0.0;0;0.0;0;0.0;;46.182149206,4.603756722
1856.2093479859197;0;0.0;0;0.0;0;0.0;0;0.0;0;0.0;;45.80718942,4.593656849
2802.2853144600917;0;0.0;0;0.0;0;0.0;0;0.0;0;0.0;;46.001337982,4.420866302
774.0048333333334;0;0.0;0;0.0;0;0.0;0;0.0;0;0.0;;45.621392169,4.882790254
;0;0.0;0;0.0;0;0.0;0;0.0;0;0.0;;45.703383044,5.045097281
675.898;0;0.0;0;0.0;0;0.0;0;0.0;0;0.0;;45.621392169,4.882790254
1828.959;;;0;0.0;0;0.0;0;0.0;;;;45.724661893,4.652947491
743.942;0;0.0;0;0.0;0;0.0;0;0.0;0;0.0;;45.80718942,4.593656849
1534.495;0;0.0;0;0.0;0;0.0;0;0.0;0;0.0;;45.703383044,5.045097281
27.702;0;0.0;0;0.0;0;0.0;0;0.0;0;0.0;;45.518509644,4.869336959
303.161;0;0.0;1;312.15;0;0.0;0;0.0;0;0.0;;46.182149206,4.603756722
4515.203;;;0;0.0;0;0.0;0;0.0;0;0.0;;45.688444196,4.463245904
2219.735;0;0.0;0;0.0;2;1980.559;0;0.0;0;0.0;;45.688444196,4.463245904
12005.191;;;0;0.0;0;0.0;;;0;0.0;;45.763270576,4.85388642
7143.608;0;0.0;0;0.0;0;0.0;3;2124.853;1;542.559;;45.763270576,4.85388642
411.973;0;0.0;0;0.0;0;0.0;0;0.0;0;0.0;;45.724661893,4.652947491
540.154;0;0.0;0;0.0;0;0.0;0;0.0;0;0.0;;45.623274555,4.666036159
809.504;0;0.0;0;0.0;0;0.0;0;0.0;0;0.0;;45.668787006,4.756202655
716.144;0;0.0;0;0.0;0;0.0;0;0.0;0;0.0;"{""coordinates"": [[[[4.758140354, 45.607920999], [4.757651113, 45.608720361], [4.755373494, 45.608809069], [4.753532161, 45.609869991], [4.749368233, 45.610657184], [4.748998399, 45.611666314], [4.746638346, 45.612197467], [4.745539853, 45.612933275], [4.74340324, 45.612696198], [4.741138099, 45.611921553], [4.739322869, 45.613621328], [4.736342622, 45.615376888], [4.734802395, 45.615333098], [4.732121282, 45.616647093], [4.73077442, 45.619876999], [4.729897507, 45.620691204], [4.730616613, 45.622015876], [4.730388729, 45.623719895], [4.73364434, 45.630784384], [4.734339979, 45.632869588], [4.739392201, 45.637129378], [4.740717231, 45.639048998], [4.740865545, 45.641438963], [4.743497642, 45.643797687], [4.743427226, 45.645068766], [4.745512656, 45.645353492], [4.744595127, 45.646718769], [4.746086621, 45.64759184], [4.750666998, 45.65464796], [4.751084631, 45.658553221], [4.748058414, 45.658470546], [4.747954343, 45.661113924], [4.744584673, 45.664443843], [4.742522676, 45.669292727], [4.742680419, 45.670222513], [4.74112011, 45.671263542], [4.742051598, 45.67220388], [4.739001912, 45.672296951], [4.735289991, 45.67274061], [4.733326899, 45.672578092], [4.726901416, 45.673679285], [4.725984498, 45.674269788], [4.726257225, 45.676299386], [4.723956951, 45.680205822], [4.726297591, 45.686326251], [4.728824042, 45.687641256], [4.728483098, 45.688698506], [4.729283484, 45.691116312], [4.727548298, 45.691069978], [4.727072332, 45.692949831], [4.725269416, 45.695267035], [4.721664766, 45.69487363], [4.718312718, 45.696031764], [4.716877364, 45.695794245], [4.713043862, 45.696933435], [4.710091731, 45.698647273], [4.71420532, 45.704799574], [4.71527938, 45.706976429], [4.716240468, 45.712387604], [4.717054751, 45.715424967], [4.719102614, 45.716985285], [4.72316204, 45.71905345], [4.725143318, 45.720777708], [4.73158745, 45.723053146], [4.735377436, 45.725275442], [4.740173675, 45.72758747], [4.763252841, 45.726766766], [4.77175247, 45.728617765], [4.773337827, 45.72644013], [4.775577987, 45.725755451], [4.776244454, 45.724043501], [4.778788929, 45.723548515], [4.780394331, 45.722805299], [4.778649957, 45.720907109], [4.778261049, 45.718490323], [4.77766554, 45.717405349], [4.775203398, 45.714728505], [4.773140786, 45.713678318], [4.772569781, 45.712310111], [4.768958427, 45.707774126], [4.767878778, 45.705569915], [4.76761643, 45.702348584], [4.766478865, 45.698687923], [4.7661315, 45.696544274], [4.766769001, 45.694249176], [4.766336926, 45.692108658], [4.764416, 45.689787008], [4.765219197, 45.688093701], [4.770334768, 45.689199658], [4.770844216, 45.688533231], [4.773347387, 45.689164882], [4.774946424, 45.687450863], [4.773895536, 45.685257071], [4.774162972, 45.684018884], [4.775270407, 45.683449299], [4.779050009, 45.68321853], [4.779841679, 45.681782897], [4.779183919, 45.680389078], [4.7799288, 45.678898339], [4.779229467, 45.67808884], [4.779904368, 45.676660454], [4.779831324, 45.674828659], [4.781488314, 45.674654743], [4.781165478, 45.672727821], [4.785654355, 45.673279127], [4.785944411, 45.672035145], [4.787692541, 45.669554763], [4.784794567, 45.668809006], [4.783698598, 45.667011435], [4.786601431, 45.664766774], [4.7890195, 45.66529673], [4.789709198, 45.662073824], [4.78503872, 45.66072394], [4.786318364, 45.658582466], [4.782124706, 45.657429362], [4.783868489, 45.65542108], [4.779506525, 45.654896544], [4.779003541, 45.652353681], [4.775049936, 45.651698225], [4.772209978, 45.650603574], [4.769562294, 45.650418247], [4.771167956, 45.649023018], [4.77567835, 45.648026031], [4.777671649, 45.643711695], [4.778946418, 45.638983546], [4.781049197, 45.638970105], [4.784017694, 45.637969237], [4.786516202, 45.638323214], [4.786834204, 45.636837396], [4.789967872, 45.637418098], [4.792014899, 45.636278546], [4.796194115, 45.637147763], [4.797354236, 45.63621952], [4.800232768, 45.635624075], [4.800193491, 45.634336682], [4.804781215, 45.635567437], [4.805923697, 45.634536704], [4.804420213, 45.632092861], [4.804392294, 45.628201318], [4.803651295, 45.624368948], [4.80249428, 45.621239494], [4.798329951, 45.622297817], [4.796489423, 45.62317479], [4.793328518, 45.621531877], [4.791168504, 45.62138254], [4.788695666, 45.622119031], [4.789180742, 45.618021192], [4.784182292, 45.616335183], [4.78015335, 45.614775032], [4.778158649, 45.614928173], [4.774981461, 45.614146996], [4.773794853, 45.611959883], [4.7742526, 45.610704286], [4.773488249, 45.609638195], [4.770862164, 45.609666057], [4.769376507, 45.610764877], [4.76797985, 45.610270733], [4.765597257, 45.610208177], [4.764149005, 45.609422068], [4.762836166, 45.611882653], [4.761365749, 45.609632313], [4.758140354, 45.607920999]]]], ""type"": ""MultiPolygon""}";45.668787006,4.756202655
1421.195;0;0.0;0;0.0;0;0.0;0;0.0;0;0.0;"{""coordinates"": [[[[4.566320078, 45.719060739], [4.563454396, 45.716981266], [4.556379615, 45.716046124], [4.552065754, 45.716632499], [4.547265222, 45.718669145], [4.542709427, 45.72128676], [4.541129887, 45.721867676], [4.539006994, 45.723579109], [4.535390067, 45.722616996], [4.531565011, 45.720310215], [4.530449063, 45.720175864], [4.528982162, 45.721253141], [4.527024917, 45.724132948], [4.525184119, 45.725367449], [4.521054794, 45.729287048], [4.522764452, 45.730614049], [4.523789444, 45.733040974], [4.523787512, 45.735257511], [4.524692166, 45.735927978], [4.523448903, 45.738138779], [4.523803264, 45.739515596], [4.525429823, 45.740054711], [4.527293358, 45.742326157], [4.528669018, 45.742067942], [4.530937036, 45.742680241], [4.532228847, 45.742367279], [4.536595349, 45.744336144], [4.541320816, 45.745649661], [4.541445144, 45.746509893], [4.543271652, 45.747377466], [4.546142018, 45.750607546], [4.547779034, 45.750673356], [4.548375432, 45.751847738], [4.5462247, 45.75291931], [4.546050773, 45.75369266], [4.543506009, 45.754249898], [4.543039358, 45.755277632], [4.536743966, 45.755234789], [4.535802522, 45.75473874], [4.533651021, 45.755748833], [4.529787301, 45.755286129], [4.526294875, 45.758808177], [4.524575025, 45.759805046], [4.525865334, 45.763056983], [4.528625194, 45.76392838], [4.529261222, 45.766311906], [4.52871254, 45.769969709], [4.52810687, 45.772035016], [4.526308789, 45.771564895], [4.523636859, 45.771467714], [4.521546499, 45.770990656], [4.519041783, 45.771356751], [4.516314795, 45.772159892], [4.514831036, 45.774982662], [4.512081801, 45.777850297], [4.50629238, 45.775826508], [4.503965991, 45.776277246], [4.499507415, 45.77556473], [4.497153514, 45.775571671], [4.493771814, 45.7749338], [4.48795186, 45.775275493], [4.485801454, 45.776961926], [4.487503424, 45.778028386], [4.486892371, 45.779427942], [4.490855361, 45.781231891], [4.49252639, 45.78143046], [4.495772568, 45.785226052], [4.498217645, 45.789182604], [4.501375128, 45.788926288], [4.501585102, 45.790541066], [4.499962556, 45.794035558], [4.497177479, 45.797971459], [4.4965782, 45.801657669], [4.494480761, 45.804806215], [4.491824502, 45.806632744], [4.487617639, 45.807508749], [4.48216344, 45.810234701], [4.477558347, 45.813667091], [4.475712735, 45.817957598], [4.48138406, 45.817475342], [4.486401536, 45.818066879], [4.490010345, 45.81752756], [4.491688125, 45.81826916], [4.497471836, 45.818371836], [4.500192939, 45.818016885], [4.507292673, 45.817774627], [4.517746867, 45.821902806], [4.516338681, 45.824943428], [4.520357316, 45.825432494], [4.521976325, 45.825326925], [4.530790098, 45.826981196], [4.535252616, 45.829245226], [4.538503153, 45.82882992], [4.539262581, 45.827419042], [4.540630593, 45.826351116], [4.542119578, 45.826433469], [4.543779651, 45.825447078], [4.543615157, 45.828409807], [4.540996473, 45.833273121], [4.543091151, 45.833214801], [4.545002761, 45.832646468], [4.546858456, 45.832750764], [4.549351566, 45.831740271], [4.552641837, 45.834017903], [4.554522801, 45.8361149], [4.557134882, 45.839777057], [4.55859378, 45.841243938], [4.561172557, 45.842162135], [4.562590616, 45.846458529], [4.560202668, 45.847101285], [4.557702703, 45.849301886], [4.557750982, 45.851057521], [4.555766317, 45.852572769], [4.55610787, 45.854126219], [4.555270834, 45.856439847], [4.55295995, 45.859288915], [4.552958667, 45.861349657], [4.552367323, 45.863011405], [4.550830876, 45.863615231], [4.550998668, 45.864814416], [4.549297586, 45.865617726], [4.547048503, 45.871108368], [4.5385273, 45.877070888], [4.535598216, 45.88227872], [4.534765787, 45.884572304], [4.535189172, 45.885605019], [4.534207524, 45.892642611], [4.5318018, 45.894307228], [4.531274761, 45.897158657], [4.532667421, 45.900760452], [4.532685863, 45.902537208], [4.536450594, 45.901669221], [4.540899064, 45.901775316], [4.541853717, 45.902882731], [4.544673859, 45.902469569], [4.545504409, 45.901080204], [4.547003868, 45.901049794], [4.550124198, 45.900260412], [4.550633367, 45.901026203], [4.555191322, 45.901721073], [4.558246561, 45.900365841], [4.55860895, 45.898810797], [4.561079278, 45.897945404], [4.561893149, 45.895073641], [4.566956786, 45.895100855], [4.570268361, 45.895386361], [4.57385098, 45.890163996], [4.576548591, 45.886578665], [4.579890333, 45.881721522], [4.583138863, 45.879297396], [4.588203654, 45.879100255], [4.594920421, 45.879397478], [4.598875205, 45.87712054], [4.600173927, 45.87841625], [4.603661953, 45.877524685], [4.606296195, 45.880350539], [4.61695187, 45.880920067], [4.623620263, 45.879209561], [4.624375798, 45.879948975], [4.627754906, 45.880094915], [4.624032161, 45.876118806], [4.624558079, 45.871341232], [4.624002338, 45.867268226], [4.627506577, 45.859403487], [4.628474822, 45.858796887], [4.628259114, 45.856161894], [4.629088834, 45.856235499], [4.633199591, 45.852014994], [4.636796849, 45.846363377], [4.639391704, 45.848723377], [4.641371359, 45.848029926], [4.643153492, 45.848928125], [4.643683091, 45.850005749], [4.645601138, 45.850963179], [4.647529758, 45.85106387], [4.650087435, 45.852459539], [4.652412726, 45.854742127], [4.655539505, 45.857008426], [4.659088408, 45.857742676], [4.66048199, 45.856204541], [4.662652121, 45.855586278], [4.665631122, 45.855888268], [4.667700404, 45.85530472], [4.670379769, 45.855714587], [4.669519226, 45.853090976], [4.669945334, 45.851029297], [4.674493953, 45.847591575], [4.67484824, 45.845548953], [4.676035905, 45.844341521], [4.675361148, 45.843001389], [4.676637262, 45.84195026], [4.684743004, 45.838441239], [4.687087071, 45.83810632], [4.699197433, 45.841578927], [4.710927606, 45.842964586], [4.715527492, 45.843930633], [4.718636084, 45.845465019], [4.72687654, 45.848797166], [4.727589339, 45.849333898], [4.733541135, 45.851375606], [4.734699277, 45.851110135], [4.734959385, 45.847986985], [4.734634327, 45.846297743], [4.735405641, 45.845374379], [4.734228348, 45.844493551], [4.734523993, 45.842747041], [4.73332725, 45.841039653], [4.735404664, 45.83899197], [4.735724872, 45.837454944], [4.737324663, 45.833299695], [4.732622632, 45.831157985], [4.7371834, 45.826601492], [4.731453435, 45.826376045], [4.729779172, 45.825778414], [4.725395252, 45.825787835], [4.725527522, 45.823260234], [4.720905401, 45.823101989], [4.716875376, 45.828145128], [4.714901706, 45.829518065], [4.71356793, 45.828264716], [4.711505056, 45.82809334], [4.709936439, 45.827032656], [4.706189959, 45.826326427], [4.704957543, 45.82534256], [4.701455631, 45.82616998], [4.700420656, 45.827828445], [4.697557365, 45.825717049], [4.694571952, 45.825201653], [4.69433654, 45.819043508], [4.692678929, 45.812582445], [4.69333894, 45.811340393], [4.695145215, 45.809553323], [4.700273333, 45.803096553], [4.701670087, 45.797480361], [4.702672216, 45.796989679], [4.703185831, 45.795356167], [4.706405882, 45.79430505], [4.704536619, 45.792688618], [4.70104823, 45.791128999], [4.695136061, 45.791090957], [4.692163993, 45.790234862], [4.691111195, 45.790919861], [4.688247509, 45.791795879], [4.685873831, 45.792024111], [4.682120632, 45.793079884], [4.678300756, 45.792878253], [4.67688864, 45.792507441], [4.670462273, 45.792925189], [4.669361009, 45.79320989], [4.661463867, 45.791950168], [4.657269226, 45.791095842], [4.65608, 45.790122542], [4.654010347, 45.789842157], [4.652122416, 45.789007853], [4.650212362, 45.787258745], [4.649792261, 45.784012509], [4.647533541, 45.783513204], [4.643800356, 45.77979468], [4.640160163, 45.778107532], [4.637443979, 45.774756812], [4.638311425, 45.773539105], [4.6372062, 45.772075327], [4.636568303, 45.769614911], [4.633281227, 45.768218755], [4.631331676, 45.767004925], [4.630635492, 45.766003525], [4.630607072, 45.764386314], [4.629290898, 45.762956137], [4.627398159, 45.762263816], [4.62586149, 45.760245036], [4.623103815, 45.759321026], [4.620936696, 45.757777804], [4.617670022, 45.756249418], [4.615705925, 45.752971187], [4.612014516, 45.752392636], [4.610365236, 45.751381322], [4.610598084, 45.749393809], [4.611667248, 45.747807756], [4.611678671, 45.745287503], [4.611082078, 45.743223575], [4.61163637, 45.741806998], [4.61402813, 45.740324501], [4.615218909, 45.73736314], [4.61634728, 45.736758828], [4.615456173, 45.735798869], [4.613685881, 45.735606257], [4.610945329, 45.734602467], [4.610315679, 45.733164979], [4.607845242, 45.732377022], [4.605141922, 45.73043136], [4.604552659, 45.729448108], [4.599805246, 45.725115798], [4.597114037, 45.72374531], [4.593284718, 45.722768234], [4.591006321, 45.723266963], [4.58919935, 45.724375958], [4.587458883, 45.724578814], [4.584957346, 45.723712446], [4.580555416, 45.723118569], [4.578200512, 45.721887029], [4.573663, 45.720406728], [4.568347238, 45.720900528], [4.566320078, 45.719060739]]]], ""type"": ""MultiPolygon""}";45.80718942,4.593656849
0.043;0;0.0;0;0.0;0;0.0;0;0.0;0;0.0;"{""coordinates"": [[[[4.401827595, 45.566079833], [4.400533592, 45.56708484], [4.400084875, 45.569220386], [4.401108662, 45.570459487], [4.399405065, 45.572413429], [4.39936763, 45.573775627], [4.401600134, 45.576409139], [4.4003562, 45.577984508], [4.401298713, 45.579401144], [4.400075361, 45.581845349], [4.396867001, 45.582277022], [4.395472105, 45.581789097], [4.394367828, 45.583982288], [4.39312054, 45.585183859], [4.391027534, 45.586216659], [4.38922348, 45.58567968], [4.387565199, 45.586455771], [4.386020822, 45.586248763], [4.383933211, 45.586785124], [4.381848599, 45.58651716], [4.381170621, 45.587363061], [4.379385937, 45.587808255], [4.377555382, 45.590176793], [4.378081233, 45.591979683], [4.380255229, 45.593614655], [4.382814682, 45.596296767], [4.385040966, 45.59698266], [4.384838023, 45.599129525], [4.38344071, 45.600304913], [4.381378084, 45.60083641], [4.37790708, 45.604996596], [4.377369155, 45.606119946], [4.379089227, 45.606921133], [4.380454515, 45.605119367], [4.382265748, 45.605356502], [4.380854807, 45.606868853], [4.382279903, 45.607518707], [4.384276298, 45.606535001], [4.385688082, 45.607369602], [4.387186451, 45.607304303], [4.390015333, 45.608615806], [4.39256526, 45.60724685], [4.39377904, 45.607702841], [4.395929322, 45.607283509], [4.397564194, 45.607746841], [4.398350369, 45.610476756], [4.399601726, 45.61078992], [4.40163246, 45.609750539], [4.402711082, 45.609829858], [4.403139109, 45.611479861], [4.401643512, 45.614448937], [4.404824934, 45.615160375], [4.403304082, 45.616575317], [4.404184612, 45.617188462], [4.403461566, 45.618941987], [4.400666826, 45.620639359], [4.401975258, 45.622640455], [4.404421479, 45.622786471], [4.405700843, 45.623482888], [4.406943817, 45.625727015], [4.406066766, 45.627078103], [4.406979055, 45.629287636], [4.4097202, 45.630922187], [4.410411969, 45.633840547], [4.40936817, 45.63524959], [4.408947225, 45.637425364], [4.406611075, 45.638656917], [4.403402153, 45.639903809], [4.39914167, 45.64562807], [4.398556723, 45.647074534], [4.393911333, 45.650405912], [4.394095471, 45.651650093], [4.392614213, 45.653668707], [4.389214551, 45.650687323], [4.385657898, 45.649730567], [4.381072918, 45.650477684], [4.372674001, 45.647811908], [4.369988259, 45.646692736], [4.365478325, 45.646835792], [4.362767122, 45.64728293], [4.357454496, 45.645955669], [4.354931458, 45.645854576], [4.353664435, 45.644817002], [4.345921281, 45.645004415], [4.344362115, 45.645412111], [4.344736348, 45.647022438], [4.342310028, 45.648528399], [4.33968863, 45.648823505], [4.338828603, 45.649474071], [4.33873162, 45.651092721], [4.336394157, 45.65374037], [4.336990842, 45.65558224], [4.336532663, 45.657190768], [4.337192212, 45.658177212], [4.335738088, 45.661572664], [4.331929568, 45.662841709], [4.328979445, 45.665953051], [4.329600399, 45.668596218], [4.326479976, 45.670944882], [4.324854121, 45.671500784], [4.321258825, 45.674098951], [4.319415987, 45.674666324], [4.319317733, 45.677065797], [4.322183812, 45.678993717], [4.322661991, 45.680616406], [4.324569379, 45.681772892], [4.323579869, 45.682732866], [4.324655711, 45.684574578], [4.322875202, 45.685289872], [4.323055031, 45.688350737], [4.320876057, 45.690628733], [4.319429034, 45.691381488], [4.320197669, 45.692572997], [4.325640057, 45.695574774], [4.32767727, 45.700617631], [4.328956732, 45.701284312], [4.335280878, 45.701141101], [4.340694062, 45.702603367], [4.345450512, 45.70416328], [4.349193403, 45.703366514], [4.353383758, 45.703473872], [4.358713345, 45.704014952], [4.361142907, 45.705276219], [4.363119313, 45.705357701], [4.365164335, 45.706604621], [4.365827629, 45.704470219], [4.365464449, 45.702306828], [4.364198579, 45.699291576], [4.364741453, 45.69868609], [4.367687466, 45.699109685], [4.370026884, 45.700156605], [4.372748951, 45.701858072], [4.373642452, 45.704505818], [4.373076934, 45.706579637], [4.374078622, 45.710525662], [4.374046628, 45.71254975], [4.375955973, 45.714471801], [4.377564423, 45.715251006], [4.381063621, 45.715803495], [4.38211398, 45.717037084], [4.38221202, 45.718387718], [4.384822466, 45.720869321], [4.384505151, 45.723140091], [4.387931264, 45.726393349], [4.388960072, 45.728853797], [4.388960576, 45.730614515], [4.390448193, 45.732290257], [4.390295949, 45.73574874], [4.391502917, 45.736742553], [4.391874946, 45.739667702], [4.394509372, 45.74003413], [4.395313636, 45.741679535], [4.396601689, 45.74175005], [4.399883703, 45.743658314], [4.402866184, 45.74389234], [4.401769607, 45.745998139], [4.398326231, 45.751245625], [4.396357501, 45.752859627], [4.391027437, 45.755059079], [4.385492039, 45.754832706], [4.381118905, 45.753182356], [4.378021314, 45.750050044], [4.374580793, 45.749925415], [4.367363578, 45.74866942], [4.363790573, 45.75005281], [4.359177802, 45.751222565], [4.360291007, 45.752702374], [4.360818933, 45.756535357], [4.358133376, 45.757461143], [4.354561197, 45.757703135], [4.356848948, 45.759122937], [4.353850872, 45.761848215], [4.353734503, 45.7631384], [4.352571391, 45.763721544], [4.349456026, 45.764192053], [4.350492675, 45.765856603], [4.350298568, 45.767128801], [4.347983524, 45.769133348], [4.350315263, 45.771972139], [4.351282671, 45.774008569], [4.35242519, 45.774625315], [4.354472239, 45.774127933], [4.357248646, 45.775869695], [4.359223164, 45.776347574], [4.356565148, 45.779326398], [4.356377187, 45.78189363], [4.358668457, 45.783623181], [4.360044104, 45.78073092], [4.360655985, 45.777666829], [4.36204807, 45.77858398], [4.365630379, 45.780104165], [4.369560965, 45.780711282], [4.372908245, 45.781720735], [4.376299818, 45.782229704], [4.376773863, 45.783121846], [4.379614012, 45.783709492], [4.378539132, 45.785204159], [4.377948398, 45.787170237], [4.3780362, 45.788935294], [4.378830768, 45.790235101], [4.37727717, 45.791692372], [4.378064789, 45.792764411], [4.37331936, 45.79660128], [4.374903247, 45.797747408], [4.372607444, 45.799817069], [4.37294653, 45.801129661], [4.374967334, 45.801666155], [4.373986716, 45.80407016], [4.373988848, 45.805139178], [4.379374437, 45.806283045], [4.380634756, 45.807657308], [4.384473897, 45.804275265], [4.387939091, 45.802837639], [4.387828432, 45.804787962], [4.389013949, 45.806560231], [4.387648051, 45.807397502], [4.38624053, 45.809451116], [4.386200437, 45.811752717], [4.383896182, 45.812001638], [4.380080689, 45.814600721], [4.380173014, 45.815563265], [4.377805034, 45.817807729], [4.379726418, 45.81835977], [4.383196209, 45.818247971], [4.3835685, 45.819791592], [4.379529186, 45.822064663], [4.377127785, 45.824117684], [4.377601813, 45.824890946], [4.380677062, 45.825418085], [4.382970266, 45.826607676], [4.383498758, 45.828161994], [4.381936195, 45.831923239], [4.383570303, 45.834048533], [4.385552422, 45.835198657], [4.388161916, 45.834650556], [4.39059184, 45.837460356], [4.392479627, 45.836546375], [4.395663926, 45.833813285], [4.398968745, 45.833407644], [4.402504374, 45.832250614], [4.403628664, 45.832232145], [4.406095226, 45.831244091], [4.410781698, 45.830162528], [4.413553179, 45.830525055], [4.416021735, 45.8276157], [4.4175348, 45.826987889], [4.42008497, 45.827565582], [4.421054482, 45.82689322], [4.425426174, 45.827764883], [4.427492293, 45.830094857], [4.42768443, 45.831396552], [4.429993453, 45.831953657], [4.434410507, 45.835243524], [4.440592849, 45.833921959], [4.442627243, 45.835004683], [4.445384471, 45.835247732], [4.448658239, 45.836613497], [4.449386015, 45.835378385], [4.452559407, 45.835031401], [4.453719834, 45.834475185], [4.453305077, 45.831739863], [4.453353608, 45.829521854], [4.45523466, 45.828107938], [4.46012752, 45.825278905], [4.465571171, 45.824340167], [4.475712735, 45.817957598], [4.477558347, 45.813667091], [4.48216344, 45.810234701], [4.487617639, 45.807508749], [4.491824502, 45.806632744], [4.494480761, 45.804806215], [4.4965782, 45.801657669], [4.497177479, 45.797971459], [4.499962556, 45.794035558], [4.501585102, 45.790541066], [4.501375128, 45.788926288], [4.498217645, 45.789182604], [4.495772568, 45.785226052], [4.49252639, 45.78143046], [4.490855361, 45.781231891], [4.486892371, 45.779427942], [4.487503424, 45.778028386], [4.485801454, 45.776961926], [4.48795186, 45.775275493], [4.493771814, 45.7749338], [4.497153514, 45.775571671], [4.499507415, 45.77556473], [4.503965991, 45.776277246], [4.50629238, 45.775826508], [4.512081801, 45.777850297], [4.514831036, 45.774982662], [4.516314795, 45.772159892], [4.519041783, 45.771356751], [4.521546499, 45.770990656], [4.523636859, 45.771467714], [4.526308789, 45.771564895], [4.52810687, 45.772035016], [4.52871254, 45.769969709], [4.529261222, 45.766311906], [4.528625194, 45.76392838], [4.525865334, 45.763056983], [4.524575025, 45.759805046], [4.526294875, 45.758808177], [4.529787301, 45.755286129], [4.533651021, 45.755748833], [4.535802522, 45.75473874], [4.536743966, 45.755234789], [4.543039358, 45.755277632], [4.543506009, 45.754249898], [4.546050773, 45.75369266], [4.5462247, 45.75291931], [4.548375432, 45.751847738], [4.547779034, 45.750673356], [4.546142018, 45.750607546], [4.543271652, 45.747377466], [4.541445144, 45.746509893], [4.541320816, 45.745649661], [4.536595349, 45.744336144], [4.532228847, 45.742367279], [4.530937036, 45.742680241], [4.528669018, 45.742067942], [4.527293358, 45.742326157], [4.525429823, 45.740054711], [4.523803264, 45.739515596], [4.523448903, 45.738138779], [4.524692166, 45.735927978], [4.523787512, 45.735257511], [4.523789444, 45.733040974], [4.522764452, 45.730614049], [4.521054794, 45.729287048], [4.525184119, 45.725367449], [4.527024917, 45.724132948], [4.528982162, 45.721253141], [4.530449063, 45.720175864], [4.531565011, 45.720310215], [4.535390067, 45.722616996], [4.539006994, 45.723579109], [4.541129887, 45.721867676], [4.542709427, 45.72128676], [4.547265222, 45.718669145], [4.552065754, 45.716632499], [4.556379615, 45.716046124], [4.563454396, 45.716981266], [4.566320078, 45.719060739], [4.568264969, 45.716321796], [4.57505468, 45.714506846], [4.576449181, 45.712821117], [4.572903174, 45.712272622], [4.570926243, 45.711154551], [4.567646878, 45.708214517], [4.565206339, 45.707285633], [4.564477713, 45.704249711], [4.562696537, 45.703947486], [4.564278274, 45.701515367], [4.567706262, 45.701238056], [4.57093502, 45.70141465], [4.575741937, 45.699955103], [4.581293533, 45.69915049], [4.581871536, 45.698372307], [4.578293415, 45.697298456], [4.575614303, 45.694932081], [4.579733396, 45.690967316], [4.580470408, 45.689639306], [4.583504904, 45.68650741], [4.583378422, 45.683793682], [4.586548647, 45.680975924], [4.587938206, 45.682025433], [4.59030354, 45.682955775], [4.590472278, 45.679661456], [4.589957885, 45.678349243], [4.590439535, 45.676957218], [4.592343139, 45.676850161], [4.593356555, 45.676036036], [4.595672887, 45.675316934], [4.595733879, 45.674090261], [4.597380854, 45.671950344], [4.599482546, 45.670924375], [4.596810521, 45.67003821], [4.59038269, 45.665544782], [4.588117484, 45.66369076], [4.586607422, 45.661064995], [4.587646098, 45.659705662], [4.589118535, 45.659409287], [4.591535956, 45.657984514], [4.595886272, 45.657141156], [4.596469085, 45.656151168], [4.592678675, 45.653283094], [4.592216512, 45.651949442], [4.592534643, 45.650463349], [4.591122566, 45.649231392], [4.591664703, 45.648077182], [4.587996371, 45.64079579], [4.584525529, 45.636883594], [4.58177009, 45.635438064], [4.579915218, 45.635448808], [4.579252646, 45.634184573], [4.580405873, 45.632576917], [4.575676518, 45.631363396], [4.577290883, 45.629493528], [4.579575068, 45.628968827], [4.58214001, 45.629151655], [4.584162321, 45.628718807], [4.587566018, 45.626589409], [4.590643592, 45.625404808], [4.591887547, 45.625408832], [4.594896367, 45.621796897], [4.596167252, 45.620689073], [4.599984838, 45.619813444], [4.602558297, 45.618838326], [4.604723022, 45.618687683], [4.604127276, 45.615533044], [4.604769275, 45.612973205], [4.602680465, 45.608863531], [4.599927744, 45.60796963], [4.597251537, 45.605987477], [4.597196922, 45.605205577], [4.594787474, 45.60477142], [4.594567581, 45.603773903], [4.591729751, 45.602449597], [4.589079178, 45.602102494], [4.587583636, 45.602882869], [4.585478518, 45.600028652], [4.580494929, 45.598265055], [4.579855394, 45.597568825], [4.580740797, 45.595414621], [4.58239505, 45.593411711], [4.580063978, 45.590799258], [4.581548686, 45.590096589], [4.58194211, 45.588913896], [4.579321907, 45.586591007], [4.580324195, 45.585662759], [4.57977136, 45.583457615], [4.577341127, 45.582795527], [4.573825096, 45.584139939], [4.571881803, 45.583550174], [4.570351392, 45.582501582], [4.567577887, 45.583710232], [4.561993271, 45.580480758], [4.56027477, 45.580349708], [4.552934161, 45.578503231], [4.547661222, 45.579957535], [4.546106416, 45.580773299], [4.53164412, 45.577202045], [4.530182392, 45.575912412], [4.525395765, 45.573005338], [4.520979655, 45.572741843], [4.519947845, 45.573041301], [4.518800911, 45.57499048], [4.51427588, 45.576096264], [4.51252131, 45.577641966], [4.510578701, 45.577750041], [4.506656004, 45.576115781], [4.505313399, 45.57711276], [4.506016926, 45.579358539], [4.505060377, 45.580500749], [4.505335189, 45.581552619], [4.50461565, 45.587034536], [4.501273321, 45.585534613], [4.496727232, 45.584289292], [4.49397969, 45.585237277], [4.49068587, 45.584858593], [4.489718822, 45.584288698], [4.483603295, 45.58654639], [4.483223612, 45.587121501], [4.480485227, 45.587801541], [4.477713961, 45.587058044], [4.476246555, 45.587347508], [4.472608622, 45.585651584], [4.469602483, 45.584991122], [4.46857861, 45.585802459], [4.466213832, 45.58606298], [4.46490565, 45.584903806], [4.463641503, 45.581378088], [4.463025275, 45.578682417], [4.463331551, 45.577798515], [4.465660429, 45.57648388], [4.46239974, 45.573735291], [4.460850921, 45.572822376], [4.461052705, 45.571671452], [4.460147766, 45.569154244], [4.456000493, 45.567773338], [4.455077131, 45.567035072], [4.453058102, 45.566907182], [4.451317781, 45.564199867], [4.448128622, 45.560943811], [4.44738966, 45.558223536], [4.445115061, 45.555900375], [4.442827346, 45.55479048], [4.439850499, 45.555969748], [4.437628602, 45.556307106], [4.433092101, 45.557564673], [4.427681504, 45.561380116], [4.424248431, 45.562493608], [4.422663272, 45.564275296], [4.421876085, 45.565828018], [4.419118264, 45.565785416], [4.415951165, 45.566335107], [4.408728946, 45.565596382], [4.406417239, 45.566509736], [4.401827595, 45.566079833]]]], ""type"": ""MultiPolygon""}";45.688444196,4.463245904
16791.232;;;0;0.0;0;0.0;;;0;0.0;"{""coordinates"": [[[[4.713002117, 45.574204845], [4.712290356, 45.574330075], [4.710681579, 45.576349588], [4.710353172, 45.578509028], [4.710861342, 45.580471098], [4.710327182, 45.581242107], [4.712081375, 45.583552692], [4.712275448, 45.58506019], [4.710902507, 45.586750964], [4.709180936, 45.587205873], [4.70336813, 45.588024536], [4.70523051, 45.588683532], [4.709467278, 45.588587678], [4.715102857, 45.589090011], [4.71870673, 45.5891854], [4.719961712, 45.592339343], [4.720119882, 45.594376988], [4.722882313, 45.59318722], [4.725911101, 45.591243919], [4.727405924, 45.590799442], [4.731548203, 45.590384464], [4.734083758, 45.589870726], [4.735840838, 45.590143547], [4.73656651, 45.590907841], [4.739530748, 45.591954568], [4.74623405, 45.591591274], [4.749872129, 45.593128055], [4.751218918, 45.594174417], [4.752030047, 45.595888422], [4.755381894, 45.598339198], [4.756496896, 45.600687928], [4.756030219, 45.602805556], [4.757397018, 45.604228933], [4.759145607, 45.604539361], [4.75840748, 45.605824494], [4.758140354, 45.607920999], [4.761365749, 45.609632313], [4.762836166, 45.611882653], [4.764149005, 45.609422068], [4.765597257, 45.610208177], [4.76797985, 45.610270733], [4.769376507, 45.610764877], [4.770862164, 45.609666057], [4.773488249, 45.609638195], [4.7742526, 45.610704286], [4.773794853, 45.611959883], [4.774981461, 45.614146996], [4.778158649, 45.614928173], [4.78015335, 45.614775032], [4.784182292, 45.616335183], [4.789180742, 45.618021192], [4.788695666, 45.622119031], [4.791168504, 45.62138254], [4.793328518, 45.621531877], [4.796489423, 45.62317479], [4.798329951, 45.622297817], [4.80249428, 45.621239494], [4.803651295, 45.624368948], [4.804392294, 45.628201318], [4.804420213, 45.632092861], [4.805923697, 45.634536704], [4.804781215, 45.635567437], [4.800193491, 45.634336682], [4.800232768, 45.635624075], [4.797354236, 45.63621952], [4.796194115, 45.637147763], [4.792014899, 45.636278546], [4.789967872, 45.637418098], [4.786834204, 45.636837396], [4.786516202, 45.638323214], [4.784017694, 45.637969237], [4.781049197, 45.638970105], [4.778946418, 45.638983546], [4.777671649, 45.643711695], [4.77567835, 45.648026031], [4.771167956, 45.649023018], [4.769562294, 45.650418247], [4.772209978, 45.650603574], [4.775049936, 45.651698225], [4.779003541, 45.652353681], [4.779506525, 45.654896544], [4.783868489, 45.65542108], [4.782124706, 45.657429362], [4.786318364, 45.658582466], [4.78503872, 45.66072394], [4.789709198, 45.662073824], [4.7890195, 45.66529673], [4.786601431, 45.664766774], [4.783698598, 45.667011435], [4.784794567, 45.668809006], [4.787692541, 45.669554763], [4.785944411, 45.672035145], [4.785654355, 45.673279127], [4.781165478, 45.672727821], [4.781488314, 45.674654743], [4.779831324, 45.674828659], [4.779904368, 45.676660454], [4.779229467, 45.67808884], [4.7799288, 45.678898339], [4.779183919, 45.680389078], [4.779841679, 45.681782897], [4.779050009, 45.68321853], [4.775270407, 45.683449299], [4.774162972, 45.684018884], [4.773895536, 45.685257071], [4.774946424, 45.687450863], [4.773347387, 45.689164882], [4.770844216, 45.688533231], [4.770334768, 45.689199658], [4.765219197, 45.688093701], [4.764416, 45.689787008], [4.766336926, 45.692108658], [4.766769001, 45.694249176], [4.7661315, 45.696544274], [4.766478865, 45.698687923], [4.76761643, 45.702348584], [4.767878778, 45.705569915], [4.768958427, 45.707774126], [4.772569781, 45.712310111], [4.773140786, 45.713678318], [4.775203398, 45.714728505], [4.77766554, 45.717405349], [4.778261049, 45.718490323], [4.778649957, 45.720907109], [4.780394331, 45.722805299], [4.778788929, 45.723548515], [4.776244454, 45.724043501], [4.775577987, 45.725755451], [4.773337827, 45.72644013], [4.77175247, 45.728617765], [4.763252841, 45.726766766], [4.740173675, 45.72758747], [4.735377436, 45.725275442], [4.735047244, 45.727621456], [4.734218057, 45.729189731], [4.730924576, 45.732441449], [4.72697585, 45.732805544], [4.725567307, 45.733541369], [4.727141239, 45.735794244], [4.727317437, 45.73781092], [4.725011507, 45.73790567], [4.722146641, 45.737276641], [4.721834464, 45.735761025], [4.718822192, 45.735433198], [4.718064311, 45.736086048], [4.712614442, 45.736084299], [4.710983293, 45.738239217], [4.708351644, 45.739324833], [4.707641862, 45.741373865], [4.706348681, 45.742694951], [4.70946671, 45.742563958], [4.710016405, 45.743367153], [4.70940825, 45.745582185], [4.710121986, 45.746821533], [4.710199091, 45.751558943], [4.714195133, 45.752923182], [4.715962855, 45.754121252], [4.715648915, 45.756649792], [4.716658334, 45.758824038], [4.714746781, 45.758926072], [4.70778673, 45.760262025], [4.705916324, 45.760823542], [4.712615416, 45.765056197], [4.714590039, 45.767850799], [4.712416795, 45.768198154], [4.711857478, 45.769835109], [4.711659188, 45.773986745], [4.709559399, 45.773721351], [4.705463151, 45.77382568], [4.704709515, 45.774846753], [4.699497489, 45.77772115], [4.696448192, 45.778227295], [4.6920283, 45.784208535], [4.691760301, 45.789287077], [4.692163993, 45.790234862], [4.695136061, 45.791090957], [4.70104823, 45.791128999], [4.704536619, 45.792688618], [4.706405882, 45.79430505], [4.703185831, 45.795356167], [4.702672216, 45.796989679], [4.701670087, 45.797480361], [4.700273333, 45.803096553], [4.695145215, 45.809553323], [4.69333894, 45.811340393], [4.692678929, 45.812582445], [4.69433654, 45.819043508], [4.694571952, 45.825201653], [4.697557365, 45.825717049], [4.700420656, 45.827828445], [4.701455631, 45.82616998], [4.704957543, 45.82534256], [4.706189959, 45.826326427], [4.709936439, 45.827032656], [4.711505056, 45.82809334], [4.71356793, 45.828264716], [4.714901706, 45.829518065], [4.716875376, 45.828145128], [4.720905401, 45.823101989], [4.725527522, 45.823260234], [4.725395252, 45.825787835], [4.729779172, 45.825778414], [4.731453435, 45.826376045], [4.7371834, 45.826601492], [4.732622632, 45.831157985], [4.737324663, 45.833299695], [4.735724872, 45.837454944], [4.735404664, 45.83899197], [4.73332725, 45.841039653], [4.734523993, 45.842747041], [4.734228348, 45.844493551], [4.735405641, 45.845374379], [4.734634327, 45.846297743], [4.734959385, 45.847986985], [4.734699277, 45.851110135], [4.735102968, 45.853249425], [4.736616402, 45.854073741], [4.736704907, 45.855206374], [4.73584717, 45.856418399], [4.733172866, 45.857131381], [4.733884998, 45.860143235], [4.734540263, 45.861139271], [4.736146042, 45.865791997], [4.737584169, 45.86589239], [4.735614173, 45.869826339], [4.737759779, 45.870688674], [4.74270386, 45.87070622], [4.742437711, 45.872444193], [4.742837362, 45.877582896], [4.746467709, 45.878975208], [4.749264965, 45.871052514], [4.753088248, 45.860755758], [4.755143262, 45.857233589], [4.761799885, 45.849921562], [4.766039287, 45.848034121], [4.771028823, 45.850372638], [4.771983482, 45.852927419], [4.774608485, 45.855391119], [4.777801468, 45.855271568], [4.778161342, 45.855958559], [4.780612054, 45.856324387], [4.782574133, 45.857125716], [4.782295237, 45.860263725], [4.783104946, 45.861264263], [4.785514544, 45.861466707], [4.786426188, 45.86489576], [4.78769402, 45.865745809], [4.787336207, 45.86886797], [4.78902049, 45.869714121], [4.789765311, 45.871170507], [4.789623883, 45.874481104], [4.790013828, 45.877317613], [4.788530486, 45.879493823], [4.790026039, 45.883056832], [4.789915561, 45.885295078], [4.788468886, 45.885546759], [4.789368726, 45.888554447], [4.789353084, 45.891132566], [4.789986508, 45.891810692], [4.78725675, 45.892954561], [4.788465198, 45.894657635], [4.789630907, 45.894644594], [4.792940457, 45.896215268], [4.79342579, 45.897294746], [4.791032489, 45.897801958], [4.783327801, 45.897665227], [4.783207174, 45.897286124], [4.778162949, 45.897839341], [4.776573672, 45.897560779], [4.77593259, 45.894479578], [4.774249915, 45.895984977], [4.772403082, 45.896881335], [4.770190581, 45.89719882], [4.768613539, 45.898586285], [4.76355866, 45.897483495], [4.763768795, 45.896430882], [4.75884308, 45.898113586], [4.757674322, 45.899287378], [4.755865615, 45.898881333], [4.750964728, 45.898963634], [4.749830899, 45.899292832], [4.750664102, 45.901765006], [4.746541401, 45.900845177], [4.742795225, 45.900812904], [4.738376515, 45.902690447], [4.737581729, 45.902565754], [4.733861478, 45.911317407], [4.73764045, 45.911671938], [4.740739584, 45.916524153], [4.743281486, 45.918431445], [4.744493823, 45.918611812], [4.746706461, 45.922460641], [4.749626751, 45.922490272], [4.755692464, 45.930383838], [4.758452166, 45.930383314], [4.761729311, 45.929772086], [4.762234515, 45.931079266], [4.761117868, 45.934952621], [4.765521025, 45.93639901], [4.769147427, 45.938252794], [4.772346713, 45.939182712], [4.775165354, 45.939034046], [4.777730599, 45.938314631], [4.780130814, 45.936485362], [4.788706988, 45.924293026], [4.791227361, 45.922576899], [4.79403235, 45.921917254], [4.801240223, 45.92254311], [4.805708908, 45.922007993], [4.808011186, 45.921019149], [4.810292083, 45.918164288], [4.810703619, 45.91505739], [4.810482243, 45.911657978], [4.810921928, 45.909173933], [4.809519903, 45.90640051], [4.807331179, 45.904734034], [4.804920524, 45.903496203], [4.803428472, 45.900678212], [4.805150279, 45.896290315], [4.809726222, 45.897555651], [4.813738297, 45.90041874], [4.81576335, 45.900836606], [4.816152748, 45.901534724], [4.818262917, 45.902379927], [4.820998583, 45.902786272], [4.823738478, 45.90472283], [4.827884912, 45.905879982], [4.830062513, 45.906180737], [4.832811118, 45.908015159], [4.836202599, 45.909775128], [4.839359913, 45.910195809], [4.842023367, 45.911204522], [4.844602414, 45.911538997], [4.845675896, 45.912306027], [4.84854667, 45.913294994], [4.849806328, 45.912878074], [4.850790653, 45.910872236], [4.851871026, 45.910421295], [4.852937676, 45.908603244], [4.852945562, 45.906842167], [4.857169212, 45.906820624], [4.858691175, 45.906153391], [4.862545642, 45.90547927], [4.867931492, 45.903661908], [4.871342321, 45.90311551], [4.871998085, 45.903505488], [4.87271534, 45.899173635], [4.871848303, 45.893510592], [4.873166706, 45.893550007], [4.875828274, 45.896479245], [4.877722875, 45.896995452], [4.880132874, 45.897000441], [4.880717747, 45.897505942], [4.883318515, 45.883232626], [4.884260309, 45.880146279], [4.889799248, 45.879425987], [4.89012253, 45.878172142], [4.895318692, 45.877992353], [4.896396408, 45.877568038], [4.89984023, 45.877771423], [4.9020601, 45.877522412], [4.902291274, 45.875887257], [4.903699718, 45.874885324], [4.906882682, 45.874820858], [4.908975231, 45.874325248], [4.907623874, 45.871494473], [4.908515628, 45.87069576], [4.907993056, 45.868785075], [4.903872216, 45.865389372], [4.901988341, 45.863216052], [4.900743029, 45.855812099], [4.903498951, 45.855209037], [4.909166626, 45.853258753], [4.913300472, 45.848237365], [4.913902166, 45.845889711], [4.917037545, 45.845208718], [4.917778765, 45.841875045], [4.916915395, 45.840579999], [4.918323872, 45.839538232], [4.917701268, 45.837197828], [4.918676346, 45.836925453], [4.918602287, 45.833831709], [4.921566553, 45.832735534], [4.92146909, 45.830565464], [4.919245335, 45.829608842], [4.920352935, 45.828038909], [4.919258814, 45.827625146], [4.920528816, 45.824577009], [4.919917994, 45.824462191], [4.91964167, 45.821999715], [4.922429228, 45.81932568], [4.920011144, 45.817843644], [4.919301636, 45.816926126], [4.920213033, 45.815796393], [4.919988967, 45.814168933], [4.919043096, 45.814121061], [4.918233803, 45.811553246], [4.918388873, 45.806971166], [4.922061762, 45.80625654], [4.923740419, 45.805234409], [4.92376306, 45.804072946], [4.929905615, 45.80534085], [4.941513283, 45.809244772], [4.946122289, 45.809622098], [4.951903121, 45.808932291], [4.9639205, 45.810852379], [4.970125877, 45.807587055], [4.974903232, 45.807482858], [4.980365061, 45.805455012], [4.981818043, 45.805531299], [4.993249447, 45.808119728], [4.995274726, 45.808383007], [4.999488192, 45.810382949], [5.00244195, 45.81024592], [5.006069133, 45.807160302], [5.010726784, 45.805397474], [5.014156067, 45.805204822], [5.019739747, 45.806516581], [5.021790596, 45.808495826], [5.028424904, 45.809746006], [5.034834339, 45.807892132], [5.036727564, 45.807747192], [5.038057341, 45.808598759], [5.041038892, 45.810506814], [5.045400971, 45.811843008], [5.049337138, 45.812110321], [5.055534503, 45.811351779], [5.058442005, 45.810320536], [5.059775634, 45.803565455], [5.05941127, 45.802291171], [5.059941275, 45.799996178], [5.059071942, 45.796265629], [5.057658619, 45.792792714], [5.059088485, 45.792046898], [5.060290484, 45.788473119], [5.060149627, 45.785007625], [5.059732291, 45.782137201], [5.057152569, 45.782007709], [5.057524637, 45.776719562], [5.054734637, 45.776674926], [5.053043512, 45.775369836], [5.052377299, 45.772960625], [5.052140646, 45.768599686], [5.052330676, 45.765468675], [5.046446646, 45.765166622], [5.043712705, 45.765299063], [5.036081496, 45.767596261], [5.035898461, 45.766855513], [5.036467523, 45.762320581], [5.041016776, 45.756739933], [5.046521222, 45.752516362], [5.047588533, 45.751143099], [5.039696513, 45.751302337], [5.035501784, 45.751860953], [5.031604249, 45.751720452], [5.022869252, 45.75191261], [5.021928425, 45.752398791], [5.018982308, 45.75234258], [5.014992079, 45.751529381], [4.994876345, 45.746630994], [4.993622108, 45.744353498], [4.990348688, 45.744948189], [4.980297759, 45.735277931], [4.978761889, 45.733588932], [4.977701889, 45.729738728], [4.976218398, 45.72720566], [4.973485383, 45.720756303], [4.974413407, 45.718006219], [4.976927008, 45.712132383], [4.982344605, 45.714695383], [4.993505567, 45.710551317], [5.000030668, 45.708236903], [4.998277405, 45.703338073], [4.994199746, 45.693395532], [4.989542761, 45.689745983], [4.98790628, 45.688949769], [4.9895697, 45.687278297], [4.990928296, 45.685174413], [4.991094336, 45.677752734], [4.988634331, 45.678381699], [4.984896458, 45.679856441], [4.980509501, 45.681010088], [4.97458711, 45.681167221], [4.969115578, 45.676769104], [4.971351368, 45.675974248], [4.974358341, 45.675403631], [4.974716869, 45.668670433], [4.968761785, 45.668124359], [4.969566999, 45.66493779], [4.970766576, 45.664134937], [4.969235042, 45.661420713], [4.970563465, 45.661316402], [4.970440558, 45.659920569], [4.969339381, 45.659803821], [4.969224682, 45.655315527], [4.966244167, 45.654901931], [4.966273413, 45.65337463], [4.964394631, 45.653456072], [4.963366651, 45.651342807], [4.960350115, 45.651137763], [4.960923352, 45.650315294], [4.960512701, 45.648474989], [4.959018091, 45.647503872], [4.959778428, 45.646597984], [4.959704176, 45.643556514], [4.959102784, 45.641948321], [4.952582582, 45.645646639], [4.94629729, 45.648050622], [4.935217174, 45.652847208], [4.918644358, 45.659546019], [4.917077061, 45.648190874], [4.892276286, 45.641759501], [4.89475953, 45.652148301], [4.897021834, 45.66007366], [4.888046702, 45.664479624], [4.883800199, 45.662532195], [4.873581157, 45.663934014], [4.857556355, 45.663347434], [4.857621365, 45.660997253], [4.856964312, 45.656842209], [4.856425447, 45.651612445], [4.856185451, 45.641657029], [4.856343565, 45.639018886], [4.852973183, 45.638910495], [4.853095693, 45.635127219], [4.851952311, 45.634377719], [4.849035895, 45.634051874], [4.845247139, 45.632320717], [4.842469508, 45.632457202], [4.840769462, 45.632104017], [4.839497521, 45.630491803], [4.838252592, 45.630194191], [4.836496739, 45.631639699], [4.830670295, 45.632175089], [4.828001725, 45.631765407], [4.826054511, 45.632517599], [4.822016892, 45.633420714], [4.822887874, 45.636400603], [4.82394808, 45.638144335], [4.820271765, 45.642005795], [4.817300171, 45.639691228], [4.812554996, 45.63810232], [4.810503496, 45.636698697], [4.808524695, 45.63598472], [4.807686476, 45.632725885], [4.80722532, 45.628154052], [4.807477453, 45.624983086], [4.80723169, 45.622093035], [4.806134332, 45.61969584], [4.804319638, 45.617970366], [4.802014165, 45.613898263], [4.801014155, 45.608127198], [4.79473655, 45.602589989], [4.792059128, 45.599790041], [4.789244553, 45.596071694], [4.787398568, 45.59440952], [4.785405199, 45.593306294], [4.781814143, 45.592067135], [4.777769922, 45.589733467], [4.77690293, 45.587539544], [4.776933815, 45.586061901], [4.778659363, 45.583149662], [4.780466067, 45.581332267], [4.781755647, 45.580629103], [4.786129722, 45.57908254], [4.791098219, 45.577640725], [4.795231064, 45.576145381], [4.803273436, 45.574116166], [4.80526058, 45.573423151], [4.808808134, 45.572798676], [4.803086601, 45.570224495], [4.794794813, 45.566749863], [4.792607423, 45.565568816], [4.787960226, 45.564293581], [4.787516115, 45.563325181], [4.783339233, 45.561354142], [4.77806921, 45.560630611], [4.775681281, 45.559093939], [4.771597412, 45.559449316], [4.766567317, 45.557069587], [4.762624463, 45.562948204], [4.762325909, 45.564972252], [4.758783545, 45.568508934], [4.75859489, 45.572911796], [4.75796115, 45.575170752], [4.757813178, 45.577299614], [4.75661235, 45.577531849], [4.752644006, 45.575948211], [4.75037543, 45.576646468], [4.74771882, 45.5764293], [4.74632552, 45.574826998], [4.745389722, 45.572518639], [4.744088913, 45.571486818], [4.741233704, 45.570041333], [4.741486767, 45.573770789], [4.739825753, 45.57531778], [4.738543397, 45.575732122], [4.736254894, 45.575348668], [4.734664191, 45.577140383], [4.733328582, 45.576469252], [4.730564644, 45.576467699], [4.728071745, 45.575780089], [4.725764062, 45.57444829], [4.724255629, 45.575142451], [4.718313754, 45.573032147], [4.716117011, 45.574196067], [4.714325604, 45.573498346], [4.713002117, 45.574204845]]]], ""type"": ""MultiPolygon""}";45.763270576,4.85388642
63665.224;0;0.0;6;340554.456;3;45783.178;17;131565.513;3;167.339;"{""coordinates"": [[[[4.713002117, 45.574204845], [4.712290356, 45.574330075], [4.710681579, 45.576349588], [4.710353172, 45.578509028], [4.710861342, 45.580471098], [4.710327182, 45.581242107], [4.712081375, 45.583552692], [4.712275448, 45.58506019], [4.710902507, 45.586750964], [4.709180936, 45.587205873], [4.70336813, 45.588024536], [4.70523051, 45.588683532], [4.709467278, 45.588587678], [4.715102857, 45.589090011], [4.71870673, 45.5891854], [4.719961712, 45.592339343], [4.720119882, 45.594376988], [4.722882313, 45.59318722], [4.725911101, 45.591243919], [4.727405924, 45.590799442], [4.731548203, 45.590384464], [4.734083758, 45.589870726], [4.735840838, 45.590143547], [4.73656651, 45.590907841], [4.739530748, 45.591954568], [4.74623405, 45.591591274], [4.749872129, 45.593128055], [4.751218918, 45.594174417], [4.752030047, 45.595888422], [4.755381894, 45.598339198], [4.756496896, 45.600687928], [4.756030219, 45.602805556], [4.757397018, 45.604228933], [4.759145607, 45.604539361], [4.75840748, 45.605824494], [4.758140354, 45.607920999], [4.761365749, 45.609632313], [4.762836166, 45.611882653], [4.764149005, 45.609422068], [4.765597257, 45.610208177], [4.76797985, 45.610270733], [4.769376507, 45.610764877], [4.770862164, 45.609666057], [4.773488249, 45.609638195], [4.7742526, 45.610704286], [4.773794853, 45.611959883], [4.774981461, 45.614146996], [4.778158649, 45.614928173], [4.78015335, 45.614775032], [4.784182292, 45.616335183], [4.789180742, 45.618021192], [4.788695666, 45.622119031], [4.791168504, 45.62138254], [4.793328518, 45.621531877], [4.796489423, 45.62317479], [4.798329951, 45.622297817], [4.80249428, 45.621239494], [4.803651295, 45.624368948], [4.804392294, 45.628201318], [4.804420213, 45.632092861], [4.805923697, 45.634536704], [4.804781215, 45.635567437], [4.800193491, 45.634336682], [4.800232768, 45.635624075], [4.797354236, 45.63621952], [4.796194115, 45.637147763], [4.792014899, 45.636278546], [4.789967872, 45.637418098], [4.786834204, 45.636837396], [4.786516202, 45.638323214], [4.784017694, 45.637969237], [4.781049197, 45.638970105], [4.778946418, 45.638983546], [4.777671649, 45.643711695], [4.77567835, 45.648026031], [4.771167956, 45.649023018], [4.769562294, 45.650418247], [4.772209978, 45.650603574], [4.775049936, 45.651698225], [4.779003541, 45.652353681], [4.779506525, 45.654896544], [4.783868489, 45.65542108], [4.782124706, 45.657429362], [4.786318364, 45.658582466], [4.78503872, 45.66072394], [4.789709198, 45.662073824], [4.7890195, 45.66529673], [4.786601431, 45.664766774], [4.783698598, 45.667011435], [4.784794567, 45.668809006], [4.787692541, 45.669554763], [4.785944411, 45.672035145], [4.785654355, 45.673279127], [4.781165478, 45.672727821], [4.781488314, 45.674654743], [4.779831324, 45.674828659], [4.779904368, 45.676660454], [4.779229467, 45.67808884], [4.7799288, 45.678898339], [4.779183919, 45.680389078], [4.779841679, 45.681782897], [4.779050009, 45.68321853], [4.775270407, 45.683449299], [4.774162972, 45.684018884], [4.773895536, 45.685257071], [4.774946424, 45.687450863], [4.773347387, 45.689164882], [4.770844216, 45.688533231], [4.770334768, 45.689199658], [4.765219197, 45.688093701], [4.764416, 45.689787008], [4.766336926, 45.692108658], [4.766769001, 45.694249176], [4.7661315, 45.696544274], [4.766478865, 45.698687923], [4.76761643, 45.702348584], [4.767878778, 45.705569915], [4.768958427, 45.707774126], [4.772569781, 45.712310111], [4.773140786, 45.713678318], [4.775203398, 45.714728505], [4.77766554, 45.717405349], [4.778261049, 45.718490323], [4.778649957, 45.720907109], [4.780394331, 45.722805299], [4.778788929, 45.723548515], [4.776244454, 45.724043501], [4.775577987, 45.725755451], [4.773337827, 45.72644013], [4.77175247, 45.728617765], [4.763252841, 45.726766766], [4.740173675, 45.72758747], [4.735377436, 45.725275442], [4.735047244, 45.727621456], [4.734218057, 45.729189731], [4.730924576, 45.732441449], [4.72697585, 45.732805544], [4.725567307, 45.733541369], [4.727141239, 45.735794244], [4.727317437, 45.73781092], [4.725011507, 45.73790567], [4.722146641, 45.737276641], [4.721834464, 45.735761025], [4.718822192, 45.735433198], [4.718064311, 45.736086048], [4.712614442, 45.736084299], [4.710983293, 45.738239217], [4.708351644, 45.739324833], [4.707641862, 45.741373865], [4.706348681, 45.742694951], [4.70946671, 45.742563958], [4.710016405, 45.743367153], [4.70940825, 45.745582185], [4.710121986, 45.746821533], [4.710199091, 45.751558943], [4.714195133, 45.752923182], [4.715962855, 45.754121252], [4.715648915, 45.756649792], [4.716658334, 45.758824038], [4.714746781, 45.758926072], [4.70778673, 45.760262025], [4.705916324, 45.760823542], [4.712615416, 45.765056197], [4.714590039, 45.767850799], [4.712416795, 45.768198154], [4.711857478, 45.769835109], [4.711659188, 45.773986745], [4.709559399, 45.773721351], [4.705463151, 45.77382568], [4.704709515, 45.774846753], [4.699497489, 45.77772115], [4.696448192, 45.778227295], [4.6920283, 45.784208535], [4.691760301, 45.789287077], [4.692163993, 45.790234862], [4.695136061, 45.791090957], [4.70104823, 45.791128999], [4.704536619, 45.792688618], [4.706405882, 45.79430505], [4.703185831, 45.795356167], [4.702672216, 45.796989679], [4.701670087, 45.797480361], [4.700273333, 45.803096553], [4.695145215, 45.809553323], [4.69333894, 45.811340393], [4.692678929, 45.812582445], [4.69433654, 45.819043508], [4.694571952, 45.825201653], [4.697557365, 45.825717049], [4.700420656, 45.827828445], [4.701455631, 45.82616998], [4.704957543, 45.82534256], [4.706189959, 45.826326427], [4.709936439, 45.827032656], [4.711505056, 45.82809334], [4.71356793, 45.828264716], [4.714901706, 45.829518065], [4.716875376, 45.828145128], [4.720905401, 45.823101989], [4.725527522, 45.823260234], [4.725395252, 45.825787835], [4.729779172, 45.825778414], [4.731453435, 45.826376045], [4.7371834, 45.826601492], [4.732622632, 45.831157985], [4.737324663, 45.833299695], [4.735724872, 45.837454944], [4.735404664, 45.83899197], [4.73332725, 45.841039653], [4.734523993, 45.842747041], [4.734228348, 45.844493551], [4.735405641, 45.845374379], [4.734634327, 45.846297743], [4.734959385, 45.847986985], [4.734699277, 45.851110135], [4.735102968, 45.853249425], [4.736616402, 45.854073741], [4.736704907, 45.855206374], [4.73584717, 45.856418399], [4.733172866, 45.857131381], [4.733884998, 45.860143235], [4.734540263, 45.861139271], [4.736146042, 45.865791997], [4.737584169, 45.86589239], [4.735614173, 45.869826339], [4.737759779, 45.870688674], [4.74270386, 45.87070622], [4.742437711, 45.872444193], [4.742837362, 45.877582896], [4.746467709, 45.878975208], [4.749264965, 45.871052514], [4.753088248, 45.860755758], [4.755143262, 45.857233589], [4.761799885, 45.849921562], [4.766039287, 45.848034121], [4.771028823, 45.850372638], [4.771983482, 45.852927419], [4.774608485, 45.855391119], [4.777801468, 45.855271568], [4.778161342, 45.855958559], [4.780612054, 45.856324387], [4.782574133, 45.857125716], [4.782295237, 45.860263725], [4.783104946, 45.861264263], [4.785514544, 45.861466707], [4.786426188, 45.86489576], [4.78769402, 45.865745809], [4.787336207, 45.86886797], [4.78902049, 45.869714121], [4.789765311, 45.871170507], [4.789623883, 45.874481104], [4.790013828, 45.877317613], [4.788530486, 45.879493823], [4.790026039, 45.883056832], [4.789915561, 45.885295078], [4.788468886, 45.885546759], [4.789368726, 45.888554447], [4.789353084, 45.891132566], [4.789986508, 45.891810692], [4.78725675, 45.892954561], [4.788465198, 45.894657635], [4.789630907, 45.894644594], [4.792940457, 45.896215268], [4.79342579, 45.897294746], [4.791032489, 45.897801958], [4.783327801, 45.897665227], [4.783207174, 45.897286124], [4.778162949, 45.897839341], [4.776573672, 45.897560779], [4.77593259, 45.894479578], [4.774249915, 45.895984977], [4.772403082, 45.896881335], [4.770190581, 45.89719882], [4.768613539, 45.898586285], [4.76355866, 45.897483495], [4.763768795, 45.896430882], [4.75884308, 45.898113586], [4.757674322, 45.899287378], [4.755865615, 45.898881333], [4.750964728, 45.898963634], [4.749830899, 45.899292832], [4.750664102, 45.901765006], [4.746541401, 45.900845177], [4.742795225, 45.900812904], [4.738376515, 45.902690447], [4.737581729, 45.902565754], [4.733861478, 45.911317407], [4.73764045, 45.911671938], [4.740739584, 45.916524153], [4.743281486, 45.918431445], [4.744493823, 45.918611812], [4.746706461, 45.922460641], [4.749626751, 45.922490272], [4.755692464, 45.930383838], [4.758452166, 45.930383314], [4.761729311, 45.929772086], [4.762234515, 45.931079266], [4.761117868, 45.934952621], [4.765521025, 45.93639901], [4.769147427, 45.938252794], [4.772346713, 45.939182712], [4.775165354, 45.939034046], [4.777730599, 45.938314631], [4.780130814, 45.936485362], [4.788706988, 45.924293026], [4.791227361, 45.922576899], [4.79403235, 45.921917254], [4.801240223, 45.92254311], [4.805708908, 45.922007993], [4.808011186, 45.921019149], [4.810292083, 45.918164288], [4.810703619, 45.91505739], [4.810482243, 45.911657978], [4.810921928, 45.909173933], [4.809519903, 45.90640051], [4.807331179, 45.904734034], [4.804920524, 45.903496203], [4.803428472, 45.900678212], [4.805150279, 45.896290315], [4.809726222, 45.897555651], [4.813738297, 45.90041874], [4.81576335, 45.900836606], [4.816152748, 45.901534724], [4.818262917, 45.902379927], [4.820998583, 45.902786272], [4.823738478, 45.90472283], [4.827884912, 45.905879982], [4.830062513, 45.906180737], [4.832811118, 45.908015159], [4.836202599, 45.909775128], [4.839359913, 45.910195809], [4.842023367, 45.911204522], [4.844602414, 45.911538997], [4.845675896, 45.912306027], [4.84854667, 45.913294994], [4.849806328, 45.912878074], [4.850790653, 45.910872236], [4.851871026, 45.910421295], [4.852937676, 45.908603244], [4.852945562, 45.906842167], [4.857169212, 45.906820624], [4.858691175, 45.906153391], [4.862545642, 45.90547927], [4.867931492, 45.903661908], [4.871342321, 45.90311551], [4.871998085, 45.903505488], [4.87271534, 45.899173635], [4.871848303, 45.893510592], [4.873166706, 45.893550007], [4.875828274, 45.896479245], [4.877722875, 45.896995452], [4.880132874, 45.897000441], [4.880717747, 45.897505942], [4.883318515, 45.883232626], [4.884260309, 45.880146279], [4.889799248, 45.879425987], [4.89012253, 45.878172142], [4.895318692, 45.877992353], [4.896396408, 45.877568038], [4.89984023, 45.877771423], [4.9020601, 45.877522412], [4.902291274, 45.875887257], [4.903699718, 45.874885324], [4.906882682, 45.874820858], [4.908975231, 45.874325248], [4.907623874, 45.871494473], [4.908515628, 45.87069576], [4.907993056, 45.868785075], [4.903872216, 45.865389372], [4.901988341, 45.863216052], [4.900743029, 45.855812099], [4.903498951, 45.855209037], [4.909166626, 45.853258753], [4.913300472, 45.848237365], [4.913902166, 45.845889711], [4.917037545, 45.845208718], [4.917778765, 45.841875045], [4.916915395, 45.840579999], [4.918323872, 45.839538232], [4.917701268, 45.837197828], [4.918676346, 45.836925453], [4.918602287, 45.833831709], [4.921566553, 45.832735534], [4.92146909, 45.830565464], [4.919245335, 45.829608842], [4.920352935, 45.828038909], [4.919258814, 45.827625146], [4.920528816, 45.824577009], [4.919917994, 45.824462191], [4.91964167, 45.821999715], [4.922429228, 45.81932568], [4.920011144, 45.817843644], [4.919301636, 45.816926126], [4.920213033, 45.815796393], [4.919988967, 45.814168933], [4.919043096, 45.814121061], [4.918233803, 45.811553246], [4.918388873, 45.806971166], [4.922061762, 45.80625654], [4.923740419, 45.805234409], [4.92376306, 45.804072946], [4.929905615, 45.80534085], [4.941513283, 45.809244772], [4.946122289, 45.809622098], [4.951903121, 45.808932291], [4.9639205, 45.810852379], [4.970125877, 45.807587055], [4.974903232, 45.807482858], [4.980365061, 45.805455012], [4.981818043, 45.805531299], [4.993249447, 45.808119728], [4.995274726, 45.808383007], [4.999488192, 45.810382949], [5.00244195, 45.81024592], [5.006069133, 45.807160302], [5.010726784, 45.805397474], [5.014156067, 45.805204822], [5.019739747, 45.806516581], [5.021790596, 45.808495826], [5.028424904, 45.809746006], [5.034834339, 45.807892132], [5.036727564, 45.807747192], [5.038057341, 45.808598759], [5.041038892, 45.810506814], [5.045400971, 45.811843008], [5.049337138, 45.812110321], [5.055534503, 45.811351779], [5.058442005, 45.810320536], [5.059775634, 45.803565455], [5.05941127, 45.802291171], [5.059941275, 45.799996178], [5.059071942, 45.796265629], [5.057658619, 45.792792714], [5.059088485, 45.792046898], [5.060290484, 45.788473119], [5.060149627, 45.785007625], [5.059732291, 45.782137201], [5.057152569, 45.782007709], [5.057524637, 45.776719562], [5.054734637, 45.776674926], [5.053043512, 45.775369836], [5.052377299, 45.772960625], [5.052140646, 45.768599686], [5.052330676, 45.765468675], [5.046446646, 45.765166622], [5.043712705, 45.765299063], [5.036081496, 45.767596261], [5.035898461, 45.766855513], [5.036467523, 45.762320581], [5.041016776, 45.756739933], [5.046521222, 45.752516362], [5.047588533, 45.751143099], [5.039696513, 45.751302337], [5.035501784, 45.751860953], [5.031604249, 45.751720452], [5.022869252, 45.75191261], [5.021928425, 45.752398791], [5.018982308, 45.75234258], [5.014992079, 45.751529381], [4.994876345, 45.746630994], [4.993622108, 45.744353498], [4.990348688, 45.744948189], [4.980297759, 45.735277931], [4.978761889, 45.733588932], [4.977701889, 45.729738728], [4.976218398, 45.72720566], [4.973485383, 45.720756303], [4.974413407, 45.718006219], [4.976927008, 45.712132383], [4.982344605, 45.714695383], [4.993505567, 45.710551317], [5.000030668, 45.708236903], [4.998277405, 45.703338073], [4.994199746, 45.693395532], [4.989542761, 45.689745983], [4.98790628, 45.688949769], [4.9895697, 45.687278297], [4.990928296, 45.685174413], [4.991094336, 45.677752734], [4.988634331, 45.678381699], [4.984896458, 45.679856441], [4.980509501, 45.681010088], [4.97458711, 45.681167221], [4.969115578, 45.676769104], [4.971351368, 45.675974248], [4.974358341, 45.675403631], [4.974716869, 45.668670433], [4.968761785, 45.668124359], [4.969566999, 45.66493779], [4.970766576, 45.664134937], [4.969235042, 45.661420713], [4.970563465, 45.661316402], [4.970440558, 45.659920569], [4.969339381, 45.659803821], [4.969224682, 45.655315527], [4.966244167, 45.654901931], [4.966273413, 45.65337463], [4.964394631, 45.653456072], [4.963366651, 45.651342807], [4.960350115, 45.651137763], [4.960923352, 45.650315294], [4.960512701, 45.648474989], [4.959018091, 45.647503872], [4.959778428, 45.646597984], [4.959704176, 45.643556514], [4.959102784, 45.641948321], [4.952582582, 45.645646639], [4.94629729, 45.648050622], [4.935217174, 45.652847208], [4.918644358, 45.659546019], [4.917077061, 45.648190874], [4.892276286, 45.641759501], [4.89475953, 45.652148301], [4.897021834, 45.66007366], [4.888046702, 45.664479624], [4.883800199, 45.662532195], [4.873581157, 45.663934014], [4.857556355, 45.663347434], [4.857621365, 45.660997253], [4.856964312, 45.656842209], [4.856425447, 45.651612445], [4.856185451, 45.641657029], [4.856343565, 45.639018886], [4.852973183, 45.638910495], [4.853095693, 45.635127219], [4.851952311, 45.634377719], [4.849035895, 45.634051874], [4.845247139, 45.632320717], [4.842469508, 45.632457202], [4.840769462, 45.632104017], [4.839497521, 45.630491803], [4.838252592, 45.630194191], [4.836496739, 45.631639699], [4.830670295, 45.632175089], [4.828001725, 45.631765407], [4.826054511, 45.632517599], [4.822016892, 45.633420714], [4.822887874, 45.636400603], [4.82394808, 45.638144335], [4.820271765, 45.642005795], [4.817300171, 45.639691228], [4.812554996, 45.63810232], [4.810503496, 45.636698697], [4.808524695, 45.63598472], [4.807686476, 45.632725885], [4.80722532, 45.628154052], [4.807477453, 45.624983086], [4.80723169, 45.622093035], [4.806134332, 45.61969584], [4.804319638, 45.617970366], [4.802014165, 45.613898263], [4.801014155, 45.608127198], [4.79473655, 45.602589989], [4.792059128, 45.599790041], [4.789244553, 45.596071694], [4.787398568, 45.59440952], [4.785405199, 45.593306294], [4.781814143, 45.592067135], [4.777769922, 45.589733467], [4.77690293, 45.587539544], [4.776933815, 45.586061901], [4.778659363, 45.583149662], [4.780466067, 45.581332267], [4.781755647, 45.580629103], [4.786129722, 45.57908254], [4.791098219, 45.577640725], [4.795231064, 45.576145381], [4.803273436, 45.574116166], [4.80526058, 45.573423151], [4.808808134, 45.572798676], [4.803086601, 45.570224495], [4.794794813, 45.566749863], [4.792607423, 45.565568816], [4.787960226, 45.564293581], [4.787516115, 45.563325181], [4.783339233, 45.561354142], [4.77806921, 45.560630611], [4.775681281, 45.559093939], [4.771597412, 45.559449316], [4.766567317, 45.557069587], [4.762624463, 45.562948204], [4.762325909, 45.564972252], [4.758783545, 45.568508934], [4.75859489, 45.572911796], [4.75796115, 45.575170752], [4.757813178, 45.577299614], [4.75661235, 45.577531849], [4.752644006, 45.575948211], [4.75037543, 45.576646468], [4.74771882, 45.5764293], [4.74632552, 45.574826998], [4.745389722, 45.572518639], [4.744088913, 45.571486818], [4.741233704, 45.570041333], [4.741486767, 45.573770789], [4.739825753, 45.57531778], [4.738543397, 45.575732122], [4.736254894, 45.575348668], [4.734664191, 45.577140383], [4.733328582, 45.576469252], [4.730564644, 45.576467699], [4.728071745, 45.575780089], [4.725764062, 45.57444829], [4.724255629, 45.575142451], [4.718313754, 45.573032147], [4.716117011, 45.574196067], [4.714325604, 45.573498346], [4.713002117, 45.574204845]]]], ""type"": ""MultiPolygon""}";45.763270576,4.85388642
217.84507260312023;0;0.0;0;0.0;0;0.0;0;0.0;0;0.0;;45.703383044,5.045097281
542.4691294899237;0;0.0;0;0.0;0;0.0;0;0.0;0;0.0;;45.621392169,4.882790254
50.82771862515164;0;0.0;0;0.0;1;19712.2;1;4591.732;1;66.966;;
60.38434093218359;0;0.0;0;0.0;0;0.0;0;0.0;0;0.0;;
31121.065903862727;0;0.0;0;0.0;0;0.0;0;0.0;0;0.0;;
35719.89948394448;0;0.0;0;0.0;0;0.0;0;0.0;0;0.0;;
814.5892562169274;;;0;0.0;0;0.0;0;0.0;0;0.0;;45.724661893,4.652947491
1544.8542662187785;0;0.0;0;0.0;0;0.0;2;1600.293;0;0.0;;
241.283969228813;0;0.0;0;0.0;0;0.0;0;0.0;0;0.0;;
474.28713095851;0;0.0;0;0.0;0;0.0;0;0.0;0;0.0;;45.80718942,4.593656849
1290.4772235868336;0;0.0;0;0.0;0;0.0;0;0.0;0;0.0;;45.922892327,4.629186507
194.29397351382408;0;0.0;0;0.0;0;0.0;0;0.0;0;0.0;;
413.3622777957586;0;0.0;0;0.0;0;0.0;0;0.0;0;0.0;;
119.22940618181924;0;0.0;0;0.0;0;0.0;0;0.0;0;0.0;;45.922892327,4.629186507
406.3159559001634;0;0.0;0;0.0;0;0.0;0;0.0;0;0.0;;45.724661893,4.652947491
129.395;0;0.0;0;0.0;0;0.0;0;0.0;0;0.0;;45.922892327,4.629186507
2782.703;;;0;0.0;0;0.0;0;0.0;0;0.0;;45.688444196,4.463245904
267.565;0;0.0;0;0.0;0;0.0;0;0.0;0;0.0;;46.182149206,4.603756722
0.0;0;0.0;1;130.206;0;0.0;0;0.0;0;0.0;;46.182149206,4.603756722
1302.995;;;0;0.0;0;0.0;0;0.0;0;0.0;;45.724661893,4.652947491
320.16340299837117;0;0.0;0;0.0;0;0.0;0;0.0;0;0.0;;45.703383044,5.045097281
340.4101325974203;0;0.0;0;0.0;0;0.0;0;0.0;0;0.0;;
183.9249229943306;0;0.0;0;0.0;0;0.0;0;0.0;0;0.0;;
9174.159;0;0.0;0;0.0;0;0.0;0;0.0;0;0.0;;
470.6816197890622;0;0.0;0;0.0;0;0.0;0;0.0;0;0.0;;
66.56258706012767;0;0.0;0;0.0;0;0.0;0;0.0;0;0.0;;45.668787006,4.756202655
0.0;0;0.0;0;0.0;0;0.0;1;119.295;0;0.0;;45.703383044,5.045097281
436.4300924263587;0;0.0;0;0.0;0;0.0;0;0.0;0;0.0;;
67.86945531720332;0;0.0;0;0.0;0;0.0;0;0.0;0;0.0;;
340.8966026961554;0;0.0;0;0.0;0;0.0;0;0.0;0;0.0;;46.018032754,4.637633151
425.555;0;0.0;0;0.0;1;26162.393;1;1809.726;1;5.016;;46.018032754,4.637633151
1726.311;0;0.0;0;0.0;0;0.0;0;0.0;0;0.0;;45.703383044,5.045097281
103.061;0;0.0;1;2819.462;0;0.0;3;8007.843;1;89.15;;45.703383044,5.045097281
9218.49;0;0.0;0;0.0;0;0.0;3;1263.605;2;448.962;;45.763270576,4.85388642
1696.4953699078583;;;0;0.0;0;0.0;0;0.0;;;;45.724661893,4.652947491
650.6363527011251;0;0.0;0;0.0;0;0.0;0;0.0;0;0.0;;46.182149206,4.603756722
451.928;0;0.0;0;0.0;0;0.0;0;0.0;0;0.0;;45.724661893,4.652947491
1845.7575524600281;0;0.0;0;0.0;0;0.0;0;0.0;;;;45.922892327,4.629186507
1290.482;0;0.0;0;0.0;0;0.0;0;0.0;0;0.0;;45.703383044,5.045097281
43404.649666666664;0;0.0;6;385898.5009991667;2;44814.45283333334;17;166953.772;4;4160.5717495;;45.763270576,4.85388642
0.0;0;0.0;1;9120.737;0;0.0;1;9323.5715;4;18.001833333333334;;45.703383044,5.045097281
319.1424294057997;0;0.0;0;0.0;0;0.0;0;0.0;0;0.0;;46.018032754,4.637633151
1108.9880303399916;0;0.0;0;0.0;0;0.0;0;0.0;0;0.0;;45.518509644,4.869336959
1692.2741131268492;0;0.0;0;0.0;0;0.0;0;0.0;0;0.0;;45.922892327,4.629186507
992.595;0;0.0;0;0.0;0;0.0;0;0.0;0;0.0;;45.668787006,4.756202655
53.577;0;0.0;1;9053.304;0;0.0;2;9324.614;0;0.0;;45.703383044,5.045097281
601.474;0;0.0;0;0.0;0;0.0;0;0.0;0;0.0;;46.182149206,4.603756722
389.207;0;0.0;0;0.0;0;0.0;0;0.0;0;0.0;;45.922892327,4.629186507
12319.106676276575;0;0.0;0;0.0;0;0.0;;;0;0.0;;45.763270576,4.85388642
407.486;0;0.0;0;0.0;0;0.0;0;0.0;0;0.0;;45.668787006,4.756202655
1279.087;0;0.0;0;0.0;0;0.0;0;0.0;0;0.0;;45.703383044,5.045097281
443.31;0;0.0;0;0.0;0;0.0;0;0.0;0;0.0;;45.80718942,4.593656849
1533.617;0;0.0;0;0.0;0;0.0;0;0.0;0;0.0;"{""coordinates"": [[[[4.959102784, 45.641948321], [4.960025733, 45.639761424], [4.962757033, 45.638059129], [4.966511504, 45.636102892], [4.969354944, 45.633773343], [4.970495827, 45.63339667], [4.973041082, 45.631607297], [4.974840867, 45.629799423], [4.97582972, 45.627899472], [4.977340866, 45.626858668], [4.97771952, 45.624771252], [4.979327609, 45.621956015], [4.981345832, 45.620886415], [4.984065054, 45.620180936], [4.985738913, 45.619284869], [4.986704206, 45.619678576], [4.988795715, 45.618511162], [4.991525126, 45.616345178], [4.992506833, 45.615054112], [4.994696469, 45.615515233], [4.998231435, 45.61526784], [5.001546686, 45.614162209], [4.998083355, 45.6034389], [4.98151679, 45.609480653], [4.970942711, 45.613193804], [4.962776829, 45.610756815], [4.950230587, 45.608912312], [4.936212265, 45.608692406], [4.93263264, 45.60743257], [4.926254032, 45.605537827], [4.923613283, 45.606136979], [4.921357033, 45.606205268], [4.91976572, 45.60698276], [4.91860075, 45.606694583], [4.916609443, 45.607262673], [4.915063312, 45.606973748], [4.911535537, 45.607124732], [4.905480934, 45.606642884], [4.903642143, 45.60620023], [4.900851196, 45.606206898], [4.897790085, 45.604432793], [4.89646654, 45.603180574], [4.893425185, 45.602013118], [4.890891601, 45.601508096], [4.887980364, 45.60147954], [4.886483479, 45.601836129], [4.882260638, 45.601878057], [4.882265021, 45.600911497], [4.881081457, 45.598742518], [4.873836785, 45.59547311], [4.872050547, 45.595275875], [4.868878422, 45.595718652], [4.865898149, 45.594887228], [4.864274442, 45.593379317], [4.859995062, 45.590799343], [4.861201367, 45.589358036], [4.861447184, 45.586745463], [4.859351003, 45.582384604], [4.857942474, 45.580583021], [4.857785108, 45.576461203], [4.852848123, 45.578908881], [4.849000824, 45.579197403], [4.848977572, 45.579846306], [4.846899194, 45.58118021], [4.845190371, 45.581326263], [4.843392285, 45.582221352], [4.840423387, 45.582278097], [4.837548519, 45.583430303], [4.830894847, 45.587583975], [4.829052297, 45.587922008], [4.824691866, 45.587453324], [4.821348424, 45.587988513], [4.817525023, 45.588090011], [4.81562923, 45.5884503], [4.814765575, 45.587696834], [4.812697947, 45.58747078], [4.81039595, 45.589809189], [4.807392472, 45.58905407], [4.80636088, 45.589167023], [4.803964136, 45.587894964], [4.793134342, 45.587257552], [4.77690293, 45.587539544], [4.777769922, 45.589733467], [4.781814143, 45.592067135], [4.785405199, 45.593306294], [4.787398568, 45.59440952], [4.789244553, 45.596071694], [4.792059128, 45.599790041], [4.79473655, 45.602589989], [4.801014155, 45.608127198], [4.802014165, 45.613898263], [4.804319638, 45.617970366], [4.806134332, 45.61969584], [4.80723169, 45.622093035], [4.807477453, 45.624983086], [4.80722532, 45.628154052], [4.807686476, 45.632725885], [4.808524695, 45.63598472], [4.810503496, 45.636698697], [4.812554996, 45.63810232], [4.817300171, 45.639691228], [4.820271765, 45.642005795], [4.82394808, 45.638144335], [4.822887874, 45.636400603], [4.822016892, 45.633420714], [4.826054511, 45.632517599], [4.828001725, 45.631765407], [4.830670295, 45.632175089], [4.836496739, 45.631639699], [4.838252592, 45.630194191], [4.839497521, 45.630491803], [4.840769462, 45.632104017], [4.842469508, 45.632457202], [4.845247139, 45.632320717], [4.849035895, 45.634051874], [4.851952311, 45.634377719], [4.853095693, 45.635127219], [4.852973183, 45.638910495], [4.856343565, 45.639018886], [4.856185451, 45.641657029], [4.856425447, 45.651612445], [4.856964312, 45.656842209], [4.857621365, 45.660997253], [4.857556355, 45.663347434], [4.873581157, 45.663934014], [4.883800199, 45.662532195], [4.888046702, 45.664479624], [4.897021834, 45.66007366], [4.89475953, 45.652148301], [4.892276286, 45.641759501], [4.917077061, 45.648190874], [4.918644358, 45.659546019], [4.935217174, 45.652847208], [4.94629729, 45.648050622], [4.952582582, 45.645646639], [4.959102784, 45.641948321]]]], ""type"": ""MultiPolygon""}";45.621392169,4.882790254
2490.543;;;0;0.0;0;0.0;0;0.0;0;0.0;"{""coordinates"": [[[[4.599482546, 45.670924375], [4.597380854, 45.671950344], [4.595733879, 45.674090261], [4.595672887, 45.675316934], [4.593356555, 45.676036036], [4.592343139, 45.676850161], [4.590439535, 45.676957218], [4.589957885, 45.678349243], [4.590472278, 45.679661456], [4.59030354, 45.682955775], [4.587938206, 45.682025433], [4.586548647, 45.680975924], [4.583378422, 45.683793682], [4.583504904, 45.68650741], [4.580470408, 45.689639306], [4.579733396, 45.690967316], [4.575614303, 45.694932081], [4.578293415, 45.697298456], [4.581871536, 45.698372307], [4.581293533, 45.69915049], [4.575741937, 45.699955103], [4.57093502, 45.70141465], [4.567706262, 45.701238056], [4.564278274, 45.701515367], [4.562696537, 45.703947486], [4.564477713, 45.704249711], [4.565206339, 45.707285633], [4.567646878, 45.708214517], [4.570926243, 45.711154551], [4.572903174, 45.712272622], [4.576449181, 45.712821117], [4.57505468, 45.714506846], [4.568264969, 45.716321796], [4.566320078, 45.719060739], [4.568347238, 45.720900528], [4.573663, 45.720406728], [4.578200512, 45.721887029], [4.580555416, 45.723118569], [4.584957346, 45.723712446], [4.587458883, 45.724578814], [4.58919935, 45.724375958], [4.591006321, 45.723266963], [4.593284718, 45.722768234], [4.597114037, 45.72374531], [4.599805246, 45.725115798], [4.604552659, 45.729448108], [4.605141922, 45.73043136], [4.607845242, 45.732377022], [4.610315679, 45.733164979], [4.610945329, 45.734602467], [4.613685881, 45.735606257], [4.615456173, 45.735798869], [4.61634728, 45.736758828], [4.615218909, 45.73736314], [4.61402813, 45.740324501], [4.61163637, 45.741806998], [4.611082078, 45.743223575], [4.611678671, 45.745287503], [4.611667248, 45.747807756], [4.610598084, 45.749393809], [4.610365236, 45.751381322], [4.612014516, 45.752392636], [4.615705925, 45.752971187], [4.617670022, 45.756249418], [4.620936696, 45.757777804], [4.623103815, 45.759321026], [4.62586149, 45.760245036], [4.627398159, 45.762263816], [4.629290898, 45.762956137], [4.630607072, 45.764386314], [4.630635492, 45.766003525], [4.631331676, 45.767004925], [4.633281227, 45.768218755], [4.636568303, 45.769614911], [4.6372062, 45.772075327], [4.638311425, 45.773539105], [4.637443979, 45.774756812], [4.640160163, 45.778107532], [4.643800356, 45.77979468], [4.647533541, 45.783513204], [4.649792261, 45.784012509], [4.650212362, 45.787258745], [4.652122416, 45.789007853], [4.654010347, 45.789842157], [4.65608, 45.790122542], [4.657269226, 45.791095842], [4.661463867, 45.791950168], [4.669361009, 45.79320989], [4.670462273, 45.792925189], [4.67688864, 45.792507441], [4.678300756, 45.792878253], [4.682120632, 45.793079884], [4.685873831, 45.792024111], [4.688247509, 45.791795879], [4.691111195, 45.790919861], [4.692163993, 45.790234862], [4.691760301, 45.789287077], [4.6920283, 45.784208535], [4.696448192, 45.778227295], [4.699497489, 45.77772115], [4.704709515, 45.774846753], [4.705463151, 45.77382568], [4.709559399, 45.773721351], [4.711659188, 45.773986745], [4.711857478, 45.769835109], [4.712416795, 45.768198154], [4.714590039, 45.767850799], [4.712615416, 45.765056197], [4.705916324, 45.760823542], [4.70778673, 45.760262025], [4.714746781, 45.758926072], [4.716658334, 45.758824038], [4.715648915, 45.756649792], [4.715962855, 45.754121252], [4.714195133, 45.752923182], [4.710199091, 45.751558943], [4.710121986, 45.746821533], [4.70940825, 45.745582185], [4.710016405, 45.743367153], [4.70946671, 45.742563958], [4.706348681, 45.742694951], [4.707641862, 45.741373865], [4.708351644, 45.739324833], [4.710983293, 45.738239217], [4.712614442, 45.736084299], [4.718064311, 45.736086048], [4.718822192, 45.735433198], [4.721834464, 45.735761025], [4.722146641, 45.737276641], [4.725011507, 45.73790567], [4.727317437, 45.73781092], [4.727141239, 45.735794244], [4.725567307, 45.733541369], [4.72697585, 45.732805544], [4.730924576, 45.732441449], [4.734218057, 45.729189731], [4.735047244, 45.727621456], [4.735377436, 45.725275442], [4.73158745, 45.723053146], [4.725143318, 45.720777708], [4.72316204, 45.71905345], [4.719102614, 45.716985285], [4.717054751, 45.715424967], [4.716240468, 45.712387604], [4.71527938, 45.706976429], [4.71420532, 45.704799574], [4.710091731, 45.698647273], [4.707966198, 45.699745038], [4.706274635, 45.699870644], [4.704519573, 45.699103697], [4.703117227, 45.700439917], [4.699945134, 45.699445718], [4.69917782, 45.698150386], [4.696337803, 45.697248355], [4.697141959, 45.695808646], [4.696462042, 45.694257986], [4.694057803, 45.694022155], [4.692979487, 45.692594555], [4.691969415, 45.692514256], [4.690615884, 45.690615204], [4.688747472, 45.690370319], [4.68857629, 45.689140741], [4.68542128, 45.685934698], [4.680422261, 45.683730644], [4.674747033, 45.678955063], [4.670206733, 45.67833436], [4.665400862, 45.675673751], [4.66100428, 45.671908977], [4.659354904, 45.669088038], [4.658841112, 45.667332973], [4.654220631, 45.658273451], [4.647205048, 45.66478824], [4.641775503, 45.666617552], [4.637509928, 45.670024776], [4.632228415, 45.670279785], [4.629556597, 45.67064002], [4.628438915, 45.669635724], [4.626190506, 45.670108644], [4.624069053, 45.669086372], [4.623813283, 45.670264539], [4.619957711, 45.670958645], [4.617370482, 45.670128485], [4.613213777, 45.671776892], [4.610587213, 45.671667677], [4.605272751, 45.670839285], [4.601826373, 45.671387329], [4.599482546, 45.670924375]]]], ""type"": ""MultiPolygon""}";45.724661893,4.652947491
7117.134;0;0.0;0;0.0;0;0.0;0;0.0;0;0.0;"{""coordinates"": [[[[4.757134657, 45.455608759], [4.754415557, 45.457567072], [4.752361568, 45.459761717], [4.751152933, 45.460072411], [4.750355054, 45.461680874], [4.748014386, 45.463113426], [4.746279704, 45.46542277], [4.745487535, 45.467301312], [4.743511496, 45.470411469], [4.738556139, 45.472822024], [4.743707866, 45.473731038], [4.742080708, 45.477158191], [4.744539755, 45.479104198], [4.740703003, 45.483362761], [4.739652053, 45.48496516], [4.739459364, 45.486784826], [4.735389448, 45.488815818], [4.734586402, 45.489794664], [4.732089764, 45.490629421], [4.729077957, 45.490673153], [4.726177468, 45.492402969], [4.721965893, 45.494313148], [4.719867528, 45.49272049], [4.719500984, 45.491925401], [4.715693979, 45.491641396], [4.712549275, 45.488664941], [4.710483012, 45.488555942], [4.708437166, 45.48736218], [4.708271194, 45.485671435], [4.709720626, 45.483216639], [4.708647119, 45.481534313], [4.70248806, 45.479551858], [4.699461932, 45.477810789], [4.696399639, 45.476681744], [4.692732488, 45.479435529], [4.690153474, 45.479334795], [4.685717524, 45.479891478], [4.681713713, 45.479796631], [4.67905297, 45.481227102], [4.676415575, 45.481993367], [4.674688771, 45.478906441], [4.67342703, 45.478076834], [4.672280714, 45.476444802], [4.671812317, 45.474323507], [4.670602783, 45.474118155], [4.668860997, 45.47686228], [4.666390603, 45.477943761], [4.667465326, 45.478859085], [4.667705939, 45.480348813], [4.669820657, 45.482296132], [4.670596161, 45.48368783], [4.668694503, 45.484914006], [4.666930387, 45.485435586], [4.664408184, 45.48505871], [4.661663724, 45.486880889], [4.657613317, 45.485497015], [4.6550626, 45.486180432], [4.651469185, 45.491286979], [4.65075813, 45.493859824], [4.650933379, 45.495446917], [4.649947285, 45.496912383], [4.65304623, 45.498020545], [4.65424586, 45.499726747], [4.650611637, 45.510902541], [4.648570007, 45.521393759], [4.650347325, 45.522349383], [4.650218629, 45.523881506], [4.651988391, 45.52376182], [4.650394004, 45.52646114], [4.650465744, 45.531846075], [4.651919066, 45.531849931], [4.653261555, 45.533037076], [4.655078184, 45.532846404], [4.656928841, 45.533581088], [4.662286382, 45.5369425], [4.666335766, 45.54153448], [4.665189231, 45.542963733], [4.667030331, 45.543449814], [4.66668452, 45.545293217], [4.668425518, 45.546624693], [4.670951516, 45.545714404], [4.671711749, 45.547802567], [4.672569006, 45.548472521], [4.675162147, 45.548087132], [4.676438189, 45.548827371], [4.675285525, 45.55153578], [4.678355945, 45.551328742], [4.679772729, 45.549981777], [4.681662474, 45.549734647], [4.683192951, 45.550997899], [4.683565215, 45.552830605], [4.684459976, 45.554306017], [4.686357441, 45.556248243], [4.686108172, 45.557621916], [4.687476508, 45.558265179], [4.691602659, 45.557813154], [4.693676346, 45.558250276], [4.694466721, 45.560619762], [4.692431487, 45.561824015], [4.691641675, 45.563548099], [4.690474503, 45.564125883], [4.692343376, 45.565407349], [4.692451966, 45.566486531], [4.694992176, 45.567911862], [4.696404762, 45.569235271], [4.696739563, 45.570789299], [4.694416288, 45.571223345], [4.693653054, 45.57230846], [4.690986502, 45.572044173], [4.686156165, 45.572653535], [4.685563771, 45.573331624], [4.686720135, 45.574667102], [4.686514079, 45.576494071], [4.690421652, 45.576357925], [4.694501384, 45.575560649], [4.699304083, 45.574002027], [4.702591073, 45.572414825], [4.707141491, 45.571300118], [4.708335901, 45.571440493], [4.7114651, 45.572731314], [4.713002117, 45.574204845], [4.714325604, 45.573498346], [4.716117011, 45.574196067], [4.718313754, 45.573032147], [4.724255629, 45.575142451], [4.725764062, 45.57444829], [4.728071745, 45.575780089], [4.730564644, 45.576467699], [4.733328582, 45.576469252], [4.734664191, 45.577140383], [4.736254894, 45.575348668], [4.738543397, 45.575732122], [4.739825753, 45.57531778], [4.741486767, 45.573770789], [4.741233704, 45.570041333], [4.744088913, 45.571486818], [4.745389722, 45.572518639], [4.74632552, 45.574826998], [4.74771882, 45.5764293], [4.75037543, 45.576646468], [4.752644006, 45.575948211], [4.75661235, 45.577531849], [4.757813178, 45.577299614], [4.75796115, 45.575170752], [4.75859489, 45.572911796], [4.758783545, 45.568508934], [4.762325909, 45.564972252], [4.762624463, 45.562948204], [4.766567317, 45.557069587], [4.771597412, 45.559449316], [4.775681281, 45.559093939], [4.77806921, 45.560630611], [4.783339233, 45.561354142], [4.787516115, 45.563325181], [4.787960226, 45.564293581], [4.792607423, 45.565568816], [4.794794813, 45.566749863], [4.803086601, 45.570224495], [4.808808134, 45.572798676], [4.80526058, 45.573423151], [4.803273436, 45.574116166], [4.795231064, 45.576145381], [4.791098219, 45.577640725], [4.786129722, 45.57908254], [4.781755647, 45.580629103], [4.780466067, 45.581332267], [4.778659363, 45.583149662], [4.776933815, 45.586061901], [4.77690293, 45.587539544], [4.793134342, 45.587257552], [4.803964136, 45.587894964], [4.80636088, 45.589167023], [4.807392472, 45.58905407], [4.81039595, 45.589809189], [4.812697947, 45.58747078], [4.814765575, 45.587696834], [4.81562923, 45.5884503], [4.817525023, 45.588090011], [4.821348424, 45.587988513], [4.824691866, 45.587453324], [4.829052297, 45.587922008], [4.830894847, 45.587583975], [4.837548519, 45.583430303], [4.840423387, 45.582278097], [4.843392285, 45.582221352], [4.845190371, 45.581326263], [4.846899194, 45.58118021], [4.848977572, 45.579846306], [4.849000824, 45.579197403], [4.852848123, 45.578908881], [4.857785108, 45.576461203], [4.857942474, 45.580583021], [4.859351003, 45.582384604], [4.861447184, 45.586745463], [4.861201367, 45.589358036], [4.859995062, 45.590799343], [4.864274442, 45.593379317], [4.865898149, 45.594887228], [4.868878422, 45.595718652], [4.872050547, 45.595275875], [4.873836785, 45.59547311], [4.881081457, 45.598742518], [4.882265021, 45.600911497], [4.882260638, 45.601878057], [4.886483479, 45.601836129], [4.887980364, 45.60147954], [4.890891601, 45.601508096], [4.893425185, 45.602013118], [4.89646654, 45.603180574], [4.897790085, 45.604432793], [4.900851196, 45.606206898], [4.903642143, 45.60620023], [4.905480934, 45.606642884], [4.911535537, 45.607124732], [4.915063312, 45.606973748], [4.916609443, 45.607262673], [4.91860075, 45.606694583], [4.91976572, 45.60698276], [4.921357033, 45.606205268], [4.923613283, 45.606136979], [4.926254032, 45.605537827], [4.93263264, 45.60743257], [4.936212265, 45.608692406], [4.950230587, 45.608912312], [4.962776829, 45.610756815], [4.970942711, 45.613193804], [4.98151679, 45.609480653], [4.998083355, 45.6034389], [4.99387913, 45.601435448], [4.992422231, 45.600174075], [4.989359035, 45.600203981], [4.987384451, 45.598278833], [4.983872876, 45.595458398], [4.983877915, 45.594272907], [4.982677758, 45.593075345], [4.981277684, 45.592959503], [4.978172128, 45.591144202], [4.979867319, 45.589071444], [4.978524479, 45.588687037], [4.978337324, 45.584162215], [4.972185109, 45.574900632], [4.97082351, 45.56557017], [4.972277213, 45.566853467], [4.976293897, 45.566246062], [4.97950906, 45.566322794], [4.981492232, 45.567128256], [4.985755341, 45.567352071], [4.987129826, 45.568024066], [4.990637397, 45.571169609], [4.994099328, 45.571822551], [4.996481696, 45.571236201], [4.997224784, 45.571641855], [4.9999202, 45.57159303], [5.002873134, 45.572317812], [5.003234605, 45.571034087], [5.003214715, 45.568105155], [5.00224515, 45.566115529], [5.003938503, 45.563079501], [5.009328336, 45.554129648], [5.011404729, 45.553722286], [5.018256422, 45.550973696], [5.019405191, 45.549847815], [5.022320831, 45.549327877], [5.024859112, 45.54753287], [5.028305198, 45.546974389], [5.030000793, 45.545350305], [5.030019929, 45.542370213], [5.033454092, 45.538523972], [5.036913783, 45.53608416], [5.038194621, 45.534071124], [5.041923703, 45.536039143], [5.043210957, 45.537859619], [5.045443643, 45.538202717], [5.043504539, 45.536121192], [5.043328573, 45.535380354], [5.045527299, 45.532128181], [5.044899644, 45.52789517], [5.044311055, 45.526911432], [5.045267637, 45.525570783], [5.045859762, 45.525677098], [5.047954851, 45.523728376], [5.05364216, 45.520756458], [5.053403167, 45.517206375], [5.050672606, 45.51675274], [5.04972535, 45.515979157], [5.045667138, 45.517253888], [5.04466979, 45.511432356], [5.045053547, 45.51009493], [5.043062399, 45.507164044], [5.043292288, 45.505370032], [5.04672688, 45.503776162], [5.048454271, 45.50247367], [5.05286065, 45.495749994], [5.053420149, 45.494116571], [5.053779302, 45.491257259], [5.049863361, 45.492414271], [5.038394297, 45.490421665], [5.040624382, 45.487401407], [5.043702317, 45.48508718], [5.044999251, 45.482889103], [5.045747757, 45.482560193], [5.045863294, 45.480725927], [5.048481993, 45.480869118], [5.050455504, 45.478554133], [5.054161405, 45.479049338], [5.055701578, 45.478871606], [5.057505062, 45.479615018], [5.05757797, 45.48044239], [5.062090137, 45.479713715], [5.063763094, 45.479181231], [5.067610796, 45.479972443], [5.070153044, 45.47909416], [5.070891986, 45.477655501], [5.07507488, 45.47706839], [5.077892722, 45.478258417], [5.079580054, 45.478354169], [5.083233806, 45.474618432], [5.084905817, 45.470932022], [5.085267601, 45.469212921], [5.084592808, 45.466958205], [5.086313294, 45.464025722], [5.086911871, 45.461115889], [5.087008031, 45.457917244], [5.08781196, 45.45577465], [5.086461133, 45.453340666], [5.085610634, 45.450390231], [5.083788922, 45.44976022], [5.083184967, 45.447885219], [5.081683107, 45.44598635], [5.081640624, 45.443554151], [5.082457421, 45.443086798], [5.08055608, 45.44271494], [5.074630893, 45.442937306], [5.073603245, 45.442419453], [5.071687995, 45.442942167], [5.069238956, 45.442910817], [5.067696502, 45.442070926], [5.065840261, 45.442770803], [5.064748734, 45.442528782], [5.062366322, 45.444188596], [5.056002318, 45.447047377], [5.051006562, 45.447363138], [5.048984913, 45.448689084], [5.043381952, 45.450976552], [5.039867149, 45.450647798], [5.036650973, 45.452564513], [5.035496084, 45.452620607], [5.031838849, 45.451687974], [5.027435001, 45.453403439], [5.023086559, 45.453976469], [5.020632675, 45.453823435], [5.017883768, 45.454391756], [5.015801078, 45.454063497], [5.010781659, 45.45456073], [5.007401429, 45.455583277], [5.00429281, 45.457468292], [4.998598947, 45.457231199], [4.997292594, 45.45695812], [4.991623224, 45.457151697], [4.990760691, 45.456797701], [4.986823425, 45.457575493], [4.98492803, 45.457579323], [4.981684826, 45.458298711], [4.980564618, 45.458865247], [4.976291558, 45.459926022], [4.974808768, 45.459980958], [4.97051469, 45.459407933], [4.967356393, 45.460617216], [4.96459822, 45.460838494], [4.960320519, 45.461743807], [4.953228276, 45.461711684], [4.950783176, 45.461920864], [4.946395408, 45.461263877], [4.944426875, 45.461814135], [4.939972624, 45.461926377], [4.935764783, 45.45886181], [4.931700378, 45.459136337], [4.930189399, 45.459632526], [4.92784429, 45.459661142], [4.925299101, 45.459013092], [4.922202882, 45.457344895], [4.920547555, 45.455295268], [4.919162327, 45.452873501], [4.914234993, 45.449225992], [4.91242025, 45.448886751], [4.909940908, 45.447751752], [4.908196731, 45.446521328], [4.907030895, 45.445063971], [4.90451221, 45.443631387], [4.901161277, 45.443188342], [4.899648233, 45.440961279], [4.897104416, 45.439156064], [4.895902521, 45.436440907], [4.892412043, 45.436769181], [4.890182537, 45.437309384], [4.888055615, 45.437029064], [4.881894668, 45.434779058], [4.877816794, 45.434646562], [4.871361732, 45.433177329], [4.866136192, 45.432997806], [4.863744452, 45.431716245], [4.861379759, 45.43173571], [4.858090604, 45.432342397], [4.840873937, 45.446702575], [4.8376322, 45.446880033], [4.832936433, 45.446153444], [4.833819682, 45.448839314], [4.830434441, 45.449559329], [4.822968407, 45.45032312], [4.823133527, 45.450909495], [4.809321385, 45.456905714], [4.806921851, 45.458719665], [4.805615498, 45.45782559], [4.804151338, 45.458297694], [4.800422681, 45.458678245], [4.796721809, 45.458692544], [4.793690889, 45.455474229], [4.791443425, 45.453722267], [4.788982705, 45.452297914], [4.785519267, 45.450766981], [4.784651513, 45.453312633], [4.784566722, 45.455772869], [4.782695456, 45.457560772], [4.781354492, 45.457649625], [4.780877888, 45.456196272], [4.778816437, 45.454566306], [4.775261787, 45.454181279], [4.773570258, 45.454711521], [4.771503981, 45.456293355], [4.768954578, 45.457055036], [4.763362994, 45.4570512], [4.757134657, 45.455608759]]]], ""type"": ""MultiPolygon""}";45.518509644,4.869336959
3962.236;0;0.0;0;0.0;0;0.0;0;0.0;0;0.0;"{""coordinates"": [[[[4.475712735, 45.817957598], [4.465571171, 45.824340167], [4.46012752, 45.825278905], [4.45523466, 45.828107938], [4.453353608, 45.829521854], [4.453305077, 45.831739863], [4.453719834, 45.834475185], [4.452559407, 45.835031401], [4.449386015, 45.835378385], [4.448658239, 45.836613497], [4.445384471, 45.835247732], [4.442627243, 45.835004683], [4.440592849, 45.833921959], [4.434410507, 45.835243524], [4.429993453, 45.831953657], [4.42768443, 45.831396552], [4.427492293, 45.830094857], [4.425426174, 45.827764883], [4.421054482, 45.82689322], [4.42008497, 45.827565582], [4.4175348, 45.826987889], [4.416021735, 45.8276157], [4.413553179, 45.830525055], [4.410781698, 45.830162528], [4.406095226, 45.831244091], [4.403628664, 45.832232145], [4.402504374, 45.832250614], [4.398968745, 45.833407644], [4.395663926, 45.833813285], [4.392479627, 45.836546375], [4.39059184, 45.837460356], [4.387686063, 45.839553131], [4.386379753, 45.840128462], [4.384596232, 45.842176755], [4.382348627, 45.843709232], [4.382759567, 45.847612036], [4.390331777, 45.849999443], [4.39136737, 45.850537881], [4.392186176, 45.853823206], [4.393827798, 45.855694295], [4.394731049, 45.858385046], [4.396030853, 45.860442252], [4.394514479, 45.861341794], [4.393160963, 45.86374066], [4.394337816, 45.864858241], [4.39119701, 45.865044652], [4.385008829, 45.863903907], [4.378856509, 45.86398094], [4.376422582, 45.863151411], [4.373282769, 45.864877386], [4.368565348, 45.868131838], [4.36602624, 45.867012455], [4.36304381, 45.864538419], [4.361714813, 45.865638793], [4.355323135, 45.8689939], [4.350365216, 45.870855393], [4.348477933, 45.872445911], [4.348228054, 45.874249238], [4.347285893, 45.875002586], [4.342584759, 45.876957934], [4.341502027, 45.879093556], [4.340521125, 45.879798671], [4.339865805, 45.881432963], [4.339450568, 45.88429916], [4.338723771, 45.885648795], [4.337966248, 45.889347609], [4.336530185, 45.890439035], [4.334360031, 45.891310351], [4.331064058, 45.893686309], [4.328250267, 45.896171786], [4.326739456, 45.896852378], [4.323610442, 45.901051708], [4.323517417, 45.904161734], [4.326474136, 45.904802559], [4.327051465, 45.905741437], [4.330916971, 45.907415299], [4.334510343, 45.907857491], [4.336686365, 45.908797261], [4.339457449, 45.91144473], [4.340076513, 45.914141066], [4.341766065, 45.914323677], [4.346097537, 45.915749237], [4.339633863, 45.917003983], [4.337512432, 45.916096042], [4.335239914, 45.916298511], [4.335308496, 45.917637826], [4.336513704, 45.918117134], [4.338887798, 45.920605398], [4.337872793, 45.922435762], [4.338321839, 45.924028155], [4.339618757, 45.924822465], [4.341763803, 45.925042015], [4.345734792, 45.929005328], [4.346061949, 45.929929078], [4.344849753, 45.93092247], [4.340630536, 45.931028378], [4.339009966, 45.93168701], [4.336617629, 45.931552282], [4.335233565, 45.932598934], [4.332292725, 45.934015151], [4.331926467, 45.935256015], [4.330576311, 45.935255688], [4.32945412, 45.936625212], [4.323367611, 45.939565027], [4.321032495, 45.942797612], [4.319512494, 45.943582671], [4.31601792, 45.942126533], [4.316422078, 45.941482394], [4.314127123, 45.940250002], [4.311660707, 45.941136904], [4.311807266, 45.942358243], [4.310097803, 45.944680922], [4.307055422, 45.946006681], [4.305125625, 45.947325837], [4.301970067, 45.947698109], [4.300271045, 45.94704218], [4.299668213, 45.948632384], [4.298009486, 45.950343673], [4.297255603, 45.952158047], [4.29475628, 45.952942278], [4.293785715, 45.953838679], [4.296177107, 45.954336379], [4.297713247, 45.955250915], [4.300321396, 45.955955887], [4.301039045, 45.957638095], [4.300130063, 45.958735581], [4.30022949, 45.959938561], [4.298599878, 45.964924154], [4.297170349, 45.965860969], [4.295062908, 45.966256147], [4.293469407, 45.967528917], [4.293112207, 45.968927147], [4.292085296, 45.969472033], [4.290748245, 45.972159401], [4.287114371, 45.974401861], [4.283772728, 45.975783506], [4.280742563, 45.975902474], [4.27746792, 45.976619423], [4.27519722, 45.9786894], [4.275274433, 45.979903453], [4.271092484, 45.979663173], [4.265295067, 45.981075403], [4.26092345, 45.980846772], [4.257107111, 45.981569155], [4.25566989, 45.983124235], [4.253002902, 45.983610379], [4.248322197, 45.986677292], [4.24767613, 45.989352002], [4.249143454, 45.991269429], [4.248765769, 45.992333605], [4.24627229, 45.993657036], [4.244032561, 45.995864719], [4.244088559, 45.996741292], [4.249230842, 45.995460782], [4.253273147, 45.995819605], [4.257698602, 45.9947916], [4.259314236, 45.995488733], [4.260719585, 45.997552603], [4.260625265, 45.998230009], [4.262517187, 45.999585969], [4.262924936, 46.001980643], [4.264399817, 46.001883138], [4.265635422, 46.000934511], [4.267686806, 46.000339689], [4.268796006, 45.999349212], [4.267785723, 45.998126688], [4.265490974, 45.996901401], [4.266178195, 45.991949383], [4.267094467, 45.990834992], [4.269008828, 45.989749942], [4.26959273, 45.988401492], [4.270979143, 45.988013992], [4.272906109, 45.990051147], [4.273076769, 45.991731567], [4.274377195, 45.993821669], [4.277622334, 45.992789941], [4.280347469, 45.992793396], [4.282776359, 45.994444656], [4.285453035, 45.994471953], [4.287258701, 45.998416843], [4.289466506, 45.998224222], [4.290544468, 45.995864951], [4.292760986, 45.994342859], [4.293308224, 45.992006727], [4.293033122, 45.990361745], [4.29470444, 45.989841913], [4.296999009, 45.990057027], [4.299548208, 45.989126294], [4.300426503, 45.991192131], [4.302301475, 45.993820199], [4.303697842, 45.994238234], [4.305365334, 45.995571755], [4.306006608, 46.000759114], [4.308578962, 46.001059057], [4.312620347, 46.005623463], [4.312587759, 46.006803648], [4.309800417, 46.00861462], [4.309655807, 46.010304046], [4.307275256, 46.012274162], [4.307751071, 46.016195356], [4.308357844, 46.018608306], [4.306940706, 46.020825761], [4.305869089, 46.021700903], [4.303255896, 46.020917727], [4.301166169, 46.020728292], [4.299186357, 46.021524632], [4.297244365, 46.02140548], [4.292389219, 46.019393142], [4.290044415, 46.017859096], [4.288241407, 46.017154613], [4.287436619, 46.018338156], [4.285030952, 46.019115668], [4.280833357, 46.022219856], [4.279697915, 46.021537411], [4.276915568, 46.022806231], [4.271484635, 46.031873371], [4.269121436, 46.034750277], [4.267364197, 46.035763306], [4.262208289, 46.035413754], [4.260757202, 46.03799843], [4.26110663, 46.039532779], [4.260319411, 46.040788872], [4.258374924, 46.04143369], [4.257725284, 46.043958992], [4.252988763, 46.047117618], [4.25151515, 46.048574859], [4.250589958, 46.050262892], [4.254143866, 46.05211221], [4.253541908, 46.052431376], [4.257976432, 46.05454012], [4.26495838, 46.051757034], [4.267217339, 46.051723707], [4.277528735, 46.05382531], [4.278915504, 46.05293969], [4.281530781, 46.05337398], [4.283478517, 46.053138508], [4.285887219, 46.053753356], [4.289807477, 46.055993686], [4.290837758, 46.057560735], [4.291321734, 46.060045416], [4.295167357, 46.06145065], [4.295625323, 46.062547768], [4.300452499, 46.06523489], [4.299389604, 46.067504907], [4.301378805, 46.069985806], [4.304273521, 46.06977604], [4.304133509, 46.070800746], [4.301757104, 46.076451467], [4.301495019, 46.078662775], [4.309091572, 46.079965925], [4.311129722, 46.079308357], [4.31020186, 46.082186631], [4.3106954, 46.083127476], [4.309498992, 46.084028395], [4.310649162, 46.085855069], [4.310228139, 46.087467527], [4.309328273, 46.087889494], [4.309132772, 46.08946242], [4.310168902, 46.090085394], [4.312483788, 46.093735851], [4.310290124, 46.095439042], [4.310898292, 46.096458719], [4.308021408, 46.098508384], [4.305067988, 46.099470915], [4.306733149, 46.103346004], [4.306932762, 46.106239174], [4.308867758, 46.107078765], [4.309713441, 46.108226298], [4.309281942, 46.109896509], [4.316614342, 46.114792097], [4.32011854, 46.116837227], [4.319934415, 46.119198077], [4.321403321, 46.12362192], [4.322189837, 46.124657476], [4.321792301, 46.126544388], [4.321732028, 46.129851244], [4.322523285, 46.130757056], [4.327723525, 46.132443569], [4.333119319, 46.13475438], [4.333884864, 46.135977434], [4.342799294, 46.134341336], [4.34690844, 46.135870561], [4.352253959, 46.135830456], [4.35330424, 46.137286857], [4.356511224, 46.138305026], [4.359420782, 46.138242319], [4.361900188, 46.138752989], [4.363684516, 46.140122139], [4.365171235, 46.142544964], [4.368929002, 46.146455271], [4.370417266, 46.147419005], [4.374930732, 46.148619934], [4.377015179, 46.149994255], [4.381377268, 46.149954805], [4.382954564, 46.148885486], [4.387699884, 46.146786799], [4.390428097, 46.146965085], [4.393526033, 46.145220435], [4.397866027, 46.143310915], [4.40059453, 46.141627351], [4.406949844, 46.138803686], [4.408347608, 46.137181438], [4.411900858, 46.136308741], [4.417255029, 46.135998882], [4.417497453, 46.138061908], [4.416857399, 46.139013757], [4.418118146, 46.140172447], [4.421927612, 46.142086399], [4.422122117, 46.150542708], [4.425757356, 46.152501051], [4.430053148, 46.154484292], [4.433095502, 46.157142456], [4.434680421, 46.159715381], [4.43892813, 46.167886268], [4.440643659, 46.168055467], [4.44133846, 46.16884462], [4.455520611, 46.175658213], [4.461697121, 46.17872848], [4.46824534, 46.183306695], [4.468098464, 46.185085555], [4.470838572, 46.185769745], [4.475512037, 46.183846652], [4.478887887, 46.183293017], [4.481709855, 46.183261671], [4.481110525, 46.184979803], [4.480966662, 46.189783904], [4.479695838, 46.190650658], [4.478999815, 46.192635724], [4.479371969, 46.194796926], [4.477710639, 46.196674753], [4.479569987, 46.197713329], [4.481830748, 46.196901229], [4.483816129, 46.195309119], [4.48530928, 46.195322945], [4.487238524, 46.194009805], [4.489054633, 46.193596054], [4.490182621, 46.192391524], [4.490689293, 46.190850183], [4.493260021, 46.188150535], [4.500038882, 46.184618114], [4.502427939, 46.182366466], [4.505183766, 46.17879316], [4.509095481, 46.175400781], [4.510943664, 46.170861266], [4.510165683, 46.168830734], [4.510701377, 46.16568845], [4.507486282, 46.159211342], [4.50190863, 46.151615281], [4.504381553, 46.151390721], [4.507166341, 46.149027429], [4.506090046, 46.147961823], [4.504246405, 46.147406233], [4.500870227, 46.145773882], [4.498785492, 46.144024428], [4.502848142, 46.141204852], [4.506088887, 46.13762687], [4.507758594, 46.134833411], [4.520207379, 46.128243085], [4.522938938, 46.125241525], [4.530205276, 46.121142214], [4.53243544, 46.108978469], [4.536445024, 46.106359191], [4.540466954, 46.104193531], [4.540755707, 46.10137865], [4.542100587, 46.09873766], [4.541953664, 46.097331923], [4.545244766, 46.093746658], [4.550452527, 46.091215015], [4.551860942, 46.086495199], [4.55095214, 46.085389902], [4.54961529, 46.083333039], [4.549277426, 46.080990524], [4.548326624, 46.078068243], [4.547381107, 46.07643293], [4.545042153, 46.07457702], [4.543965559, 46.072600313], [4.542986654, 46.072118268], [4.541821288, 46.069002511], [4.541697425, 46.067631586], [4.540592401, 46.066616242], [4.538993635, 46.063954875], [4.538933017, 46.062021076], [4.537169797, 46.058051455], [4.537730066, 46.056713582], [4.535336088, 46.055624695], [4.536748864, 46.052527999], [4.535978389, 46.048471952], [4.535348918, 46.046867392], [4.536087884, 46.045817119], [4.535511, 46.043964167], [4.532952247, 46.042278529], [4.531487074, 46.041913748], [4.528773101, 46.042172839], [4.524199365, 46.04010256], [4.521323637, 46.037458124], [4.522683557, 46.036504082], [4.518175177, 46.035885452], [4.515915554, 46.033337108], [4.516731559, 46.03099439], [4.513744637, 46.026863375], [4.513903669, 46.025876832], [4.515511778, 46.025489674], [4.518638586, 46.026630386], [4.519495872, 46.026164064], [4.524815971, 46.02628806], [4.525580204, 46.025545539], [4.530356192, 46.023587964], [4.532498298, 46.023161828], [4.535667108, 46.0232054], [4.53840941, 46.021774884], [4.539205539, 46.020656259], [4.53903574, 46.018931093], [4.540124505, 46.018154341], [4.543240854, 46.018549669], [4.545129228, 46.017569234], [4.545231714, 46.016753636], [4.542974624, 46.01491191], [4.543875104, 46.013096516], [4.545966783, 46.012687918], [4.544519848, 46.01147464], [4.544045695, 46.009641045], [4.544677642, 46.008577753], [4.547531171, 46.008516299], [4.549429041, 46.008025619], [4.548242481, 46.006463873], [4.548642221, 46.004134693], [4.550251289, 46.002849054], [4.54596844, 45.998579882], [4.544108539, 46.001057758], [4.54278287, 46.001253249], [4.538957191, 46.003647908], [4.534800902, 46.0024965], [4.534921759, 46.001547366], [4.531900727, 45.999989581], [4.529854202, 46.000427938], [4.526994622, 46.00211923], [4.522506449, 46.002784877], [4.52063745, 46.002357847], [4.515902267, 46.0025519], [4.512143222, 46.003042556], [4.510723214, 46.003526239], [4.506856344, 46.004047878], [4.502997872, 46.002703114], [4.500040977, 46.002660343], [4.496256195, 46.000356082], [4.494835813, 45.999163453], [4.494667273, 45.99766879], [4.492452427, 45.996625314], [4.488793779, 45.995612487], [4.483064488, 45.99462307], [4.481902908, 45.994819303], [4.478301306, 45.993128107], [4.477396662, 45.992160903], [4.475613058, 45.991759045], [4.474095359, 45.990622373], [4.473121394, 45.989184999], [4.475145214, 45.987465438], [4.475914437, 45.984832725], [4.472039797, 45.983624944], [4.469970899, 45.982397212], [4.467108692, 45.97985397], [4.463300824, 45.979096256], [4.460784913, 45.979507909], [4.459912877, 45.978386141], [4.457938997, 45.977850468], [4.457375865, 45.977024619], [4.464515787, 45.976352489], [4.468804019, 45.977206604], [4.471387402, 45.969901228], [4.472248738, 45.969121777], [4.476374567, 45.96716318], [4.476872739, 45.965801205], [4.475930477, 45.96442469], [4.477718728, 45.96291529], [4.480176202, 45.961899676], [4.482987269, 45.961213518], [4.480108739, 45.958765392], [4.478491175, 45.952436042], [4.478146319, 45.94675564], [4.482072341, 45.945501928], [4.48067578, 45.942441782], [4.47915304, 45.940349668], [4.480952047, 45.938312284], [4.48144125, 45.936630669], [4.485850711, 45.932799123], [4.485682316, 45.931101804], [4.486537348, 45.929353215], [4.489276208, 45.927635678], [4.489419376, 45.926343158], [4.49108247, 45.923177071], [4.489993585, 45.921184762], [4.48937745, 45.918967362], [4.490264221, 45.916304161], [4.492241789, 45.914329076], [4.495458197, 45.912793313], [4.498923492, 45.912065648], [4.499810635, 45.911096492], [4.501543532, 45.910862746], [4.505601036, 45.909433505], [4.50786634, 45.909751882], [4.512029977, 45.908531746], [4.513413915, 45.90865644], [4.517043939, 45.908212419], [4.520258507, 45.907442423], [4.523952005, 45.905472507], [4.527645132, 45.904336484], [4.531077416, 45.903661406], [4.532685863, 45.902537208], [4.532667421, 45.900760452], [4.531274761, 45.897158657], [4.5318018, 45.894307228], [4.534207524, 45.892642611], [4.535189172, 45.885605019], [4.534765787, 45.884572304], [4.535598216, 45.88227872], [4.5385273, 45.877070888], [4.547048503, 45.871108368], [4.549297586, 45.865617726], [4.550998668, 45.864814416], [4.550830876, 45.863615231], [4.552367323, 45.863011405], [4.552958667, 45.861349657], [4.55295995, 45.859288915], [4.555270834, 45.856439847], [4.55610787, 45.854126219], [4.555766317, 45.852572769], [4.557750982, 45.851057521], [4.557702703, 45.849301886], [4.560202668, 45.847101285], [4.562590616, 45.846458529], [4.561172557, 45.842162135], [4.55859378, 45.841243938], [4.557134882, 45.839777057], [4.554522801, 45.8361149], [4.552641837, 45.834017903], [4.549351566, 45.831740271], [4.546858456, 45.832750764], [4.545002761, 45.832646468], [4.543091151, 45.833214801], [4.540996473, 45.833273121], [4.543615157, 45.828409807], [4.543779651, 45.825447078], [4.542119578, 45.826433469], [4.540630593, 45.826351116], [4.539262581, 45.827419042], [4.538503153, 45.82882992], [4.535252616, 45.829245226], [4.530790098, 45.826981196], [4.521976325, 45.825326925], [4.520357316, 45.825432494], [4.516338681, 45.824943428], [4.517746867, 45.821902806], [4.507292673, 45.817774627], [4.500192939, 45.818016885], [4.497471836, 45.818371836], [4.491688125, 45.81826916], [4.490010345, 45.81752756], [4.486401536, 45.818066879], [4.48138406, 45.817475342], [4.475712735, 45.817957598]]]], ""type"": ""MultiPolygon""}";46.001337982,4.420866302
2429.228;0;0.0;0;0.0;2;2189.987;0;0.0;0;0.0;"{""coordinates"": [[[[4.475712735, 45.817957598], [4.465571171, 45.824340167], [4.46012752, 45.825278905], [4.45523466, 45.828107938], [4.453353608, 45.829521854], [4.453305077, 45.831739863], [4.453719834, 45.834475185], [4.452559407, 45.835031401], [4.449386015, 45.835378385], [4.448658239, 45.836613497], [4.445384471, 45.835247732], [4.442627243, 45.835004683], [4.440592849, 45.833921959], [4.434410507, 45.835243524], [4.429993453, 45.831953657], [4.42768443, 45.831396552], [4.427492293, 45.830094857], [4.425426174, 45.827764883], [4.421054482, 45.82689322], [4.42008497, 45.827565582], [4.4175348, 45.826987889], [4.416021735, 45.8276157], [4.413553179, 45.830525055], [4.410781698, 45.830162528], [4.406095226, 45.831244091], [4.403628664, 45.832232145], [4.402504374, 45.832250614], [4.398968745, 45.833407644], [4.395663926, 45.833813285], [4.392479627, 45.836546375], [4.39059184, 45.837460356], [4.387686063, 45.839553131], [4.386379753, 45.840128462], [4.384596232, 45.842176755], [4.382348627, 45.843709232], [4.382759567, 45.847612036], [4.390331777, 45.849999443], [4.39136737, 45.850537881], [4.392186176, 45.853823206], [4.393827798, 45.855694295], [4.394731049, 45.858385046], [4.396030853, 45.860442252], [4.394514479, 45.861341794], [4.393160963, 45.86374066], [4.394337816, 45.864858241], [4.39119701, 45.865044652], [4.385008829, 45.863903907], [4.378856509, 45.86398094], [4.376422582, 45.863151411], [4.373282769, 45.864877386], [4.368565348, 45.868131838], [4.36602624, 45.867012455], [4.36304381, 45.864538419], [4.361714813, 45.865638793], [4.355323135, 45.8689939], [4.350365216, 45.870855393], [4.348477933, 45.872445911], [4.348228054, 45.874249238], [4.347285893, 45.875002586], [4.342584759, 45.876957934], [4.341502027, 45.879093556], [4.340521125, 45.879798671], [4.339865805, 45.881432963], [4.339450568, 45.88429916], [4.338723771, 45.885648795], [4.337966248, 45.889347609], [4.336530185, 45.890439035], [4.334360031, 45.891310351], [4.331064058, 45.893686309], [4.328250267, 45.896171786], [4.326739456, 45.896852378], [4.323610442, 45.901051708], [4.323517417, 45.904161734], [4.326474136, 45.904802559], [4.327051465, 45.905741437], [4.330916971, 45.907415299], [4.334510343, 45.907857491], [4.336686365, 45.908797261], [4.339457449, 45.91144473], [4.340076513, 45.914141066], [4.341766065, 45.914323677], [4.346097537, 45.915749237], [4.339633863, 45.917003983], [4.337512432, 45.916096042], [4.335239914, 45.916298511], [4.335308496, 45.917637826], [4.336513704, 45.918117134], [4.338887798, 45.920605398], [4.337872793, 45.922435762], [4.338321839, 45.924028155], [4.339618757, 45.924822465], [4.341763803, 45.925042015], [4.345734792, 45.929005328], [4.346061949, 45.929929078], [4.344849753, 45.93092247], [4.340630536, 45.931028378], [4.339009966, 45.93168701], [4.336617629, 45.931552282], [4.335233565, 45.932598934], [4.332292725, 45.934015151], [4.331926467, 45.935256015], [4.330576311, 45.935255688], [4.32945412, 45.936625212], [4.323367611, 45.939565027], [4.321032495, 45.942797612], [4.319512494, 45.943582671], [4.31601792, 45.942126533], [4.316422078, 45.941482394], [4.314127123, 45.940250002], [4.311660707, 45.941136904], [4.311807266, 45.942358243], [4.310097803, 45.944680922], [4.307055422, 45.946006681], [4.305125625, 45.947325837], [4.301970067, 45.947698109], [4.300271045, 45.94704218], [4.299668213, 45.948632384], [4.298009486, 45.950343673], [4.297255603, 45.952158047], [4.29475628, 45.952942278], [4.293785715, 45.953838679], [4.296177107, 45.954336379], [4.297713247, 45.955250915], [4.300321396, 45.955955887], [4.301039045, 45.957638095], [4.300130063, 45.958735581], [4.30022949, 45.959938561], [4.298599878, 45.964924154], [4.297170349, 45.965860969], [4.295062908, 45.966256147], [4.293469407, 45.967528917], [4.293112207, 45.968927147], [4.292085296, 45.969472033], [4.290748245, 45.972159401], [4.287114371, 45.974401861], [4.283772728, 45.975783506], [4.280742563, 45.975902474], [4.27746792, 45.976619423], [4.27519722, 45.9786894], [4.275274433, 45.979903453], [4.271092484, 45.979663173], [4.265295067, 45.981075403], [4.26092345, 45.980846772], [4.257107111, 45.981569155], [4.25566989, 45.983124235], [4.253002902, 45.983610379], [4.248322197, 45.986677292], [4.24767613, 45.989352002], [4.249143454, 45.991269429], [4.248765769, 45.992333605], [4.24627229, 45.993657036], [4.244032561, 45.995864719], [4.244088559, 45.996741292], [4.249230842, 45.995460782], [4.253273147, 45.995819605], [4.257698602, 45.9947916], [4.259314236, 45.995488733], [4.260719585, 45.997552603], [4.260625265, 45.998230009], [4.262517187, 45.999585969], [4.262924936, 46.001980643], [4.264399817, 46.001883138], [4.265635422, 46.000934511], [4.267686806, 46.000339689], [4.268796006, 45.999349212], [4.267785723, 45.998126688], [4.265490974, 45.996901401], [4.266178195, 45.991949383], [4.267094467, 45.990834992], [4.269008828, 45.989749942], [4.26959273, 45.988401492], [4.270979143, 45.988013992], [4.272906109, 45.990051147], [4.273076769, 45.991731567], [4.274377195, 45.993821669], [4.277622334, 45.992789941], [4.280347469, 45.992793396], [4.282776359, 45.994444656], [4.285453035, 45.994471953], [4.287258701, 45.998416843], [4.289466506, 45.998224222], [4.290544468, 45.995864951], [4.292760986, 45.994342859], [4.293308224, 45.992006727], [4.293033122, 45.990361745], [4.29470444, 45.989841913], [4.296999009, 45.990057027], [4.299548208, 45.989126294], [4.300426503, 45.991192131], [4.302301475, 45.993820199], [4.303697842, 45.994238234], [4.305365334, 45.995571755], [4.306006608, 46.000759114], [4.308578962, 46.001059057], [4.312620347, 46.005623463], [4.312587759, 46.006803648], [4.309800417, 46.00861462], [4.309655807, 46.010304046], [4.307275256, 46.012274162], [4.307751071, 46.016195356], [4.308357844, 46.018608306], [4.306940706, 46.020825761], [4.305869089, 46.021700903], [4.303255896, 46.020917727], [4.301166169, 46.020728292], [4.299186357, 46.021524632], [4.297244365, 46.02140548], [4.292389219, 46.019393142], [4.290044415, 46.017859096], [4.288241407, 46.017154613], [4.287436619, 46.018338156], [4.285030952, 46.019115668], [4.280833357, 46.022219856], [4.279697915, 46.021537411], [4.276915568, 46.022806231], [4.271484635, 46.031873371], [4.269121436, 46.034750277], [4.267364197, 46.035763306], [4.262208289, 46.035413754], [4.260757202, 46.03799843], [4.26110663, 46.039532779], [4.260319411, 46.040788872], [4.258374924, 46.04143369], [4.257725284, 46.043958992], [4.252988763, 46.047117618], [4.25151515, 46.048574859], [4.250589958, 46.050262892], [4.254143866, 46.05211221], [4.253541908, 46.052431376], [4.257976432, 46.05454012], [4.26495838, 46.051757034], [4.267217339, 46.051723707], [4.277528735, 46.05382531], [4.278915504, 46.05293969], [4.281530781, 46.05337398], [4.283478517, 46.053138508], [4.285887219, 46.053753356], [4.289807477, 46.055993686], [4.290837758, 46.057560735], [4.291321734, 46.060045416], [4.295167357, 46.06145065], [4.295625323, 46.062547768], [4.300452499, 46.06523489], [4.299389604, 46.067504907], [4.301378805, 46.069985806], [4.304273521, 46.06977604], [4.304133509, 46.070800746], [4.301757104, 46.076451467], [4.301495019, 46.078662775], [4.309091572, 46.079965925], [4.311129722, 46.079308357], [4.31020186, 46.082186631], [4.3106954, 46.083127476], [4.309498992, 46.084028395], [4.310649162, 46.085855069], [4.310228139, 46.087467527], [4.309328273, 46.087889494], [4.309132772, 46.08946242], [4.310168902, 46.090085394], [4.312483788, 46.093735851], [4.310290124, 46.095439042], [4.310898292, 46.096458719], [4.308021408, 46.098508384], [4.305067988, 46.099470915], [4.306733149, 46.103346004], [4.306932762, 46.106239174], [4.308867758, 46.107078765], [4.309713441, 46.108226298], [4.309281942, 46.109896509], [4.316614342, 46.114792097], [4.32011854, 46.116837227], [4.319934415, 46.119198077], [4.321403321, 46.12362192], [4.322189837, 46.124657476], [4.321792301, 46.126544388], [4.321732028, 46.129851244], [4.322523285, 46.130757056], [4.327723525, 46.132443569], [4.333119319, 46.13475438], [4.333884864, 46.135977434], [4.342799294, 46.134341336], [4.34690844, 46.135870561], [4.352253959, 46.135830456], [4.35330424, 46.137286857], [4.356511224, 46.138305026], [4.359420782, 46.138242319], [4.361900188, 46.138752989], [4.363684516, 46.140122139], [4.365171235, 46.142544964], [4.368929002, 46.146455271], [4.370417266, 46.147419005], [4.374930732, 46.148619934], [4.377015179, 46.149994255], [4.381377268, 46.149954805], [4.382954564, 46.148885486], [4.387699884, 46.146786799], [4.390428097, 46.146965085], [4.393526033, 46.145220435], [4.397866027, 46.143310915], [4.40059453, 46.141627351], [4.406949844, 46.138803686], [4.408347608, 46.137181438], [4.411900858, 46.136308741], [4.417255029, 46.135998882], [4.417497453, 46.138061908], [4.416857399, 46.139013757], [4.418118146, 46.140172447], [4.421927612, 46.142086399], [4.422122117, 46.150542708], [4.425757356, 46.152501051], [4.430053148, 46.154484292], [4.433095502, 46.157142456], [4.434680421, 46.159715381], [4.43892813, 46.167886268], [4.440643659, 46.168055467], [4.44133846, 46.16884462], [4.455520611, 46.175658213], [4.461697121, 46.17872848], [4.46824534, 46.183306695], [4.468098464, 46.185085555], [4.470838572, 46.185769745], [4.475512037, 46.183846652], [4.478887887, 46.183293017], [4.481709855, 46.183261671], [4.481110525, 46.184979803], [4.480966662, 46.189783904], [4.479695838, 46.190650658], [4.478999815, 46.192635724], [4.479371969, 46.194796926], [4.477710639, 46.196674753], [4.479569987, 46.197713329], [4.481830748, 46.196901229], [4.483816129, 46.195309119], [4.48530928, 46.195322945], [4.487238524, 46.194009805], [4.489054633, 46.193596054], [4.490182621, 46.192391524], [4.490689293, 46.190850183], [4.493260021, 46.188150535], [4.500038882, 46.184618114], [4.502427939, 46.182366466], [4.505183766, 46.17879316], [4.509095481, 46.175400781], [4.510943664, 46.170861266], [4.510165683, 46.168830734], [4.510701377, 46.16568845], [4.507486282, 46.159211342], [4.50190863, 46.151615281], [4.504381553, 46.151390721], [4.507166341, 46.149027429], [4.506090046, 46.147961823], [4.504246405, 46.147406233], [4.500870227, 46.145773882], [4.498785492, 46.144024428], [4.502848142, 46.141204852], [4.506088887, 46.13762687], [4.507758594, 46.134833411], [4.520207379, 46.128243085], [4.522938938, 46.125241525], [4.530205276, 46.121142214], [4.53243544, 46.108978469], [4.536445024, 46.106359191], [4.540466954, 46.104193531], [4.540755707, 46.10137865], [4.542100587, 46.09873766], [4.541953664, 46.097331923], [4.545244766, 46.093746658], [4.550452527, 46.091215015], [4.551860942, 46.086495199], [4.55095214, 46.085389902], [4.54961529, 46.083333039], [4.549277426, 46.080990524], [4.548326624, 46.078068243], [4.547381107, 46.07643293], [4.545042153, 46.07457702], [4.543965559, 46.072600313], [4.542986654, 46.072118268], [4.541821288, 46.069002511], [4.541697425, 46.067631586], [4.540592401, 46.066616242], [4.538993635, 46.063954875], [4.538933017, 46.062021076], [4.537169797, 46.058051455], [4.537730066, 46.056713582], [4.535336088, 46.055624695], [4.536748864, 46.052527999], [4.535978389, 46.048471952], [4.535348918, 46.046867392], [4.536087884, 46.045817119], [4.535511, 46.043964167], [4.532952247, 46.042278529], [4.531487074, 46.041913748], [4.528773101, 46.042172839], [4.524199365, 46.04010256], [4.521323637, 46.037458124], [4.522683557, 46.036504082], [4.518175177, 46.035885452], [4.515915554, 46.033337108], [4.516731559, 46.03099439], [4.513744637, 46.026863375], [4.513903669, 46.025876832], [4.515511778, 46.025489674], [4.518638586, 46.026630386], [4.519495872, 46.026164064], [4.524815971, 46.02628806], [4.525580204, 46.025545539], [4.530356192, 46.023587964], [4.532498298, 46.023161828], [4.535667108, 46.0232054], [4.53840941, 46.021774884], [4.539205539, 46.020656259], [4.53903574, 46.018931093], [4.540124505, 46.018154341], [4.543240854, 46.018549669], [4.545129228, 46.017569234], [4.545231714, 46.016753636], [4.542974624, 46.01491191], [4.543875104, 46.013096516], [4.545966783, 46.012687918], [4.544519848, 46.01147464], [4.544045695, 46.009641045], [4.544677642, 46.008577753], [4.547531171, 46.008516299], [4.549429041, 46.008025619], [4.548242481, 46.006463873], [4.548642221, 46.004134693], [4.550251289, 46.002849054], [4.54596844, 45.998579882], [4.544108539, 46.001057758], [4.54278287, 46.001253249], [4.538957191, 46.003647908], [4.534800902, 46.0024965], [4.534921759, 46.001547366], [4.531900727, 45.999989581], [4.529854202, 46.000427938], [4.526994622, 46.00211923], [4.522506449, 46.002784877], [4.52063745, 46.002357847], [4.515902267, 46.0025519], [4.512143222, 46.003042556], [4.510723214, 46.003526239], [4.506856344, 46.004047878], [4.502997872, 46.002703114], [4.500040977, 46.002660343], [4.496256195, 46.000356082], [4.494835813, 45.999163453], [4.494667273, 45.99766879], [4.492452427, 45.996625314], [4.488793779, 45.995612487], [4.483064488, 45.99462307], [4.481902908, 45.994819303], [4.478301306, 45.993128107], [4.477396662, 45.992160903], [4.475613058, 45.991759045], [4.474095359, 45.990622373], [4.473121394, 45.989184999], [4.475145214, 45.987465438], [4.475914437, 45.984832725], [4.472039797, 45.983624944], [4.469970899, 45.982397212], [4.467108692, 45.97985397], [4.463300824, 45.979096256], [4.460784913, 45.979507909], [4.459912877, 45.978386141], [4.457938997, 45.977850468], [4.457375865, 45.977024619], [4.464515787, 45.976352489], [4.468804019, 45.977206604], [4.471387402, 45.969901228], [4.472248738, 45.969121777], [4.476374567, 45.96716318], [4.476872739, 45.965801205], [4.475930477, 45.96442469], [4.477718728, 45.96291529], [4.480176202, 45.961899676], [4.482987269, 45.961213518], [4.480108739, 45.958765392], [4.478491175, 45.952436042], [4.478146319, 45.94675564], [4.482072341, 45.945501928], [4.48067578, 45.942441782], [4.47915304, 45.940349668], [4.480952047, 45.938312284], [4.48144125, 45.936630669], [4.485850711, 45.932799123], [4.485682316, 45.931101804], [4.486537348, 45.929353215], [4.489276208, 45.927635678], [4.489419376, 45.926343158], [4.49108247, 45.923177071], [4.489993585, 45.921184762], [4.48937745, 45.918967362], [4.490264221, 45.916304161], [4.492241789, 45.914329076], [4.495458197, 45.912793313], [4.498923492, 45.912065648], [4.499810635, 45.911096492], [4.501543532, 45.910862746], [4.505601036, 45.909433505], [4.50786634, 45.909751882], [4.512029977, 45.908531746], [4.513413915, 45.90865644], [4.517043939, 45.908212419], [4.520258507, 45.907442423], [4.523952005, 45.905472507], [4.527645132, 45.904336484], [4.531077416, 45.903661406], [4.532685863, 45.902537208], [4.532667421, 45.900760452], [4.531274761, 45.897158657], [4.5318018, 45.894307228], [4.534207524, 45.892642611], [4.535189172, 45.885605019], [4.534765787, 45.884572304], [4.535598216, 45.88227872], [4.5385273, 45.877070888], [4.547048503, 45.871108368], [4.549297586, 45.865617726], [4.550998668, 45.864814416], [4.550830876, 45.863615231], [4.552367323, 45.863011405], [4.552958667, 45.861349657], [4.55295995, 45.859288915], [4.555270834, 45.856439847], [4.55610787, 45.854126219], [4.555766317, 45.852572769], [4.557750982, 45.851057521], [4.557702703, 45.849301886], [4.560202668, 45.847101285], [4.562590616, 45.846458529], [4.561172557, 45.842162135], [4.55859378, 45.841243938], [4.557134882, 45.839777057], [4.554522801, 45.8361149], [4.552641837, 45.834017903], [4.549351566, 45.831740271], [4.546858456, 45.832750764], [4.545002761, 45.832646468], [4.543091151, 45.833214801], [4.540996473, 45.833273121], [4.543615157, 45.828409807], [4.543779651, 45.825447078], [4.542119578, 45.826433469], [4.540630593, 45.826351116], [4.539262581, 45.827419042], [4.538503153, 45.82882992], [4.535252616, 45.829245226], [4.530790098, 45.826981196], [4.521976325, 45.825326925], [4.520357316, 45.825432494], [4.516338681, 45.824943428], [4.517746867, 45.821902806], [4.507292673, 45.817774627], [4.500192939, 45.818016885], [4.497471836, 45.818371836], [4.491688125, 45.81826916], [4.490010345, 45.81752756], [4.486401536, 45.818066879], [4.48138406, 45.817475342], [4.475712735, 45.817957598]]]], ""type"": ""MultiPolygon""}";46.001337982,4.420866302
982.822;0;0.0;0;0.0;0;0.0;0;0.0;0;0.0;"{""coordinates"": [[[[4.758140354, 45.607920999], [4.757651113, 45.608720361], [4.755373494, 45.608809069], [4.753532161, 45.609869991], [4.749368233, 45.610657184], [4.748998399, 45.611666314], [4.746638346, 45.612197467], [4.745539853, 45.612933275], [4.74340324, 45.612696198], [4.741138099, 45.611921553], [4.739322869, 45.613621328], [4.736342622, 45.615376888], [4.734802395, 45.615333098], [4.732121282, 45.616647093], [4.73077442, 45.619876999], [4.729897507, 45.620691204], [4.730616613, 45.622015876], [4.730388729, 45.623719895], [4.73364434, 45.630784384], [4.734339979, 45.632869588], [4.739392201, 45.637129378], [4.740717231, 45.639048998], [4.740865545, 45.641438963], [4.743497642, 45.643797687], [4.743427226, 45.645068766], [4.745512656, 45.645353492], [4.744595127, 45.646718769], [4.746086621, 45.64759184], [4.750666998, 45.65464796], [4.751084631, 45.658553221], [4.748058414, 45.658470546], [4.747954343, 45.661113924], [4.744584673, 45.664443843], [4.742522676, 45.669292727], [4.742680419, 45.670222513], [4.74112011, 45.671263542], [4.742051598, 45.67220388], [4.739001912, 45.672296951], [4.735289991, 45.67274061], [4.733326899, 45.672578092], [4.726901416, 45.673679285], [4.725984498, 45.674269788], [4.726257225, 45.676299386], [4.723956951, 45.680205822], [4.726297591, 45.686326251], [4.728824042, 45.687641256], [4.728483098, 45.688698506], [4.729283484, 45.691116312], [4.727548298, 45.691069978], [4.727072332, 45.692949831], [4.725269416, 45.695267035], [4.721664766, 45.69487363], [4.718312718, 45.696031764], [4.716877364, 45.695794245], [4.713043862, 45.696933435], [4.710091731, 45.698647273], [4.71420532, 45.704799574], [4.71527938, 45.706976429], [4.716240468, 45.712387604], [4.717054751, 45.715424967], [4.719102614, 45.716985285], [4.72316204, 45.71905345], [4.725143318, 45.720777708], [4.73158745, 45.723053146], [4.735377436, 45.725275442], [4.740173675, 45.72758747], [4.763252841, 45.726766766], [4.77175247, 45.728617765], [4.773337827, 45.72644013], [4.775577987, 45.725755451], [4.776244454, 45.724043501], [4.778788929, 45.723548515], [4.780394331, 45.722805299], [4.778649957, 45.720907109], [4.778261049, 45.718490323], [4.77766554, 45.717405349], [4.775203398, 45.714728505], [4.773140786, 45.713678318], [4.772569781, 45.712310111], [4.768958427, 45.707774126], [4.767878778, 45.705569915], [4.76761643, 45.702348584], [4.766478865, 45.698687923], [4.7661315, 45.696544274], [4.766769001, 45.694249176], [4.766336926, 45.692108658], [4.764416, 45.689787008], [4.765219197, 45.688093701], [4.770334768, 45.689199658], [4.770844216, 45.688533231], [4.773347387, 45.689164882], [4.774946424, 45.687450863], [4.773895536, 45.685257071], [4.774162972, 45.684018884], [4.775270407, 45.683449299], [4.779050009, 45.68321853], [4.779841679, 45.681782897], [4.779183919, 45.680389078], [4.7799288, 45.678898339], [4.779229467, 45.67808884], [4.779904368, 45.676660454], [4.779831324, 45.674828659], [4.781488314, 45.674654743], [4.781165478, 45.672727821], [4.785654355, 45.673279127], [4.785944411, 45.672035145], [4.787692541, 45.669554763], [4.784794567, 45.668809006], [4.783698598, 45.667011435], [4.786601431, 45.664766774], [4.7890195, 45.66529673], [4.789709198, 45.662073824], [4.78503872, 45.66072394], [4.786318364, 45.658582466], [4.782124706, 45.657429362], [4.783868489, 45.65542108], [4.779506525, 45.654896544], [4.779003541, 45.652353681], [4.775049936, 45.651698225], [4.772209978, 45.650603574], [4.769562294, 45.650418247], [4.771167956, 45.649023018], [4.77567835, 45.648026031], [4.777671649, 45.643711695], [4.778946418, 45.638983546], [4.781049197, 45.638970105], [4.784017694, 45.637969237], [4.786516202, 45.638323214], [4.786834204, 45.636837396], [4.789967872, 45.637418098], [4.792014899, 45.636278546], [4.796194115, 45.637147763], [4.797354236, 45.63621952], [4.800232768, 45.635624075], [4.800193491, 45.634336682], [4.804781215, 45.635567437], [4.805923697, 45.634536704], [4.804420213, 45.632092861], [4.804392294, 45.628201318], [4.803651295, 45.624368948], [4.80249428, 45.621239494], [4.798329951, 45.622297817], [4.796489423, 45.62317479], [4.793328518, 45.621531877], [4.791168504, 45.62138254], [4.788695666, 45.622119031], [4.789180742, 45.618021192], [4.784182292, 45.616335183], [4.78015335, 45.614775032], [4.778158649, 45.614928173], [4.774981461, 45.614146996], [4.773794853, 45.611959883], [4.7742526, 45.610704286], [4.773488249, 45.609638195], [4.770862164, 45.609666057], [4.769376507, 45.610764877], [4.76797985, 45.610270733], [4.765597257, 45.610208177], [4.764149005, 45.609422068], [4.762836166, 45.611882653], [4.761365749, 45.609632313], [4.758140354, 45.607920999]]]], ""type"": ""MultiPolygon""}";45.668787006,4.756202655
12483.123;0;0.0;0;0.0;0;0.0;0;0.0;0;0.0;"{""coordinates"": [[[[4.757134657, 45.455608759], [4.754415557, 45.457567072], [4.752361568, 45.459761717], [4.751152933, 45.460072411], [4.750355054, 45.461680874], [4.748014386, 45.463113426], [4.746279704, 45.46542277], [4.745487535, 45.467301312], [4.743511496, 45.470411469], [4.738556139, 45.472822024], [4.743707866, 45.473731038], [4.742080708, 45.477158191], [4.744539755, 45.479104198], [4.740703003, 45.483362761], [4.739652053, 45.48496516], [4.739459364, 45.486784826], [4.735389448, 45.488815818], [4.734586402, 45.489794664], [4.732089764, 45.490629421], [4.729077957, 45.490673153], [4.726177468, 45.492402969], [4.721965893, 45.494313148], [4.719867528, 45.49272049], [4.719500984, 45.491925401], [4.715693979, 45.491641396], [4.712549275, 45.488664941], [4.710483012, 45.488555942], [4.708437166, 45.48736218], [4.708271194, 45.485671435], [4.709720626, 45.483216639], [4.708647119, 45.481534313], [4.70248806, 45.479551858], [4.699461932, 45.477810789], [4.696399639, 45.476681744], [4.692732488, 45.479435529], [4.690153474, 45.479334795], [4.685717524, 45.479891478], [4.681713713, 45.479796631], [4.67905297, 45.481227102], [4.676415575, 45.481993367], [4.674688771, 45.478906441], [4.67342703, 45.478076834], [4.672280714, 45.476444802], [4.671812317, 45.474323507], [4.670602783, 45.474118155], [4.668860997, 45.47686228], [4.666390603, 45.477943761], [4.667465326, 45.478859085], [4.667705939, 45.480348813], [4.669820657, 45.482296132], [4.670596161, 45.48368783], [4.668694503, 45.484914006], [4.666930387, 45.485435586], [4.664408184, 45.48505871], [4.661663724, 45.486880889], [4.657613317, 45.485497015], [4.6550626, 45.486180432], [4.651469185, 45.491286979], [4.65075813, 45.493859824], [4.650933379, 45.495446917], [4.649947285, 45.496912383], [4.65304623, 45.498020545], [4.65424586, 45.499726747], [4.650611637, 45.510902541], [4.648570007, 45.521393759], [4.650347325, 45.522349383], [4.650218629, 45.523881506], [4.651988391, 45.52376182], [4.650394004, 45.52646114], [4.650465744, 45.531846075], [4.651919066, 45.531849931], [4.653261555, 45.533037076], [4.655078184, 45.532846404], [4.656928841, 45.533581088], [4.662286382, 45.5369425], [4.666335766, 45.54153448], [4.665189231, 45.542963733], [4.667030331, 45.543449814], [4.66668452, 45.545293217], [4.668425518, 45.546624693], [4.670951516, 45.545714404], [4.671711749, 45.547802567], [4.672569006, 45.548472521], [4.675162147, 45.548087132], [4.676438189, 45.548827371], [4.675285525, 45.55153578], [4.678355945, 45.551328742], [4.679772729, 45.549981777], [4.681662474, 45.549734647], [4.683192951, 45.550997899], [4.683565215, 45.552830605], [4.684459976, 45.554306017], [4.686357441, 45.556248243], [4.686108172, 45.557621916], [4.687476508, 45.558265179], [4.691602659, 45.557813154], [4.693676346, 45.558250276], [4.694466721, 45.560619762], [4.692431487, 45.561824015], [4.691641675, 45.563548099], [4.690474503, 45.564125883], [4.692343376, 45.565407349], [4.692451966, 45.566486531], [4.694992176, 45.567911862], [4.696404762, 45.569235271], [4.696739563, 45.570789299], [4.694416288, 45.571223345], [4.693653054, 45.57230846], [4.690986502, 45.572044173], [4.686156165, 45.572653535], [4.685563771, 45.573331624], [4.686720135, 45.574667102], [4.686514079, 45.576494071], [4.690421652, 45.576357925], [4.694501384, 45.575560649], [4.699304083, 45.574002027], [4.702591073, 45.572414825], [4.707141491, 45.571300118], [4.708335901, 45.571440493], [4.7114651, 45.572731314], [4.713002117, 45.574204845], [4.714325604, 45.573498346], [4.716117011, 45.574196067], [4.718313754, 45.573032147], [4.724255629, 45.575142451], [4.725764062, 45.57444829], [4.728071745, 45.575780089], [4.730564644, 45.576467699], [4.733328582, 45.576469252], [4.734664191, 45.577140383], [4.736254894, 45.575348668], [4.738543397, 45.575732122], [4.739825753, 45.57531778], [4.741486767, 45.573770789], [4.741233704, 45.570041333], [4.744088913, 45.571486818], [4.745389722, 45.572518639], [4.74632552, 45.574826998], [4.74771882, 45.5764293], [4.75037543, 45.576646468], [4.752644006, 45.575948211], [4.75661235, 45.577531849], [4.757813178, 45.577299614], [4.75796115, 45.575170752], [4.75859489, 45.572911796], [4.758783545, 45.568508934], [4.762325909, 45.564972252], [4.762624463, 45.562948204], [4.766567317, 45.557069587], [4.771597412, 45.559449316], [4.775681281, 45.559093939], [4.77806921, 45.560630611], [4.783339233, 45.561354142], [4.787516115, 45.563325181], [4.787960226, 45.564293581], [4.792607423, 45.565568816], [4.794794813, 45.566749863], [4.803086601, 45.570224495], [4.808808134, 45.572798676], [4.80526058, 45.573423151], [4.803273436, 45.574116166], [4.795231064, 45.576145381], [4.791098219, 45.577640725], [4.786129722, 45.57908254], [4.781755647, 45.580629103], [4.780466067, 45.581332267], [4.778659363, 45.583149662], [4.776933815, 45.586061901], [4.77690293, 45.587539544], [4.793134342, 45.587257552], [4.803964136, 45.587894964], [4.80636088, 45.589167023], [4.807392472, 45.58905407], [4.81039595, 45.589809189], [4.812697947, 45.58747078], [4.814765575, 45.587696834], [4.81562923, 45.5884503], [4.817525023, 45.588090011], [4.821348424, 45.587988513], [4.824691866, 45.587453324], [4.829052297, 45.587922008], [4.830894847, 45.587583975], [4.837548519, 45.583430303], [4.840423387, 45.582278097], [4.843392285, 45.582221352], [4.845190371, 45.581326263], [4.846899194, 45.58118021], [4.848977572, 45.579846306], [4.849000824, 45.579197403], [4.852848123, 45.578908881], [4.857785108, 45.576461203], [4.857942474, 45.580583021], [4.859351003, 45.582384604], [4.861447184, 45.586745463], [4.861201367, 45.589358036], [4.859995062, 45.590799343], [4.864274442, 45.593379317], [4.865898149, 45.594887228], [4.868878422, 45.595718652], [4.872050547, 45.595275875], [4.873836785, 45.59547311], [4.881081457, 45.598742518], [4.882265021, 45.600911497], [4.882260638, 45.601878057], [4.886483479, 45.601836129], [4.887980364, 45.60147954], [4.890891601, 45.601508096], [4.893425185, 45.602013118], [4.89646654, 45.603180574], [4.897790085, 45.604432793], [4.900851196, 45.606206898], [4.903642143, 45.60620023], [4.905480934, 45.606642884], [4.911535537, 45.607124732], [4.915063312, 45.606973748], [4.916609443, 45.607262673], [4.91860075, 45.606694583], [4.91976572, 45.60698276], [4.921357033, 45.606205268], [4.923613283, 45.606136979], [4.926254032, 45.605537827], [4.93263264, 45.60743257], [4.936212265, 45.608692406], [4.950230587, 45.608912312], [4.962776829, 45.610756815], [4.970942711, 45.613193804], [4.98151679, 45.609480653], [4.998083355, 45.6034389], [4.99387913, 45.601435448], [4.992422231, 45.600174075], [4.989359035, 45.600203981], [4.987384451, 45.598278833], [4.983872876, 45.595458398], [4.983877915, 45.594272907], [4.982677758, 45.593075345], [4.981277684, 45.592959503], [4.978172128, 45.591144202], [4.979867319, 45.589071444], [4.978524479, 45.588687037], [4.978337324, 45.584162215], [4.972185109, 45.574900632], [4.97082351, 45.56557017], [4.972277213, 45.566853467], [4.976293897, 45.566246062], [4.97950906, 45.566322794], [4.981492232, 45.567128256], [4.985755341, 45.567352071], [4.987129826, 45.568024066], [4.990637397, 45.571169609], [4.994099328, 45.571822551], [4.996481696, 45.571236201], [4.997224784, 45.571641855], [4.9999202, 45.57159303], [5.002873134, 45.572317812], [5.003234605, 45.571034087], [5.003214715, 45.568105155], [5.00224515, 45.566115529], [5.003938503, 45.563079501], [5.009328336, 45.554129648], [5.011404729, 45.553722286], [5.018256422, 45.550973696], [5.019405191, 45.549847815], [5.022320831, 45.549327877], [5.024859112, 45.54753287], [5.028305198, 45.546974389], [5.030000793, 45.545350305], [5.030019929, 45.542370213], [5.033454092, 45.538523972], [5.036913783, 45.53608416], [5.038194621, 45.534071124], [5.041923703, 45.536039143], [5.043210957, 45.537859619], [5.045443643, 45.538202717], [5.043504539, 45.536121192], [5.043328573, 45.535380354], [5.045527299, 45.532128181], [5.044899644, 45.52789517], [5.044311055, 45.526911432], [5.045267637, 45.525570783], [5.045859762, 45.525677098], [5.047954851, 45.523728376], [5.05364216, 45.520756458], [5.053403167, 45.517206375], [5.050672606, 45.51675274], [5.04972535, 45.515979157], [5.045667138, 45.517253888], [5.04466979, 45.511432356], [5.045053547, 45.51009493], [5.043062399, 45.507164044], [5.043292288, 45.505370032], [5.04672688, 45.503776162], [5.048454271, 45.50247367], [5.05286065, 45.495749994], [5.053420149, 45.494116571], [5.053779302, 45.491257259], [5.049863361, 45.492414271], [5.038394297, 45.490421665], [5.040624382, 45.487401407], [5.043702317, 45.48508718], [5.044999251, 45.482889103], [5.045747757, 45.482560193], [5.045863294, 45.480725927], [5.048481993, 45.480869118], [5.050455504, 45.478554133], [5.054161405, 45.479049338], [5.055701578, 45.478871606], [5.057505062, 45.479615018], [5.05757797, 45.48044239], [5.062090137, 45.479713715], [5.063763094, 45.479181231], [5.067610796, 45.479972443], [5.070153044, 45.47909416], [5.070891986, 45.477655501], [5.07507488, 45.47706839], [5.077892722, 45.478258417], [5.079580054, 45.478354169], [5.083233806, 45.474618432], [5.084905817, 45.470932022], [5.085267601, 45.469212921], [5.084592808, 45.466958205], [5.086313294, 45.464025722], [5.086911871, 45.461115889], [5.087008031, 45.457917244], [5.08781196, 45.45577465], [5.086461133, 45.453340666], [5.085610634, 45.450390231], [5.083788922, 45.44976022], [5.083184967, 45.447885219], [5.081683107, 45.44598635], [5.081640624, 45.443554151], [5.082457421, 45.443086798], [5.08055608, 45.44271494], [5.074630893, 45.442937306], [5.073603245, 45.442419453], [5.071687995, 45.442942167], [5.069238956, 45.442910817], [5.067696502, 45.442070926], [5.065840261, 45.442770803], [5.064748734, 45.442528782], [5.062366322, 45.444188596], [5.056002318, 45.447047377], [5.051006562, 45.447363138], [5.048984913, 45.448689084], [5.043381952, 45.450976552], [5.039867149, 45.450647798], [5.036650973, 45.452564513], [5.035496084, 45.452620607], [5.031838849, 45.451687974], [5.027435001, 45.453403439], [5.023086559, 45.453976469], [5.020632675, 45.453823435], [5.017883768, 45.454391756], [5.015801078, 45.454063497], [5.010781659, 45.45456073], [5.007401429, 45.455583277], [5.00429281, 45.457468292], [4.998598947, 45.457231199], [4.997292594, 45.45695812], [4.991623224, 45.457151697], [4.990760691, 45.456797701], [4.986823425, 45.457575493], [4.98492803, 45.457579323], [4.981684826, 45.458298711], [4.980564618, 45.458865247], [4.976291558, 45.459926022], [4.974808768, 45.459980958], [4.97051469, 45.459407933], [4.967356393, 45.460617216], [4.96459822, 45.460838494], [4.960320519, 45.461743807], [4.953228276, 45.461711684], [4.950783176, 45.461920864], [4.946395408, 45.461263877], [4.944426875, 45.461814135], [4.939972624, 45.461926377], [4.935764783, 45.45886181], [4.931700378, 45.459136337], [4.930189399, 45.459632526], [4.92784429, 45.459661142], [4.925299101, 45.459013092], [4.922202882, 45.457344895], [4.920547555, 45.455295268], [4.919162327, 45.452873501], [4.914234993, 45.449225992], [4.91242025, 45.448886751], [4.909940908, 45.447751752], [4.908196731, 45.446521328], [4.907030895, 45.445063971], [4.90451221, 45.443631387], [4.901161277, 45.443188342], [4.899648233, 45.440961279], [4.897104416, 45.439156064], [4.895902521, 45.436440907], [4.892412043, 45.436769181], [4.890182537, 45.437309384], [4.888055615, 45.437029064], [4.881894668, 45.434779058], [4.877816794, 45.434646562], [4.871361732, 45.433177329], [4.866136192, 45.432997806], [4.863744452, 45.431716245], [4.861379759, 45.43173571], [4.858090604, 45.432342397], [4.840873937, 45.446702575], [4.8376322, 45.446880033], [4.832936433, 45.446153444], [4.833819682, 45.448839314], [4.830434441, 45.449559329], [4.822968407, 45.45032312], [4.823133527, 45.450909495], [4.809321385, 45.456905714], [4.806921851, 45.458719665], [4.805615498, 45.45782559], [4.804151338, 45.458297694], [4.800422681, 45.458678245], [4.796721809, 45.458692544], [4.793690889, 45.455474229], [4.791443425, 45.453722267], [4.788982705, 45.452297914], [4.785519267, 45.450766981], [4.784651513, 45.453312633], [4.784566722, 45.455772869], [4.782695456, 45.457560772], [4.781354492, 45.457649625], [4.780877888, 45.456196272], [4.778816437, 45.454566306], [4.775261787, 45.454181279], [4.773570258, 45.454711521], [4.771503981, 45.456293355], [4.768954578, 45.457055036], [4.763362994, 45.4570512], [4.757134657, 45.455608759]]]], ""type"": ""MultiPolygon""}";45.518509644,4.869336959
3532.194;0;0.0;0;0.0;2;1986.179;0;0.0;0;0.0;"{""coordinates"": [[[[4.401827595, 45.566079833], [4.400533592, 45.56708484], [4.400084875, 45.569220386], [4.401108662, 45.570459487], [4.399405065, 45.572413429], [4.39936763, 45.573775627], [4.401600134, 45.576409139], [4.4003562, 45.577984508], [4.401298713, 45.579401144], [4.400075361, 45.581845349], [4.396867001, 45.582277022], [4.395472105, 45.581789097], [4.394367828, 45.583982288], [4.39312054, 45.585183859], [4.391027534, 45.586216659], [4.38922348, 45.58567968], [4.387565199, 45.586455771], [4.386020822, 45.586248763], [4.383933211, 45.586785124], [4.381848599, 45.58651716], [4.381170621, 45.587363061], [4.379385937, 45.587808255], [4.377555382, 45.590176793], [4.378081233, 45.591979683], [4.380255229, 45.593614655], [4.382814682, 45.596296767], [4.385040966, 45.59698266], [4.384838023, 45.599129525], [4.38344071, 45.600304913], [4.381378084, 45.60083641], [4.37790708, 45.604996596], [4.377369155, 45.606119946], [4.379089227, 45.606921133], [4.380454515, 45.605119367], [4.382265748, 45.605356502], [4.380854807, 45.606868853], [4.382279903, 45.607518707], [4.384276298, 45.606535001], [4.385688082, 45.607369602], [4.387186451, 45.607304303], [4.390015333, 45.608615806], [4.39256526, 45.60724685], [4.39377904, 45.607702841], [4.395929322, 45.607283509], [4.397564194, 45.607746841], [4.398350369, 45.610476756], [4.399601726, 45.61078992], [4.40163246, 45.609750539], [4.402711082, 45.609829858], [4.403139109, 45.611479861], [4.401643512, 45.614448937], [4.404824934, 45.615160375], [4.403304082, 45.616575317], [4.404184612, 45.617188462], [4.403461566, 45.618941987], [4.400666826, 45.620639359], [4.401975258, 45.622640455], [4.404421479, 45.622786471], [4.405700843, 45.623482888], [4.406943817, 45.625727015], [4.406066766, 45.627078103], [4.406979055, 45.629287636], [4.4097202, 45.630922187], [4.410411969, 45.633840547], [4.40936817, 45.63524959], [4.408947225, 45.637425364], [4.406611075, 45.638656917], [4.403402153, 45.639903809], [4.39914167, 45.64562807], [4.398556723, 45.647074534], [4.393911333, 45.650405912], [4.394095471, 45.651650093], [4.392614213, 45.653668707], [4.389214551, 45.650687323], [4.385657898, 45.649730567], [4.381072918, 45.650477684], [4.372674001, 45.647811908], [4.369988259, 45.646692736], [4.365478325, 45.646835792], [4.362767122, 45.64728293], [4.357454496, 45.645955669], [4.354931458, 45.645854576], [4.353664435, 45.644817002], [4.345921281, 45.645004415], [4.344362115, 45.645412111], [4.344736348, 45.647022438], [4.342310028, 45.648528399], [4.33968863, 45.648823505], [4.338828603, 45.649474071], [4.33873162, 45.651092721], [4.336394157, 45.65374037], [4.336990842, 45.65558224], [4.336532663, 45.657190768], [4.337192212, 45.658177212], [4.335738088, 45.661572664], [4.331929568, 45.662841709], [4.328979445, 45.665953051], [4.329600399, 45.668596218], [4.326479976, 45.670944882], [4.324854121, 45.671500784], [4.321258825, 45.674098951], [4.319415987, 45.674666324], [4.319317733, 45.677065797], [4.322183812, 45.678993717], [4.322661991, 45.680616406], [4.324569379, 45.681772892], [4.323579869, 45.682732866], [4.324655711, 45.684574578], [4.322875202, 45.685289872], [4.323055031, 45.688350737], [4.320876057, 45.690628733], [4.319429034, 45.691381488], [4.320197669, 45.692572997], [4.325640057, 45.695574774], [4.32767727, 45.700617631], [4.328956732, 45.701284312], [4.335280878, 45.701141101], [4.340694062, 45.702603367], [4.345450512, 45.70416328], [4.349193403, 45.703366514], [4.353383758, 45.703473872], [4.358713345, 45.704014952], [4.361142907, 45.705276219], [4.363119313, 45.705357701], [4.365164335, 45.706604621], [4.365827629, 45.704470219], [4.365464449, 45.702306828], [4.364198579, 45.699291576], [4.364741453, 45.69868609], [4.367687466, 45.699109685], [4.370026884, 45.700156605], [4.372748951, 45.701858072], [4.373642452, 45.704505818], [4.373076934, 45.706579637], [4.374078622, 45.710525662], [4.374046628, 45.71254975], [4.375955973, 45.714471801], [4.377564423, 45.715251006], [4.381063621, 45.715803495], [4.38211398, 45.717037084], [4.38221202, 45.718387718], [4.384822466, 45.720869321], [4.384505151, 45.723140091], [4.387931264, 45.726393349], [4.388960072, 45.728853797], [4.388960576, 45.730614515], [4.390448193, 45.732290257], [4.390295949, 45.73574874], [4.391502917, 45.736742553], [4.391874946, 45.739667702], [4.394509372, 45.74003413], [4.395313636, 45.741679535], [4.396601689, 45.74175005], [4.399883703, 45.743658314], [4.402866184, 45.74389234], [4.401769607, 45.745998139], [4.398326231, 45.751245625], [4.396357501, 45.752859627], [4.391027437, 45.755059079], [4.385492039, 45.754832706], [4.381118905, 45.753182356], [4.378021314, 45.750050044], [4.374580793, 45.749925415], [4.367363578, 45.74866942], [4.363790573, 45.75005281], [4.359177802, 45.751222565], [4.360291007, 45.752702374], [4.360818933, 45.756535357], [4.358133376, 45.757461143], [4.354561197, 45.757703135], [4.356848948, 45.759122937], [4.353850872, 45.761848215], [4.353734503, 45.7631384], [4.352571391, 45.763721544], [4.349456026, 45.764192053], [4.350492675, 45.765856603], [4.350298568, 45.767128801], [4.347983524, 45.769133348], [4.350315263, 45.771972139], [4.351282671, 45.774008569], [4.35242519, 45.774625315], [4.354472239, 45.774127933], [4.357248646, 45.775869695], [4.359223164, 45.776347574], [4.356565148, 45.779326398], [4.356377187, 45.78189363], [4.358668457, 45.783623181], [4.360044104, 45.78073092], [4.360655985, 45.777666829], [4.36204807, 45.77858398], [4.365630379, 45.780104165], [4.369560965, 45.780711282], [4.372908245, 45.781720735], [4.376299818, 45.782229704], [4.376773863, 45.783121846], [4.379614012, 45.783709492], [4.378539132, 45.785204159], [4.377948398, 45.787170237], [4.3780362, 45.788935294], [4.378830768, 45.790235101], [4.37727717, 45.791692372], [4.378064789, 45.792764411], [4.37331936, 45.79660128], [4.374903247, 45.797747408], [4.372607444, 45.799817069], [4.37294653, 45.801129661], [4.374967334, 45.801666155], [4.373986716, 45.80407016], [4.373988848, 45.805139178], [4.379374437, 45.806283045], [4.380634756, 45.807657308], [4.384473897, 45.804275265], [4.387939091, 45.802837639], [4.387828432, 45.804787962], [4.389013949, 45.806560231], [4.387648051, 45.807397502], [4.38624053, 45.809451116], [4.386200437, 45.811752717], [4.383896182, 45.812001638], [4.380080689, 45.814600721], [4.380173014, 45.815563265], [4.377805034, 45.817807729], [4.379726418, 45.81835977], [4.383196209, 45.818247971], [4.3835685, 45.819791592], [4.379529186, 45.822064663], [4.377127785, 45.824117684], [4.377601813, 45.824890946], [4.380677062, 45.825418085], [4.382970266, 45.826607676], [4.383498758, 45.828161994], [4.381936195, 45.831923239], [4.383570303, 45.834048533], [4.385552422, 45.835198657], [4.388161916, 45.834650556], [4.39059184, 45.837460356], [4.392479627, 45.836546375], [4.395663926, 45.833813285], [4.398968745, 45.833407644], [4.402504374, 45.832250614], [4.403628664, 45.832232145], [4.406095226, 45.831244091], [4.410781698, 45.830162528], [4.413553179, 45.830525055], [4.416021735, 45.8276157], [4.4175348, 45.826987889], [4.42008497, 45.827565582], [4.421054482, 45.82689322], [4.425426174, 45.827764883], [4.427492293, 45.830094857], [4.42768443, 45.831396552], [4.429993453, 45.831953657], [4.434410507, 45.835243524], [4.440592849, 45.833921959], [4.442627243, 45.835004683], [4.445384471, 45.835247732], [4.448658239, 45.836613497], [4.449386015, 45.835378385], [4.452559407, 45.835031401], [4.453719834, 45.834475185], [4.453305077, 45.831739863], [4.453353608, 45.829521854], [4.45523466, 45.828107938], [4.46012752, 45.825278905], [4.465571171, 45.824340167], [4.475712735, 45.817957598], [4.477558347, 45.813667091], [4.48216344, 45.810234701], [4.487617639, 45.807508749], [4.491824502, 45.806632744], [4.494480761, 45.804806215], [4.4965782, 45.801657669], [4.497177479, 45.797971459], [4.499962556, 45.794035558], [4.501585102, 45.790541066], [4.501375128, 45.788926288], [4.498217645, 45.789182604], [4.495772568, 45.785226052], [4.49252639, 45.78143046], [4.490855361, 45.781231891], [4.486892371, 45.779427942], [4.487503424, 45.778028386], [4.485801454, 45.776961926], [4.48795186, 45.775275493], [4.493771814, 45.7749338], [4.497153514, 45.775571671], [4.499507415, 45.77556473], [4.503965991, 45.776277246], [4.50629238, 45.775826508], [4.512081801, 45.777850297], [4.514831036, 45.774982662], [4.516314795, 45.772159892], [4.519041783, 45.771356751], [4.521546499, 45.770990656], [4.523636859, 45.771467714], [4.526308789, 45.771564895], [4.52810687, 45.772035016], [4.52871254, 45.769969709], [4.529261222, 45.766311906], [4.528625194, 45.76392838], [4.525865334, 45.763056983], [4.524575025, 45.759805046], [4.526294875, 45.758808177], [4.529787301, 45.755286129], [4.533651021, 45.755748833], [4.535802522, 45.75473874], [4.536743966, 45.755234789], [4.543039358, 45.755277632], [4.543506009, 45.754249898], [4.546050773, 45.75369266], [4.5462247, 45.75291931], [4.548375432, 45.751847738], [4.547779034, 45.750673356], [4.546142018, 45.750607546], [4.543271652, 45.747377466], [4.541445144, 45.746509893], [4.541320816, 45.745649661], [4.536595349, 45.744336144], [4.532228847, 45.742367279], [4.530937036, 45.742680241], [4.528669018, 45.742067942], [4.527293358, 45.742326157], [4.525429823, 45.740054711], [4.523803264, 45.739515596], [4.523448903, 45.738138779], [4.524692166, 45.735927978], [4.523787512, 45.735257511], [4.523789444, 45.733040974], [4.522764452, 45.730614049], [4.521054794, 45.729287048], [4.525184119, 45.725367449], [4.527024917, 45.724132948], [4.528982162, 45.721253141], [4.530449063, 45.720175864], [4.531565011, 45.720310215], [4.535390067, 45.722616996], [4.539006994, 45.723579109], [4.541129887, 45.721867676], [4.542709427, 45.72128676], [4.547265222, 45.718669145], [4.552065754, 45.716632499], [4.556379615, 45.716046124], [4.563454396, 45.716981266], [4.566320078, 45.719060739], [4.568264969, 45.716321796], [4.57505468, 45.714506846], [4.576449181, 45.712821117], [4.572903174, 45.712272622], [4.570926243, 45.711154551], [4.567646878, 45.708214517], [4.565206339, 45.707285633], [4.564477713, 45.704249711], [4.562696537, 45.703947486], [4.564278274, 45.701515367], [4.567706262, 45.701238056], [4.57093502, 45.70141465], [4.575741937, 45.699955103], [4.581293533, 45.69915049], [4.581871536, 45.698372307], [4.578293415, 45.697298456], [4.575614303, 45.694932081], [4.579733396, 45.690967316], [4.580470408, 45.689639306], [4.583504904, 45.68650741], [4.583378422, 45.683793682], [4.586548647, 45.680975924], [4.587938206, 45.682025433], [4.59030354, 45.682955775], [4.590472278, 45.679661456], [4.589957885, 45.678349243], [4.590439535, 45.676957218], [4.592343139, 45.676850161], [4.593356555, 45.676036036], [4.595672887, 45.675316934], [4.595733879, 45.674090261], [4.597380854, 45.671950344], [4.599482546, 45.670924375], [4.596810521, 45.67003821], [4.59038269, 45.665544782], [4.588117484, 45.66369076], [4.586607422, 45.661064995], [4.587646098, 45.659705662], [4.589118535, 45.659409287], [4.591535956, 45.657984514], [4.595886272, 45.657141156], [4.596469085, 45.656151168], [4.592678675, 45.653283094], [4.592216512, 45.651949442], [4.592534643, 45.650463349], [4.591122566, 45.649231392], [4.591664703, 45.648077182], [4.587996371, 45.64079579], [4.584525529, 45.636883594], [4.58177009, 45.635438064], [4.579915218, 45.635448808], [4.579252646, 45.634184573], [4.580405873, 45.632576917], [4.575676518, 45.631363396], [4.577290883, 45.629493528], [4.579575068, 45.628968827], [4.58214001, 45.629151655], [4.584162321, 45.628718807], [4.587566018, 45.626589409], [4.590643592, 45.625404808], [4.591887547, 45.625408832], [4.594896367, 45.621796897], [4.596167252, 45.620689073], [4.599984838, 45.619813444], [4.602558297, 45.618838326], [4.604723022, 45.618687683], [4.604127276, 45.615533044], [4.604769275, 45.612973205], [4.602680465, 45.608863531], [4.599927744, 45.60796963], [4.597251537, 45.605987477], [4.597196922, 45.605205577], [4.594787474, 45.60477142], [4.594567581, 45.603773903], [4.591729751, 45.602449597], [4.589079178, 45.602102494], [4.587583636, 45.602882869], [4.585478518, 45.600028652], [4.580494929, 45.598265055], [4.579855394, 45.597568825], [4.580740797, 45.595414621], [4.58239505, 45.593411711], [4.580063978, 45.590799258], [4.581548686, 45.590096589], [4.58194211, 45.588913896], [4.579321907, 45.586591007], [4.580324195, 45.585662759], [4.57977136, 45.583457615], [4.577341127, 45.582795527], [4.573825096, 45.584139939], [4.571881803, 45.583550174], [4.570351392, 45.582501582], [4.567577887, 45.583710232], [4.561993271, 45.580480758], [4.56027477, 45.580349708], [4.552934161, 45.578503231], [4.547661222, 45.579957535], [4.546106416, 45.580773299], [4.53164412, 45.577202045], [4.530182392, 45.575912412], [4.525395765, 45.573005338], [4.520979655, 45.572741843], [4.519947845, 45.573041301], [4.518800911, 45.57499048], [4.51427588, 45.576096264], [4.51252131, 45.577641966], [4.510578701, 45.577750041], [4.506656004, 45.576115781], [4.505313399, 45.57711276], [4.506016926, 45.579358539], [4.505060377, 45.580500749], [4.505335189, 45.581552619], [4.50461565, 45.587034536], [4.501273321, 45.585534613], [4.496727232, 45.584289292], [4.49397969, 45.585237277], [4.49068587, 45.584858593], [4.489718822, 45.584288698], [4.483603295, 45.58654639], [4.483223612, 45.587121501], [4.480485227, 45.587801541], [4.477713961, 45.587058044], [4.476246555, 45.587347508], [4.472608622, 45.585651584], [4.469602483, 45.584991122], [4.46857861, 45.585802459], [4.466213832, 45.58606298], [4.46490565, 45.584903806], [4.463641503, 45.581378088], [4.463025275, 45.578682417], [4.463331551, 45.577798515], [4.465660429, 45.57648388], [4.46239974, 45.573735291], [4.460850921, 45.572822376], [4.461052705, 45.571671452], [4.460147766, 45.569154244], [4.456000493, 45.567773338], [4.455077131, 45.567035072], [4.453058102, 45.566907182], [4.451317781, 45.564199867], [4.448128622, 45.560943811], [4.44738966, 45.558223536], [4.445115061, 45.555900375], [4.442827346, 45.55479048], [4.439850499, 45.555969748], [4.437628602, 45.556307106], [4.433092101, 45.557564673], [4.427681504, 45.561380116], [4.424248431, 45.562493608], [4.422663272, 45.564275296], [4.421876085, 45.565828018], [4.419118264, 45.565785416], [4.415951165, 45.566335107], [4.408728946, 45.565596382], [4.406417239, 45.566509736], [4.401827595, 45.566079833]]]], ""type"": ""MultiPolygon""}";45.688444196,4.463245904
9785.649;0;0.0;0;0.0;1;0.266;4;2165.806;2;67.196;"{""coordinates"": [[[[4.713002117, 45.574204845], [4.712290356, 45.574330075], [4.710681579, 45.576349588], [4.710353172, 45.578509028], [4.710861342, 45.580471098], [4.710327182, 45.581242107], [4.712081375, 45.583552692], [4.712275448, 45.58506019], [4.710902507, 45.586750964], [4.709180936, 45.587205873], [4.70336813, 45.588024536], [4.70523051, 45.588683532], [4.709467278, 45.588587678], [4.715102857, 45.589090011], [4.71870673, 45.5891854], [4.719961712, 45.592339343], [4.720119882, 45.594376988], [4.722882313, 45.59318722], [4.725911101, 45.591243919], [4.727405924, 45.590799442], [4.731548203, 45.590384464], [4.734083758, 45.589870726], [4.735840838, 45.590143547], [4.73656651, 45.590907841], [4.739530748, 45.591954568], [4.74623405, 45.591591274], [4.749872129, 45.593128055], [4.751218918, 45.594174417], [4.752030047, 45.595888422], [4.755381894, 45.598339198], [4.756496896, 45.600687928], [4.756030219, 45.602805556], [4.757397018, 45.604228933], [4.759145607, 45.604539361], [4.75840748, 45.605824494], [4.758140354, 45.607920999], [4.761365749, 45.609632313], [4.762836166, 45.611882653], [4.764149005, 45.609422068], [4.765597257, 45.610208177], [4.76797985, 45.610270733], [4.769376507, 45.610764877], [4.770862164, 45.609666057], [4.773488249, 45.609638195], [4.7742526, 45.610704286], [4.773794853, 45.611959883], [4.774981461, 45.614146996], [4.778158649, 45.614928173], [4.78015335, 45.614775032], [4.784182292, 45.616335183], [4.789180742, 45.618021192], [4.788695666, 45.622119031], [4.791168504, 45.62138254], [4.793328518, 45.621531877], [4.796489423, 45.62317479], [4.798329951, 45.622297817], [4.80249428, 45.621239494], [4.803651295, 45.624368948], [4.804392294, 45.628201318], [4.804420213, 45.632092861], [4.805923697, 45.634536704], [4.804781215, 45.635567437], [4.800193491, 45.634336682], [4.800232768, 45.635624075], [4.797354236, 45.63621952], [4.796194115, 45.637147763], [4.792014899, 45.636278546], [4.789967872, 45.637418098], [4.786834204, 45.636837396], [4.786516202, 45.638323214], [4.784017694, 45.637969237], [4.781049197, 45.638970105], [4.778946418, 45.638983546], [4.777671649, 45.643711695], [4.77567835, 45.648026031], [4.771167956, 45.649023018], [4.769562294, 45.650418247], [4.772209978, 45.650603574], [4.775049936, 45.651698225], [4.779003541, 45.652353681], [4.779506525, 45.654896544], [4.783868489, 45.65542108], [4.782124706, 45.657429362], [4.786318364, 45.658582466], [4.78503872, 45.66072394], [4.789709198, 45.662073824], [4.7890195, 45.66529673], [4.786601431, 45.664766774], [4.783698598, 45.667011435], [4.784794567, 45.668809006], [4.787692541, 45.669554763], [4.785944411, 45.672035145], [4.785654355, 45.673279127], [4.781165478, 45.672727821], [4.781488314, 45.674654743], [4.779831324, 45.674828659], [4.779904368, 45.676660454], [4.779229467, 45.67808884], [4.7799288, 45.678898339], [4.779183919, 45.680389078], [4.779841679, 45.681782897], [4.779050009, 45.68321853], [4.775270407, 45.683449299], [4.774162972, 45.684018884], [4.773895536, 45.685257071], [4.774946424, 45.687450863], [4.773347387, 45.689164882], [4.770844216, 45.688533231], [4.770334768, 45.689199658], [4.765219197, 45.688093701], [4.764416, 45.689787008], [4.766336926, 45.692108658], [4.766769001, 45.694249176], [4.7661315, 45.696544274], [4.766478865, 45.698687923], [4.76761643, 45.702348584], [4.767878778, 45.705569915], [4.768958427, 45.707774126], [4.772569781, 45.712310111], [4.773140786, 45.713678318], [4.775203398, 45.714728505], [4.77766554, 45.717405349], [4.778261049, 45.718490323], [4.778649957, 45.720907109], [4.780394331, 45.722805299], [4.778788929, 45.723548515], [4.776244454, 45.724043501], [4.775577987, 45.725755451], [4.773337827, 45.72644013], [4.77175247, 45.728617765], [4.763252841, 45.726766766], [4.740173675, 45.72758747], [4.735377436, 45.725275442], [4.735047244, 45.727621456], [4.734218057, 45.729189731], [4.730924576, 45.732441449], [4.72697585, 45.732805544], [4.725567307, 45.733541369], [4.727141239, 45.735794244], [4.727317437, 45.73781092], [4.725011507, 45.73790567], [4.722146641, 45.737276641], [4.721834464, 45.735761025], [4.718822192, 45.735433198], [4.718064311, 45.736086048], [4.712614442, 45.736084299], [4.710983293, 45.738239217], [4.708351644, 45.739324833], [4.707641862, 45.741373865], [4.706348681, 45.742694951], [4.70946671, 45.742563958], [4.710016405, 45.743367153], [4.70940825, 45.745582185], [4.710121986, 45.746821533], [4.710199091, 45.751558943], [4.714195133, 45.752923182], [4.715962855, 45.754121252], [4.715648915, 45.756649792], [4.716658334, 45.758824038], [4.714746781, 45.758926072], [4.70778673, 45.760262025], [4.705916324, 45.760823542], [4.712615416, 45.765056197], [4.714590039, 45.767850799], [4.712416795, 45.768198154], [4.711857478, 45.769835109], [4.711659188, 45.773986745], [4.709559399, 45.773721351], [4.705463151, 45.77382568], [4.704709515, 45.774846753], [4.699497489, 45.77772115], [4.696448192, 45.778227295], [4.6920283, 45.784208535], [4.691760301, 45.789287077], [4.692163993, 45.790234862], [4.695136061, 45.791090957], [4.70104823, 45.791128999], [4.704536619, 45.792688618], [4.706405882, 45.79430505], [4.703185831, 45.795356167], [4.702672216, 45.796989679], [4.701670087, 45.797480361], [4.700273333, 45.803096553], [4.695145215, 45.809553323], [4.69333894, 45.811340393], [4.692678929, 45.812582445], [4.69433654, 45.819043508], [4.694571952, 45.825201653], [4.697557365, 45.825717049], [4.700420656, 45.827828445], [4.701455631, 45.82616998], [4.704957543, 45.82534256], [4.706189959, 45.826326427], [4.709936439, 45.827032656], [4.711505056, 45.82809334], [4.71356793, 45.828264716], [4.714901706, 45.829518065], [4.716875376, 45.828145128], [4.720905401, 45.823101989], [4.725527522, 45.823260234], [4.725395252, 45.825787835], [4.729779172, 45.825778414], [4.731453435, 45.826376045], [4.7371834, 45.826601492], [4.732622632, 45.831157985], [4.737324663, 45.833299695], [4.735724872, 45.837454944], [4.735404664, 45.83899197], [4.73332725, 45.841039653], [4.734523993, 45.842747041], [4.734228348, 45.844493551], [4.735405641, 45.845374379], [4.734634327, 45.846297743], [4.734959385, 45.847986985], [4.734699277, 45.851110135], [4.735102968, 45.853249425], [4.736616402, 45.854073741], [4.736704907, 45.855206374], [4.73584717, 45.856418399], [4.733172866, 45.857131381], [4.733884998, 45.860143235], [4.734540263, 45.861139271], [4.736146042, 45.865791997], [4.737584169, 45.86589239], [4.735614173, 45.869826339], [4.737759779, 45.870688674], [4.74270386, 45.87070622], [4.742437711, 45.872444193], [4.742837362, 45.877582896], [4.746467709, 45.878975208], [4.749264965, 45.871052514], [4.753088248, 45.860755758], [4.755143262, 45.857233589], [4.761799885, 45.849921562], [4.766039287, 45.848034121], [4.771028823, 45.850372638], [4.771983482, 45.852927419], [4.774608485, 45.855391119], [4.777801468, 45.855271568], [4.778161342, 45.855958559], [4.780612054, 45.856324387], [4.782574133, 45.857125716], [4.782295237, 45.860263725], [4.783104946, 45.861264263], [4.785514544, 45.861466707], [4.786426188, 45.86489576], [4.78769402, 45.865745809], [4.787336207, 45.86886797], [4.78902049, 45.869714121], [4.789765311, 45.871170507], [4.789623883, 45.874481104], [4.790013828, 45.877317613], [4.788530486, 45.879493823], [4.790026039, 45.883056832], [4.789915561, 45.885295078], [4.788468886, 45.885546759], [4.789368726, 45.888554447], [4.789353084, 45.891132566], [4.789986508, 45.891810692], [4.78725675, 45.892954561], [4.788465198, 45.894657635], [4.789630907, 45.894644594], [4.792940457, 45.896215268], [4.79342579, 45.897294746], [4.791032489, 45.897801958], [4.783327801, 45.897665227], [4.783207174, 45.897286124], [4.778162949, 45.897839341], [4.776573672, 45.897560779], [4.77593259, 45.894479578], [4.774249915, 45.895984977], [4.772403082, 45.896881335], [4.770190581, 45.89719882], [4.768613539, 45.898586285], [4.76355866, 45.897483495], [4.763768795, 45.896430882], [4.75884308, 45.898113586], [4.757674322, 45.899287378], [4.755865615, 45.898881333], [4.750964728, 45.898963634], [4.749830899, 45.899292832], [4.750664102, 45.901765006], [4.746541401, 45.900845177], [4.742795225, 45.900812904], [4.738376515, 45.902690447], [4.737581729, 45.902565754], [4.733861478, 45.911317407], [4.73764045, 45.911671938], [4.740739584, 45.916524153], [4.743281486, 45.918431445], [4.744493823, 45.918611812], [4.746706461, 45.922460641], [4.749626751, 45.922490272], [4.755692464, 45.930383838], [4.758452166, 45.930383314], [4.761729311, 45.929772086], [4.762234515, 45.931079266], [4.761117868, 45.934952621], [4.765521025, 45.93639901], [4.769147427, 45.938252794], [4.772346713, 45.939182712], [4.775165354, 45.939034046], [4.777730599, 45.938314631], [4.780130814, 45.936485362], [4.788706988, 45.924293026], [4.791227361, 45.922576899], [4.79403235, 45.921917254], [4.801240223, 45.92254311], [4.805708908, 45.922007993], [4.808011186, 45.921019149], [4.810292083, 45.918164288], [4.810703619, 45.91505739], [4.810482243, 45.911657978], [4.810921928, 45.909173933], [4.809519903, 45.90640051], [4.807331179, 45.904734034], [4.804920524, 45.903496203], [4.803428472, 45.900678212], [4.805150279, 45.896290315], [4.809726222, 45.897555651], [4.813738297, 45.90041874], [4.81576335, 45.900836606], [4.816152748, 45.901534724], [4.818262917, 45.902379927], [4.820998583, 45.902786272], [4.823738478, 45.90472283], [4.827884912, 45.905879982], [4.830062513, 45.906180737], [4.832811118, 45.908015159], [4.836202599, 45.909775128], [4.839359913, 45.910195809], [4.842023367, 45.911204522], [4.844602414, 45.911538997], [4.845675896, 45.912306027], [4.84854667, 45.913294994], [4.849806328, 45.912878074], [4.850790653, 45.910872236], [4.851871026, 45.910421295], [4.852937676, 45.908603244], [4.852945562, 45.906842167], [4.857169212, 45.906820624], [4.858691175, 45.906153391], [4.862545642, 45.90547927], [4.867931492, 45.903661908], [4.871342321, 45.90311551], [4.871998085, 45.903505488], [4.87271534, 45.899173635], [4.871848303, 45.893510592], [4.873166706, 45.893550007], [4.875828274, 45.896479245], [4.877722875, 45.896995452], [4.880132874, 45.897000441], [4.880717747, 45.897505942], [4.883318515, 45.883232626], [4.884260309, 45.880146279], [4.889799248, 45.879425987], [4.89012253, 45.878172142], [4.895318692, 45.877992353], [4.896396408, 45.877568038], [4.89984023, 45.877771423], [4.9020601, 45.877522412], [4.902291274, 45.875887257], [4.903699718, 45.874885324], [4.906882682, 45.874820858], [4.908975231, 45.874325248], [4.907623874, 45.871494473], [4.908515628, 45.87069576], [4.907993056, 45.868785075], [4.903872216, 45.865389372], [4.901988341, 45.863216052], [4.900743029, 45.855812099], [4.903498951, 45.855209037], [4.909166626, 45.853258753], [4.913300472, 45.848237365], [4.913902166, 45.845889711], [4.917037545, 45.845208718], [4.917778765, 45.841875045], [4.916915395, 45.840579999], [4.918323872, 45.839538232], [4.917701268, 45.837197828], [4.918676346, 45.836925453], [4.918602287, 45.833831709], [4.921566553, 45.832735534], [4.92146909, 45.830565464], [4.919245335, 45.829608842], [4.920352935, 45.828038909], [4.919258814, 45.827625146], [4.920528816, 45.824577009], [4.919917994, 45.824462191], [4.91964167, 45.821999715], [4.922429228, 45.81932568], [4.920011144, 45.817843644], [4.919301636, 45.816926126], [4.920213033, 45.815796393], [4.919988967, 45.814168933], [4.919043096, 45.814121061], [4.918233803, 45.811553246], [4.918388873, 45.806971166], [4.922061762, 45.80625654], [4.923740419, 45.805234409], [4.92376306, 45.804072946], [4.929905615, 45.80534085], [4.941513283, 45.809244772], [4.946122289, 45.809622098], [4.951903121, 45.808932291], [4.9639205, 45.810852379], [4.970125877, 45.807587055], [4.974903232, 45.807482858], [4.980365061, 45.805455012], [4.981818043, 45.805531299], [4.993249447, 45.808119728], [4.995274726, 45.808383007], [4.999488192, 45.810382949], [5.00244195, 45.81024592], [5.006069133, 45.807160302], [5.010726784, 45.805397474], [5.014156067, 45.805204822], [5.019739747, 45.806516581], [5.021790596, 45.808495826], [5.028424904, 45.809746006], [5.034834339, 45.807892132], [5.036727564, 45.807747192], [5.038057341, 45.808598759], [5.041038892, 45.810506814], [5.045400971, 45.811843008], [5.049337138, 45.812110321], [5.055534503, 45.811351779], [5.058442005, 45.810320536], [5.059775634, 45.803565455], [5.05941127, 45.802291171], [5.059941275, 45.799996178], [5.059071942, 45.796265629], [5.057658619, 45.792792714], [5.059088485, 45.792046898], [5.060290484, 45.788473119], [5.060149627, 45.785007625], [5.059732291, 45.782137201], [5.057152569, 45.782007709], [5.057524637, 45.776719562], [5.054734637, 45.776674926], [5.053043512, 45.775369836], [5.052377299, 45.772960625], [5.052140646, 45.768599686], [5.052330676, 45.765468675], [5.046446646, 45.765166622], [5.043712705, 45.765299063], [5.036081496, 45.767596261], [5.035898461, 45.766855513], [5.036467523, 45.762320581], [5.041016776, 45.756739933], [5.046521222, 45.752516362], [5.047588533, 45.751143099], [5.039696513, 45.751302337], [5.035501784, 45.751860953], [5.031604249, 45.751720452], [5.022869252, 45.75191261], [5.021928425, 45.752398791], [5.018982308, 45.75234258], [5.014992079, 45.751529381], [4.994876345, 45.746630994], [4.993622108, 45.744353498], [4.990348688, 45.744948189], [4.980297759, 45.735277931], [4.978761889, 45.733588932], [4.977701889, 45.729738728], [4.976218398, 45.72720566], [4.973485383, 45.720756303], [4.974413407, 45.718006219], [4.976927008, 45.712132383], [4.982344605, 45.714695383], [4.993505567, 45.710551317], [5.000030668, 45.708236903], [4.998277405, 45.703338073], [4.994199746, 45.693395532], [4.989542761, 45.689745983], [4.98790628, 45.688949769], [4.9895697, 45.687278297], [4.990928296, 45.685174413], [4.991094336, 45.677752734], [4.988634331, 45.678381699], [4.984896458, 45.679856441], [4.980509501, 45.681010088], [4.97458711, 45.681167221], [4.969115578, 45.676769104], [4.971351368, 45.675974248], [4.974358341, 45.675403631], [4.974716869, 45.668670433], [4.968761785, 45.668124359], [4.969566999, 45.66493779], [4.970766576, 45.664134937], [4.969235042, 45.661420713], [4.970563465, 45.661316402], [4.970440558, 45.659920569], [4.969339381, 45.659803821], [4.969224682, 45.655315527], [4.966244167, 45.654901931], [4.966273413, 45.65337463], [4.964394631, 45.653456072], [4.963366651, 45.651342807], [4.960350115, 45.651137763], [4.960923352, 45.650315294], [4.960512701, 45.648474989], [4.959018091, 45.647503872], [4.959778428, 45.646597984], [4.959704176, 45.643556514], [4.959102784, 45.641948321], [4.952582582, 45.645646639], [4.94629729, 45.648050622], [4.935217174, 45.652847208], [4.918644358, 45.659546019], [4.917077061, 45.648190874], [4.892276286, 45.641759501], [4.89475953, 45.652148301], [4.897021834, 45.66007366], [4.888046702, 45.664479624], [4.883800199, 45.662532195], [4.873581157, 45.663934014], [4.857556355, 45.663347434], [4.857621365, 45.660997253], [4.856964312, 45.656842209], [4.856425447, 45.651612445], [4.856185451, 45.641657029], [4.856343565, 45.639018886], [4.852973183, 45.638910495], [4.853095693, 45.635127219], [4.851952311, 45.634377719], [4.849035895, 45.634051874], [4.845247139, 45.632320717], [4.842469508, 45.632457202], [4.840769462, 45.632104017], [4.839497521, 45.630491803], [4.838252592, 45.630194191], [4.836496739, 45.631639699], [4.830670295, 45.632175089], [4.828001725, 45.631765407], [4.826054511, 45.632517599], [4.822016892, 45.633420714], [4.822887874, 45.636400603], [4.82394808, 45.638144335], [4.820271765, 45.642005795], [4.817300171, 45.639691228], [4.812554996, 45.63810232], [4.810503496, 45.636698697], [4.808524695, 45.63598472], [4.807686476, 45.632725885], [4.80722532, 45.628154052], [4.807477453, 45.624983086], [4.80723169, 45.622093035], [4.806134332, 45.61969584], [4.804319638, 45.617970366], [4.802014165, 45.613898263], [4.801014155, 45.608127198], [4.79473655, 45.602589989], [4.792059128, 45.599790041], [4.789244553, 45.596071694], [4.787398568, 45.59440952], [4.785405199, 45.593306294], [4.781814143, 45.592067135], [4.777769922, 45.589733467], [4.77690293, 45.587539544], [4.776933815, 45.586061901], [4.778659363, 45.583149662], [4.780466067, 45.581332267], [4.781755647, 45.580629103], [4.786129722, 45.57908254], [4.791098219, 45.577640725], [4.795231064, 45.576145381], [4.803273436, 45.574116166], [4.80526058, 45.573423151], [4.808808134, 45.572798676], [4.803086601, 45.570224495], [4.794794813, 45.566749863], [4.792607423, 45.565568816], [4.787960226, 45.564293581], [4.787516115, 45.563325181], [4.783339233, 45.561354142], [4.77806921, 45.560630611], [4.775681281, 45.559093939], [4.771597412, 45.559449316], [4.766567317, 45.557069587], [4.762624463, 45.562948204], [4.762325909, 45.564972252], [4.758783545, 45.568508934], [4.75859489, 45.572911796], [4.75796115, 45.575170752], [4.757813178, 45.577299614], [4.75661235, 45.577531849], [4.752644006, 45.575948211], [4.75037543, 45.576646468], [4.74771882, 45.5764293], [4.74632552, 45.574826998], [4.745389722, 45.572518639], [4.744088913, 45.571486818], [4.741233704, 45.570041333], [4.741486767, 45.573770789], [4.739825753, 45.57531778], [4.738543397, 45.575732122], [4.736254894, 45.575348668], [4.734664191, 45.577140383], [4.733328582, 45.576469252], [4.730564644, 45.576467699], [4.728071745, 45.575780089], [4.725764062, 45.57444829], [4.724255629, 45.575142451], [4.718313754, 45.573032147], [4.716117011, 45.574196067], [4.714325604, 45.573498346], [4.713002117, 45.574204845]]]], ""type"": ""MultiPolygon""}";45.763270576,4.85388642
598.959;0;0.0;0;0.0;0;0.0;0;0.0;0;0.0;"{""coordinates"": [[[[4.748653773, 45.962632107], [4.7502555, 45.964629457], [4.744196109, 45.967426012], [4.736291353, 45.969561503], [4.733938429, 45.966667553], [4.732698199, 45.96456627], [4.729870438, 45.960686927], [4.722539848, 45.962501045], [4.71938891, 45.963134404], [4.719679915, 45.963767684], [4.716080821, 45.964612216], [4.707056493, 45.965860116], [4.701527246, 45.966490978], [4.701851254, 45.967487688], [4.698735827, 45.968744117], [4.697450062, 45.969647889], [4.696849531, 45.971411456], [4.695304749, 45.973177451], [4.693012319, 45.974788875], [4.689437811, 45.972808485], [4.687806791, 45.972318511], [4.682025008, 45.97506971], [4.68064308, 45.978041812], [4.680761357, 45.979546021], [4.678581367, 45.979359486], [4.676882789, 45.978011991], [4.675888829, 45.978250078], [4.674199729, 45.977083443], [4.67411388, 45.976214641], [4.670563952, 45.976471526], [4.6657584, 45.97741419], [4.663951442, 45.978024405], [4.660286282, 45.978449286], [4.659142839, 45.979259554], [4.652856966, 45.977384368], [4.649908854, 45.977079695], [4.648445466, 45.976139972], [4.64218809, 45.97675419], [4.639894708, 45.978693279], [4.636540105, 45.978186085], [4.634825841, 45.978274795], [4.634974176, 45.979658809], [4.638623369, 45.980858919], [4.629217747, 45.980498346], [4.627698558, 45.980065346], [4.62295059, 45.979971367], [4.618964057, 45.978092864], [4.621564352, 45.977471116], [4.62338845, 45.975456273], [4.620827531, 45.974384218], [4.622338821, 45.972233361], [4.619745386, 45.971586872], [4.618641196, 45.970012959], [4.620141093, 45.968661199], [4.619698287, 45.967395772], [4.618310679, 45.966414957], [4.621636033, 45.964337237], [4.62188047, 45.961279521], [4.621029225, 45.960264935], [4.618292024, 45.959189053], [4.618670788, 45.958279353], [4.621003127, 45.958237872], [4.622541324, 45.956664859], [4.622755589, 45.955346791], [4.617513062, 45.955883876], [4.613847738, 45.955426407], [4.612232907, 45.952624884], [4.609358388, 45.951558856], [4.608701367, 45.94873736], [4.606524906, 45.948133295], [4.605248655, 45.948467542], [4.602748933, 45.950063844], [4.594908932, 45.949935911], [4.59362186, 45.949409131], [4.593192184, 45.951963193], [4.595461241, 45.953757804], [4.593664252, 45.955559252], [4.592122004, 45.958850408], [4.589479398, 45.96205792], [4.588808331, 45.96350752], [4.588654809, 45.96633329], [4.587529533, 45.968248597], [4.583911185, 45.968500124], [4.583643921, 45.970614141], [4.579336022, 45.971239033], [4.577625554, 45.97415944], [4.576548438, 45.976737755], [4.574049169, 45.978197385], [4.573386066, 45.979223458], [4.574940056, 45.980031375], [4.572387837, 45.98140794], [4.569644207, 45.984729845], [4.566302234, 45.985880334], [4.565025884, 45.986976979], [4.565388929, 45.988884083], [4.563463255, 45.990869636], [4.562206895, 45.992767567], [4.562143678, 45.99504713], [4.559823997, 45.996046413], [4.557074635, 45.996340928], [4.55291332, 45.998577663], [4.550667482, 45.998860613], [4.54596844, 45.998579882], [4.550251289, 46.002849054], [4.548642221, 46.004134693], [4.548242481, 46.006463873], [4.549429041, 46.008025619], [4.547531171, 46.008516299], [4.544677642, 46.008577753], [4.544045695, 46.009641045], [4.544519848, 46.01147464], [4.545966783, 46.012687918], [4.543875104, 46.013096516], [4.542974624, 46.01491191], [4.545231714, 46.016753636], [4.545129228, 46.017569234], [4.543240854, 46.018549669], [4.540124505, 46.018154341], [4.53903574, 46.018931093], [4.539205539, 46.020656259], [4.53840941, 46.021774884], [4.535667108, 46.0232054], [4.532498298, 46.023161828], [4.530356192, 46.023587964], [4.525580204, 46.025545539], [4.524815971, 46.02628806], [4.519495872, 46.026164064], [4.518638586, 46.026630386], [4.515511778, 46.025489674], [4.513903669, 46.025876832], [4.513744637, 46.026863375], [4.516731559, 46.03099439], [4.515915554, 46.033337108], [4.518175177, 46.035885452], [4.522683557, 46.036504082], [4.521323637, 46.037458124], [4.524199365, 46.04010256], [4.528773101, 46.042172839], [4.531487074, 46.041913748], [4.532952247, 46.042278529], [4.535511, 46.043964167], [4.536087884, 46.045817119], [4.535348918, 46.046867392], [4.535978389, 46.048471952], [4.536748864, 46.052527999], [4.535336088, 46.055624695], [4.537730066, 46.056713582], [4.537169797, 46.058051455], [4.538933017, 46.062021076], [4.538993635, 46.063954875], [4.540592401, 46.066616242], [4.541697425, 46.067631586], [4.541821288, 46.069002511], [4.542986654, 46.072118268], [4.543965559, 46.072600313], [4.545042153, 46.07457702], [4.547381107, 46.07643293], [4.548326624, 46.078068243], [4.549277426, 46.080990524], [4.54961529, 46.083333039], [4.55095214, 46.085389902], [4.552061961, 46.08417234], [4.555596308, 46.083332253], [4.559687363, 46.083823694], [4.562801518, 46.083095435], [4.565560903, 46.084409295], [4.568896873, 46.085104465], [4.572906094, 46.085621782], [4.575951533, 46.087959992], [4.577754158, 46.088347448], [4.58015959, 46.08822481], [4.583753372, 46.086263483], [4.583706416, 46.083961123], [4.585865057, 46.081887348], [4.589371164, 46.082598453], [4.591310273, 46.082025465], [4.591723213, 46.079525709], [4.595737059, 46.077757142], [4.610216134, 46.06979232], [4.613348771, 46.068816505], [4.616544517, 46.067306501], [4.624359945, 46.062881484], [4.625660611, 46.062324241], [4.645720408, 46.075760489], [4.645970998, 46.077386194], [4.644460366, 46.082133097], [4.652306006, 46.079920507], [4.653491355, 46.079354719], [4.655469984, 46.079388011], [4.65930535, 46.078760943], [4.659537483, 46.077148017], [4.662206959, 46.076961222], [4.665443788, 46.077218182], [4.66915915, 46.073373468], [4.667335993, 46.072443746], [4.669402348, 46.071709014], [4.670138555, 46.070384968], [4.671857281, 46.069754384], [4.674751561, 46.067997669], [4.680929154, 46.062838078], [4.679740977, 46.062444065], [4.683196773, 46.05944035], [4.684548503, 46.059050995], [4.685470129, 46.057040458], [4.685657084, 46.054952568], [4.680922245, 46.054616638], [4.681977009, 46.053446307], [4.681415967, 46.051091203], [4.677145083, 46.052212769], [4.677049736, 46.049299533], [4.674243403, 46.047962944], [4.671137987, 46.047548502], [4.673115116, 46.046294402], [4.672792578, 46.045429091], [4.674148759, 46.04379323], [4.675992789, 46.039112999], [4.675998206, 46.035556978], [4.678507112, 46.036320574], [4.680149726, 46.03484522], [4.681595009, 46.03512372], [4.683293975, 46.033338544], [4.684363457, 46.034099058], [4.689088399, 46.035348273], [4.700871736, 46.03942519], [4.700914733, 46.039226391], [4.71547407, 46.038655736], [4.715525408, 46.035036831], [4.716394499, 46.033297925], [4.718146338, 46.033946013], [4.722476308, 46.033831662], [4.725188838, 46.034100254], [4.726236493, 46.033322307], [4.72860779, 46.029277121], [4.729767599, 46.029602597], [4.731114293, 46.027813046], [4.734624429, 46.027549515], [4.744330706, 46.027239322], [4.746624885, 46.027818277], [4.746274895, 46.026243821], [4.744116874, 46.020537717], [4.743954159, 46.018749606], [4.744876691, 46.015960312], [4.748572192, 46.010572929], [4.749494116, 46.006272204], [4.74916783, 46.0035715], [4.748456007, 46.001996332], [4.749423928, 45.99609793], [4.755684404, 45.997123362], [4.75672329, 45.996389385], [4.759975433, 45.99701444], [4.763099752, 45.996995579], [4.764091948, 45.9938006], [4.764891117, 45.9929712], [4.765126176, 45.990670708], [4.766442488, 45.987919211], [4.764475274, 45.986692474], [4.766987356, 45.985008598], [4.766964981, 45.983788474], [4.769228541, 45.98008721], [4.768776691, 45.976881406], [4.770664199, 45.974232616], [4.776507416, 45.973320534], [4.773277685, 45.970587036], [4.7683713, 45.970093618], [4.767777222, 45.968649136], [4.761779967, 45.963283372], [4.759310326, 45.959600019], [4.757487746, 45.958578996], [4.753451735, 45.956950043], [4.750521033, 45.95941292], [4.750007391, 45.960887224], [4.750711766, 45.961471705], [4.748653773, 45.962632107]]]], ""type"": ""MultiPolygon""}";46.018032754,4.637633151
1.656;0;0.0;0;0.0;0;0.0;0;0.0;0;0.0;"{""coordinates"": [[[[4.734699277, 45.851110135], [4.733541135, 45.851375606], [4.727589339, 45.849333898], [4.72687654, 45.848797166], [4.718636084, 45.845465019], [4.715527492, 45.843930633], [4.710927606, 45.842964586], [4.699197433, 45.841578927], [4.687087071, 45.83810632], [4.684743004, 45.838441239], [4.676637262, 45.84195026], [4.675361148, 45.843001389], [4.676035905, 45.844341521], [4.67484824, 45.845548953], [4.674493953, 45.847591575], [4.669945334, 45.851029297], [4.669519226, 45.853090976], [4.670379769, 45.855714587], [4.667700404, 45.85530472], [4.665631122, 45.855888268], [4.662652121, 45.855586278], [4.66048199, 45.856204541], [4.659088408, 45.857742676], [4.655539505, 45.857008426], [4.652412726, 45.854742127], [4.650087435, 45.852459539], [4.647529758, 45.85106387], [4.645601138, 45.850963179], [4.643683091, 45.850005749], [4.643153492, 45.848928125], [4.641371359, 45.848029926], [4.639391704, 45.848723377], [4.636796849, 45.846363377], [4.633199591, 45.852014994], [4.629088834, 45.856235499], [4.628259114, 45.856161894], [4.628474822, 45.858796887], [4.627506577, 45.859403487], [4.624002338, 45.867268226], [4.624558079, 45.871341232], [4.624032161, 45.876118806], [4.627754906, 45.880094915], [4.624375798, 45.879948975], [4.623620263, 45.879209561], [4.61695187, 45.880920067], [4.606296195, 45.880350539], [4.603661953, 45.877524685], [4.600173927, 45.87841625], [4.598875205, 45.87712054], [4.594920421, 45.879397478], [4.588203654, 45.879100255], [4.583138863, 45.879297396], [4.579890333, 45.881721522], [4.576548591, 45.886578665], [4.57385098, 45.890163996], [4.570268361, 45.895386361], [4.566956786, 45.895100855], [4.561893149, 45.895073641], [4.561079278, 45.897945404], [4.55860895, 45.898810797], [4.558246561, 45.900365841], [4.555191322, 45.901721073], [4.550633367, 45.901026203], [4.550124198, 45.900260412], [4.547003868, 45.901049794], [4.545504409, 45.901080204], [4.544673859, 45.902469569], [4.541853717, 45.902882731], [4.540899064, 45.901775316], [4.536450594, 45.901669221], [4.532685863, 45.902537208], [4.531077416, 45.903661406], [4.527645132, 45.904336484], [4.523952005, 45.905472507], [4.520258507, 45.907442423], [4.517043939, 45.908212419], [4.513413915, 45.90865644], [4.512029977, 45.908531746], [4.50786634, 45.909751882], [4.505601036, 45.909433505], [4.501543532, 45.910862746], [4.499810635, 45.911096492], [4.498923492, 45.912065648], [4.495458197, 45.912793313], [4.492241789, 45.914329076], [4.490264221, 45.916304161], [4.48937745, 45.918967362], [4.489993585, 45.921184762], [4.49108247, 45.923177071], [4.489419376, 45.926343158], [4.489276208, 45.927635678], [4.486537348, 45.929353215], [4.485682316, 45.931101804], [4.485850711, 45.932799123], [4.48144125, 45.936630669], [4.480952047, 45.938312284], [4.47915304, 45.940349668], [4.48067578, 45.942441782], [4.482072341, 45.945501928], [4.478146319, 45.94675564], [4.478491175, 45.952436042], [4.480108739, 45.958765392], [4.482987269, 45.961213518], [4.480176202, 45.961899676], [4.477718728, 45.96291529], [4.475930477, 45.96442469], [4.476872739, 45.965801205], [4.476374567, 45.96716318], [4.472248738, 45.969121777], [4.471387402, 45.969901228], [4.468804019, 45.977206604], [4.464515787, 45.976352489], [4.457375865, 45.977024619], [4.457938997, 45.977850468], [4.459912877, 45.978386141], [4.460784913, 45.979507909], [4.463300824, 45.979096256], [4.467108692, 45.97985397], [4.469970899, 45.982397212], [4.472039797, 45.983624944], [4.475914437, 45.984832725], [4.475145214, 45.987465438], [4.473121394, 45.989184999], [4.474095359, 45.990622373], [4.475613058, 45.991759045], [4.477396662, 45.992160903], [4.478301306, 45.993128107], [4.481902908, 45.994819303], [4.483064488, 45.99462307], [4.488793779, 45.995612487], [4.492452427, 45.996625314], [4.494667273, 45.99766879], [4.494835813, 45.999163453], [4.496256195, 46.000356082], [4.500040977, 46.002660343], [4.502997872, 46.002703114], [4.506856344, 46.004047878], [4.510723214, 46.003526239], [4.512143222, 46.003042556], [4.515902267, 46.0025519], [4.52063745, 46.002357847], [4.522506449, 46.002784877], [4.526994622, 46.00211923], [4.529854202, 46.000427938], [4.531900727, 45.999989581], [4.534921759, 46.001547366], [4.534800902, 46.0024965], [4.538957191, 46.003647908], [4.54278287, 46.001253249], [4.544108539, 46.001057758], [4.54596844, 45.998579882], [4.550667482, 45.998860613], [4.55291332, 45.998577663], [4.557074635, 45.996340928], [4.559823997, 45.996046413], [4.562143678, 45.99504713], [4.562206895, 45.992767567], [4.563463255, 45.990869636], [4.565388929, 45.988884083], [4.565025884, 45.986976979], [4.566302234, 45.985880334], [4.569644207, 45.984729845], [4.572387837, 45.98140794], [4.574940056, 45.980031375], [4.573386066, 45.979223458], [4.574049169, 45.978197385], [4.576548438, 45.976737755], [4.577625554, 45.97415944], [4.579336022, 45.971239033], [4.583643921, 45.970614141], [4.583911185, 45.968500124], [4.587529533, 45.968248597], [4.588654809, 45.96633329], [4.588808331, 45.96350752], [4.589479398, 45.96205792], [4.592122004, 45.958850408], [4.593664252, 45.955559252], [4.595461241, 45.953757804], [4.593192184, 45.951963193], [4.59362186, 45.949409131], [4.594908932, 45.949935911], [4.602748933, 45.950063844], [4.605248655, 45.948467542], [4.606524906, 45.948133295], [4.608701367, 45.94873736], [4.609358388, 45.951558856], [4.612232907, 45.952624884], [4.613847738, 45.955426407], [4.617513062, 45.955883876], [4.622755589, 45.955346791], [4.622541324, 45.956664859], [4.621003127, 45.958237872], [4.618670788, 45.958279353], [4.618292024, 45.959189053], [4.621029225, 45.960264935], [4.62188047, 45.961279521], [4.621636033, 45.964337237], [4.618310679, 45.966414957], [4.619698287, 45.967395772], [4.620141093, 45.968661199], [4.618641196, 45.970012959], [4.619745386, 45.971586872], [4.622338821, 45.972233361], [4.620827531, 45.974384218], [4.62338845, 45.975456273], [4.621564352, 45.977471116], [4.618964057, 45.978092864], [4.62295059, 45.979971367], [4.627698558, 45.980065346], [4.629217747, 45.980498346], [4.638623369, 45.980858919], [4.634974176, 45.979658809], [4.634825841, 45.978274795], [4.636540105, 45.978186085], [4.639894708, 45.978693279], [4.64218809, 45.97675419], [4.648445466, 45.976139972], [4.649908854, 45.977079695], [4.652856966, 45.977384368], [4.659142839, 45.979259554], [4.660286282, 45.978449286], [4.663951442, 45.978024405], [4.6657584, 45.97741419], [4.670563952, 45.976471526], [4.67411388, 45.976214641], [4.674199729, 45.977083443], [4.675888829, 45.978250078], [4.676882789, 45.978011991], [4.678581367, 45.979359486], [4.680761357, 45.979546021], [4.68064308, 45.978041812], [4.682025008, 45.97506971], [4.687806791, 45.972318511], [4.689437811, 45.972808485], [4.693012319, 45.974788875], [4.695304749, 45.973177451], [4.696849531, 45.971411456], [4.697450062, 45.969647889], [4.698735827, 45.968744117], [4.701851254, 45.967487688], [4.701527246, 45.966490978], [4.707056493, 45.965860116], [4.716080821, 45.964612216], [4.719679915, 45.963767684], [4.71938891, 45.963134404], [4.722539848, 45.962501045], [4.729870438, 45.960686927], [4.732698199, 45.96456627], [4.733938429, 45.966667553], [4.736291353, 45.969561503], [4.744196109, 45.967426012], [4.7502555, 45.964629457], [4.748653773, 45.962632107], [4.74599118, 45.960491677], [4.738695299, 45.956231018], [4.733499613, 45.952977179], [4.729114135, 45.949517084], [4.728131944, 45.947679328], [4.728625143, 45.944304947], [4.730554891, 45.941948022], [4.733767162, 45.939819114], [4.736482639, 45.938565121], [4.740720065, 45.9377209], [4.747238628, 45.937085411], [4.75270947, 45.935253416], [4.755947398, 45.934534883], [4.761117868, 45.934952621], [4.762234515, 45.931079266], [4.761729311, 45.929772086], [4.758452166, 45.930383314], [4.755692464, 45.930383838], [4.749626751, 45.922490272], [4.746706461, 45.922460641], [4.744493823, 45.918611812], [4.743281486, 45.918431445], [4.740739584, 45.916524153], [4.73764045, 45.911671938], [4.733861478, 45.911317407], [4.737581729, 45.902565754], [4.738376515, 45.902690447], [4.742795225, 45.900812904], [4.746541401, 45.900845177], [4.750664102, 45.901765006], [4.749830899, 45.899292832], [4.750964728, 45.898963634], [4.755865615, 45.898881333], [4.757674322, 45.899287378], [4.75884308, 45.898113586], [4.763768795, 45.896430882], [4.76355866, 45.897483495], [4.768613539, 45.898586285], [4.770190581, 45.89719882], [4.772403082, 45.896881335], [4.774249915, 45.895984977], [4.77593259, 45.894479578], [4.776573672, 45.897560779], [4.778162949, 45.897839341], [4.783207174, 45.897286124], [4.783327801, 45.897665227], [4.791032489, 45.897801958], [4.79342579, 45.897294746], [4.792940457, 45.896215268], [4.789630907, 45.894644594], [4.788465198, 45.894657635], [4.78725675, 45.892954561], [4.789986508, 45.891810692], [4.789353084, 45.891132566], [4.789368726, 45.888554447], [4.788468886, 45.885546759], [4.789915561, 45.885295078], [4.790026039, 45.883056832], [4.788530486, 45.879493823], [4.790013828, 45.877317613], [4.789623883, 45.874481104], [4.789765311, 45.871170507], [4.78902049, 45.869714121], [4.787336207, 45.86886797], [4.78769402, 45.865745809], [4.786426188, 45.86489576], [4.785514544, 45.861466707], [4.783104946, 45.861264263], [4.782295237, 45.860263725], [4.782574133, 45.857125716], [4.780612054, 45.856324387], [4.778161342, 45.855958559], [4.777801468, 45.855271568], [4.774608485, 45.855391119], [4.771983482, 45.852927419], [4.771028823, 45.850372638], [4.766039287, 45.848034121], [4.761799885, 45.849921562], [4.755143262, 45.857233589], [4.753088248, 45.860755758], [4.749264965, 45.871052514], [4.746467709, 45.878975208], [4.742837362, 45.877582896], [4.742437711, 45.872444193], [4.74270386, 45.87070622], [4.737759779, 45.870688674], [4.735614173, 45.869826339], [4.737584169, 45.86589239], [4.736146042, 45.865791997], [4.734540263, 45.861139271], [4.733884998, 45.860143235], [4.733172866, 45.857131381], [4.73584717, 45.856418399], [4.736704907, 45.855206374], [4.736616402, 45.854073741], [4.735102968, 45.853249425], [4.734699277, 45.851110135]]]], ""type"": ""MultiPolygon""}";45.922892327,4.629186507
2030.2481254553797;0;0.0;0;0.0;0;0.0;0;0.0;0;0.0;;46.001337982,4.420866302
346.45942440041784;0;0.0;0;0.0;1;972.674;0;0.0;0;0.0;;
0.0;0;0.0;2;11223.971;0;0.0;0;0.0;0;0.0;;
405.417;0;0.0;0;0.0;1;25888.58;1;194.923;1;63.452;;46.018032754,4.637633151
9831.042778816365;0;0.0;0;0.0;0;0.0;;;0;0.0;;45.763270576,4.85388642
1146.8603470690737;;;0;0.0;0;0.0;0;0.0;0;0.0;;45.724661893,4.652947491
698.693;0;0.0;0;0.0;0;0.0;0;0.0;0;0.0;;45.621392169,4.882790254
;0;0.0;0;0.0;0;0.0;0;0.0;0;0.0;;
2101.876350342789;0;0.0;0;0.0;0;0.0;2;1553.997;0;0.0;;
7122.433695830326;0;0.0;0;0.0;0;0.0;;;0;0.0;;
594.3239147522247;0;0.0;0;0.0;0;0.0;0;0.0;0;0.0;;
;0;0.0;0;0.0;0;0.0;0;0.0;0;0.0;;45.621392169,4.882790254
121.18689878015265;0;0.0;0;0.0;0;0.0;0;0.0;0;0.0;;
880.0120132421343;;;0;0.0;0;0.0;0;0.0;0;0.0;;45.724661893,4.652947491
;0;0.0;0;0.0;0;0.0;0;0.0;0;0.0;;
263.131760436257;0;0.0;0;0.0;0;0.0;0;0.0;0;0.0;;
131.7527249368031;0;0.0;0;0.0;0;0.0;0;0.0;0;0.0;;45.922892327,4.629186507
0.0;0;0.0;0;0.0;0;0.0;1;30.926;4;34.053;;45.703383044,5.045097281
125.95512371612897;0;0.0;0;0.0;0;0.0;0;0.0;0;0.0;;
117319.20036638541;0;0.0;0;0.0;0;0.0;0;0.0;0;0.0;;
216.0488016562971;0;0.0;0;0.0;0;0.0;0;0.0;0;0.0;;
443.5077213554932;0;0.0;0;0.0;0;0.0;0;0.0;0;0.0;;45.668787006,4.756202655
261.10837544237364;0;0.0;0;0.0;0;0.0;0;0.0;0;0.0;;45.724661893,4.652947491
435.12834344294953;0;0.0;0;0.0;0;0.0;0;0.0;0;0.0;;
136.84538224493656;0;0.0;0;0.0;0;0.0;0;0.0;0;0.0;;
105.33924786242554;0;0.0;0;0.0;0;0.0;0;0.0;0;0.0;;
2348.454;0;0.0;0;0.0;0;0.0;0;0.0;0;0.0;"{""coordinates"": [[[[4.570351392, 45.582501582], [4.571881803, 45.583550174], [4.573825096, 45.584139939], [4.577341127, 45.582795527], [4.57977136, 45.583457615], [4.580324195, 45.585662759], [4.579321907, 45.586591007], [4.58194211, 45.588913896], [4.581548686, 45.590096589], [4.580063978, 45.590799258], [4.58239505, 45.593411711], [4.580740797, 45.595414621], [4.579855394, 45.597568825], [4.580494929, 45.598265055], [4.585478518, 45.600028652], [4.587583636, 45.602882869], [4.589079178, 45.602102494], [4.591729751, 45.602449597], [4.594567581, 45.603773903], [4.594787474, 45.60477142], [4.597196922, 45.605205577], [4.597251537, 45.605987477], [4.599927744, 45.60796963], [4.602680465, 45.608863531], [4.604769275, 45.612973205], [4.604127276, 45.615533044], [4.604723022, 45.618687683], [4.602558297, 45.618838326], [4.599984838, 45.619813444], [4.596167252, 45.620689073], [4.594896367, 45.621796897], [4.591887547, 45.625408832], [4.590643592, 45.625404808], [4.587566018, 45.626589409], [4.584162321, 45.628718807], [4.58214001, 45.629151655], [4.579575068, 45.628968827], [4.577290883, 45.629493528], [4.575676518, 45.631363396], [4.580405873, 45.632576917], [4.579252646, 45.634184573], [4.579915218, 45.635448808], [4.58177009, 45.635438064], [4.584525529, 45.636883594], [4.587996371, 45.64079579], [4.591664703, 45.648077182], [4.591122566, 45.649231392], [4.592534643, 45.650463349], [4.592216512, 45.651949442], [4.592678675, 45.653283094], [4.596469085, 45.656151168], [4.595886272, 45.657141156], [4.591535956, 45.657984514], [4.589118535, 45.659409287], [4.587646098, 45.659705662], [4.586607422, 45.661064995], [4.588117484, 45.66369076], [4.59038269, 45.665544782], [4.596810521, 45.67003821], [4.599482546, 45.670924375], [4.601826373, 45.671387329], [4.605272751, 45.670839285], [4.610587213, 45.671667677], [4.613213777, 45.671776892], [4.617370482, 45.670128485], [4.619957711, 45.670958645], [4.623813283, 45.670264539], [4.624069053, 45.669086372], [4.626190506, 45.670108644], [4.628438915, 45.669635724], [4.629556597, 45.67064002], [4.632228415, 45.670279785], [4.637509928, 45.670024776], [4.641775503, 45.666617552], [4.647205048, 45.66478824], [4.654220631, 45.658273451], [4.658841112, 45.667332973], [4.659354904, 45.669088038], [4.66100428, 45.671908977], [4.665400862, 45.675673751], [4.670206733, 45.67833436], [4.674747033, 45.678955063], [4.680422261, 45.683730644], [4.68542128, 45.685934698], [4.68857629, 45.689140741], [4.688747472, 45.690370319], [4.690615884, 45.690615204], [4.691969415, 45.692514256], [4.692979487, 45.692594555], [4.694057803, 45.694022155], [4.696462042, 45.694257986], [4.697141959, 45.695808646], [4.696337803, 45.697248355], [4.69917782, 45.698150386], [4.699945134, 45.699445718], [4.703117227, 45.700439917], [4.704519573, 45.699103697], [4.706274635, 45.699870644], [4.707966198, 45.699745038], [4.710091731, 45.698647273], [4.713043862, 45.696933435], [4.716877364, 45.695794245], [4.718312718, 45.696031764], [4.721664766, 45.69487363], [4.725269416, 45.695267035], [4.727072332, 45.692949831], [4.727548298, 45.691069978], [4.729283484, 45.691116312], [4.728483098, 45.688698506], [4.728824042, 45.687641256], [4.726297591, 45.686326251], [4.723956951, 45.680205822], [4.726257225, 45.676299386], [4.725984498, 45.674269788], [4.726901416, 45.673679285], [4.733326899, 45.672578092], [4.735289991, 45.67274061], [4.739001912, 45.672296951], [4.742051598, 45.67220388], [4.74112011, 45.671263542], [4.742680419, 45.670222513], [4.742522676, 45.669292727], [4.744584673, 45.664443843], [4.747954343, 45.661113924], [4.748058414, 45.658470546], [4.751084631, 45.658553221], [4.750666998, 45.65464796], [4.746086621, 45.64759184], [4.744595127, 45.646718769], [4.745512656, 45.645353492], [4.743427226, 45.645068766], [4.743497642, 45.643797687], [4.740865545, 45.641438963], [4.740717231, 45.639048998], [4.739392201, 45.637129378], [4.734339979, 45.632869588], [4.73364434, 45.630784384], [4.730388729, 45.623719895], [4.730616613, 45.622015876], [4.729897507, 45.620691204], [4.73077442, 45.619876999], [4.732121282, 45.616647093], [4.734802395, 45.615333098], [4.736342622, 45.615376888], [4.739322869, 45.613621328], [4.741138099, 45.611921553], [4.74340324, 45.612696198], [4.745539853, 45.612933275], [4.746638346, 45.612197467], [4.748998399, 45.611666314], [4.749368233, 45.610657184], [4.753532161, 45.609869991], [4.755373494, 45.608809069], [4.757651113, 45.608720361], [4.758140354, 45.607920999], [4.75840748, 45.605824494], [4.759145607, 45.604539361], [4.757397018, 45.604228933], [4.756030219, 45.602805556], [4.756496896, 45.600687928], [4.755381894, 45.598339198], [4.752030047, 45.595888422], [4.751218918, 45.594174417], [4.749872129, 45.593128055], [4.74623405, 45.591591274], [4.739530748, 45.591954568], [4.73656651, 45.590907841], [4.735840838, 45.590143547], [4.734083758, 45.589870726], [4.731548203, 45.590384464], [4.727405924, 45.590799442], [4.725911101, 45.591243919], [4.722882313, 45.59318722], [4.720119882, 45.594376988], [4.719961712, 45.592339343], [4.71870673, 45.5891854], [4.715102857, 45.589090011], [4.709467278, 45.588587678], [4.70523051, 45.588683532], [4.70336813, 45.588024536], [4.709180936, 45.587205873], [4.710902507, 45.586750964], [4.712275448, 45.58506019], [4.712081375, 45.583552692], [4.710327182, 45.581242107], [4.710861342, 45.580471098], [4.710353172, 45.578509028], [4.710681579, 45.576349588], [4.712290356, 45.574330075], [4.713002117, 45.574204845], [4.7114651, 45.572731314], [4.708335901, 45.571440493], [4.707141491, 45.571300118], [4.702591073, 45.572414825], [4.699304083, 45.574002027], [4.694501384, 45.575560649], [4.690421652, 45.576357925], [4.686514079, 45.576494071], [4.686720135, 45.574667102], [4.685563771, 45.573331624], [4.686156165, 45.572653535], [4.690986502, 45.572044173], [4.693653054, 45.57230846], [4.694416288, 45.571223345], [4.696739563, 45.570789299], [4.696404762, 45.569235271], [4.694992176, 45.567911862], [4.692451966, 45.566486531], [4.692343376, 45.565407349], [4.690474503, 45.564125883], [4.691641675, 45.563548099], [4.692431487, 45.561824015], [4.694466721, 45.560619762], [4.693676346, 45.558250276], [4.691602659, 45.557813154], [4.687476508, 45.558265179], [4.686930352, 45.560752947], [4.685862071, 45.560407804], [4.685034349, 45.561987398], [4.683607436, 45.562204229], [4.683385121, 45.565651754], [4.68032401, 45.567884404], [4.676798805, 45.569069198], [4.674975198, 45.5689811], [4.67180853, 45.570494543], [4.669098388, 45.569712499], [4.665722153, 45.567970237], [4.665170369, 45.565395279], [4.664440855, 45.564458574], [4.662576321, 45.565693973], [4.661105321, 45.566071488], [4.658329374, 45.563848186], [4.656112096, 45.563108102], [4.653965048, 45.563989951], [4.652498001, 45.563510756], [4.649101321, 45.565103493], [4.64936058, 45.563257818], [4.648731924, 45.561304481], [4.64886693, 45.559247172], [4.648051254, 45.557167781], [4.646174592, 45.555363325], [4.647002127, 45.554607247], [4.655094449, 45.55049118], [4.655396356, 45.549439253], [4.657340381, 45.547659693], [4.657107833, 45.54528175], [4.659364963, 45.543392157], [4.657269984, 45.54204235], [4.654736229, 45.541834714], [4.65303325, 45.542580317], [4.650466616, 45.540406008], [4.647016607, 45.540761063], [4.64477921, 45.540559667], [4.643305507, 45.541649422], [4.643419502, 45.542728555], [4.638402318, 45.545490316], [4.636606043, 45.545647992], [4.63642927, 45.548215662], [4.634752312, 45.549206486], [4.633858409, 45.550497531], [4.634311964, 45.552012159], [4.633006824, 45.554577315], [4.63373424, 45.556031225], [4.633493426, 45.557213697], [4.631458911, 45.558220472], [4.6308208, 45.560064389], [4.628158242, 45.562350152], [4.628660533, 45.563736204], [4.627226646, 45.564903519], [4.62681448, 45.567026048], [4.62568979, 45.567765554], [4.623789215, 45.570211311], [4.62051633, 45.571693299], [4.62033164, 45.572350744], [4.618125075, 45.574168544], [4.616557261, 45.573882172], [4.61575371, 45.57482501], [4.613508437, 45.574704145], [4.607448433, 45.573585873], [4.606453218, 45.57221218], [4.603210109, 45.571816254], [4.602735625, 45.570529672], [4.601353265, 45.570930352], [4.599940603, 45.570503739], [4.598195206, 45.571212168], [4.594548464, 45.571759317], [4.591660294, 45.571840777], [4.589075062, 45.57072451], [4.586770281, 45.570801199], [4.582745216, 45.57462989], [4.581846681, 45.576714045], [4.577948985, 45.577564097], [4.570351392, 45.582501582]]]], ""type"": ""MultiPolygon""}";45.623274555,4.666036159
179.26;0;0.0;1;7975.134;0;0.0;3;9342.061;1;264.188;"{""coordinates"": [[[[4.988795715, 45.618511162], [4.986704206, 45.619678576], [4.985738913, 45.619284869], [4.984065054, 45.620180936], [4.981345832, 45.620886415], [4.979327609, 45.621956015], [4.97771952, 45.624771252], [4.977340866, 45.626858668], [4.97582972, 45.627899472], [4.974840867, 45.629799423], [4.973041082, 45.631607297], [4.970495827, 45.63339667], [4.969354944, 45.633773343], [4.966511504, 45.636102892], [4.962757033, 45.638059129], [4.960025733, 45.639761424], [4.959102784, 45.641948321], [4.959704176, 45.643556514], [4.959778428, 45.646597984], [4.959018091, 45.647503872], [4.960512701, 45.648474989], [4.960923352, 45.650315294], [4.960350115, 45.651137763], [4.963366651, 45.651342807], [4.964394631, 45.653456072], [4.966273413, 45.65337463], [4.966244167, 45.654901931], [4.969224682, 45.655315527], [4.969339381, 45.659803821], [4.970440558, 45.659920569], [4.970563465, 45.661316402], [4.969235042, 45.661420713], [4.970766576, 45.664134937], [4.969566999, 45.66493779], [4.968761785, 45.668124359], [4.974716869, 45.668670433], [4.974358341, 45.675403631], [4.971351368, 45.675974248], [4.969115578, 45.676769104], [4.97458711, 45.681167221], [4.980509501, 45.681010088], [4.984896458, 45.679856441], [4.988634331, 45.678381699], [4.991094336, 45.677752734], [4.990928296, 45.685174413], [4.9895697, 45.687278297], [4.98790628, 45.688949769], [4.989542761, 45.689745983], [4.994199746, 45.693395532], [4.998277405, 45.703338073], [5.000030668, 45.708236903], [4.993505567, 45.710551317], [4.982344605, 45.714695383], [4.976927008, 45.712132383], [4.974413407, 45.718006219], [4.973485383, 45.720756303], [4.976218398, 45.72720566], [4.977701889, 45.729738728], [4.978761889, 45.733588932], [4.980297759, 45.735277931], [4.990348688, 45.744948189], [4.993622108, 45.744353498], [4.994876345, 45.746630994], [5.014992079, 45.751529381], [5.018982308, 45.75234258], [5.021928425, 45.752398791], [5.022869252, 45.75191261], [5.031604249, 45.751720452], [5.035501784, 45.751860953], [5.039696513, 45.751302337], [5.047588533, 45.751143099], [5.046521222, 45.752516362], [5.041016776, 45.756739933], [5.036467523, 45.762320581], [5.035898461, 45.766855513], [5.036081496, 45.767596261], [5.043712705, 45.765299063], [5.046446646, 45.765166622], [5.052330676, 45.765468675], [5.052140646, 45.768599686], [5.052377299, 45.772960625], [5.053043512, 45.775369836], [5.054734637, 45.776674926], [5.057524637, 45.776719562], [5.057152569, 45.782007709], [5.059732291, 45.782137201], [5.061120585, 45.78000939], [5.065222011, 45.772186632], [5.065781806, 45.768499328], [5.06751006, 45.765256322], [5.068411693, 45.765515436], [5.075638584, 45.766063685], [5.080892066, 45.76543812], [5.084618154, 45.76540445], [5.095753607, 45.769298571], [5.092974832, 45.76641624], [5.093890234, 45.76618576], [5.09122795, 45.762531941], [5.093052812, 45.759912782], [5.091412409, 45.760264799], [5.089055763, 45.749535766], [5.092023437, 45.748360147], [5.091457491, 45.746223129], [5.09316355, 45.745849166], [5.092712972, 45.744007278], [5.095259745, 45.743514982], [5.095484322, 45.742447859], [5.094250145, 45.739347701], [5.100867104, 45.739161537], [5.107732023, 45.739271218], [5.107821898, 45.738321888], [5.11233732, 45.738758944], [5.112576505, 45.738285141], [5.117903766, 45.737715867], [5.122315062, 45.737952699], [5.124067916, 45.738540348], [5.125710591, 45.73820221], [5.130427656, 45.735689077], [5.132212719, 45.733976208], [5.134645353, 45.733513093], [5.139150169, 45.731153135], [5.137634697, 45.727787605], [5.140313249, 45.723185845], [5.142789776, 45.724035103], [5.143843226, 45.720156865], [5.147030586, 45.719574615], [5.147935949, 45.719044797], [5.155358123, 45.717541051], [5.157834345, 45.715284849], [5.15934448, 45.71542798], [5.158778683, 45.712562493], [5.160110913, 45.711708206], [5.15915372, 45.710410449], [5.159969901, 45.70845984], [5.15799639, 45.706618539], [5.157737875, 45.705594751], [5.156208344, 45.704650244], [5.155996377, 45.702972467], [5.153978477, 45.699817655], [5.154511853, 45.702421638], [5.150206571, 45.705968437], [5.148710495, 45.706179843], [5.149627219, 45.703368016], [5.146592859, 45.703760072], [5.146333266, 45.700847268], [5.144031346, 45.700862272], [5.14308129, 45.700032679], [5.139761255, 45.70264059], [5.137831215, 45.70293216], [5.136914602, 45.705296172], [5.135829178, 45.704955526], [5.134738774, 45.706617475], [5.13244191, 45.705602512], [5.131076837, 45.707780382], [5.123870803, 45.702471936], [5.122988976, 45.702876805], [5.119100976, 45.699749423], [5.114260687, 45.70240226], [5.112578779, 45.702696846], [5.112481262, 45.701018668], [5.110593313, 45.69857413], [5.108729357, 45.698811716], [5.108976504, 45.699865537], [5.107180461, 45.700503585], [5.104797525, 45.700550831], [5.104390013, 45.698253283], [5.105045769, 45.694304514], [5.106246985, 45.693814544], [5.10572704, 45.692582054], [5.107202403, 45.692136491], [5.106363515, 45.69066315], [5.108448534, 45.690061139], [5.108247752, 45.688468669], [5.103477298, 45.685744646], [5.100874723, 45.684729371], [5.09420607, 45.683004217], [5.091463222, 45.681125671], [5.089616782, 45.67926106], [5.089033886, 45.677402716], [5.084244975, 45.67594568], [5.082116467, 45.677809167], [5.079781793, 45.676105663], [5.077269654, 45.674839571], [5.075204865, 45.672376134], [5.072930372, 45.67312515], [5.069010156, 45.668899565], [5.063010455, 45.666600935], [5.060418591, 45.66641509], [5.054562282, 45.660382336], [5.054410454, 45.658783507], [5.057407126, 45.654940069], [5.05817041, 45.653462336], [5.054883065, 45.652309032], [5.054047471, 45.651597348], [5.049652399, 45.649208409], [5.046752581, 45.647929817], [5.044209751, 45.647446366], [5.040337375, 45.647406732], [5.038050615, 45.64491066], [5.03994338, 45.64413773], [5.035221894, 45.637586258], [5.036358618, 45.635080443], [5.038675136, 45.632154201], [5.034828619, 45.628735106], [5.038817204, 45.627049607], [5.03962724, 45.624955926], [5.042443949, 45.62405269], [5.043572697, 45.621346966], [5.03852708, 45.617596679], [5.037789701, 45.614300577], [5.037044549, 45.612989929], [5.035162804, 45.613091548], [5.030676482, 45.616301023], [5.028993373, 45.617168214], [5.026866622, 45.617102963], [5.023709258, 45.617497596], [5.017476273, 45.6193012], [5.015477482, 45.619367652], [5.009650087, 45.621182464], [5.008538053, 45.620252009], [5.004557131, 45.623224389], [4.988795715, 45.618511162]]], [[[5.101489283, 45.813562104], [5.098278995, 45.806273021], [5.096114226, 45.803501819], [5.096769147, 45.801585347], [5.096564788, 45.79915426], [5.089179971, 45.784511688], [5.083628968, 45.786272709], [5.08136812, 45.786582874], [5.075458289, 45.788024013], [5.068960962, 45.789876466], [5.06526439, 45.790571135], [5.059088485, 45.792046898], [5.057658619, 45.792792714], [5.059071942, 45.796265629], [5.059941275, 45.799996178], [5.05941127, 45.802291171], [5.059775634, 45.803565455], [5.058442005, 45.810320536], [5.060380327, 45.809553728], [5.063458278, 45.809400221], [5.076352417, 45.811053673], [5.086050698, 45.812415253], [5.089338004, 45.811561751], [5.101489283, 45.813562104]]]], ""type"": ""MultiPolygon""}";45.703383044,5.045097281
2908.449;0;0.0;0;0.0;0;0.0;0;0.0;0;0.0;"{""coordinates"": [[[[4.757134657, 45.455608759], [4.754415557, 45.457567072], [4.752361568, 45.459761717], [4.751152933, 45.460072411], [4.750355054, 45.461680874], [4.748014386, 45.463113426], [4.746279704, 45.46542277], [4.745487535, 45.467301312], [4.743511496, 45.470411469], [4.738556139, 45.472822024], [4.743707866, 45.473731038], [4.742080708, 45.477158191], [4.744539755, 45.479104198], [4.740703003, 45.483362761], [4.739652053, 45.48496516], [4.739459364, 45.486784826], [4.735389448, 45.488815818], [4.734586402, 45.489794664], [4.732089764, 45.490629421], [4.729077957, 45.490673153], [4.726177468, 45.492402969], [4.721965893, 45.494313148], [4.719867528, 45.49272049], [4.719500984, 45.491925401], [4.715693979, 45.491641396], [4.712549275, 45.488664941], [4.710483012, 45.488555942], [4.708437166, 45.48736218], [4.708271194, 45.485671435], [4.709720626, 45.483216639], [4.708647119, 45.481534313], [4.70248806, 45.479551858], [4.699461932, 45.477810789], [4.696399639, 45.476681744], [4.692732488, 45.479435529], [4.690153474, 45.479334795], [4.685717524, 45.479891478], [4.681713713, 45.479796631], [4.67905297, 45.481227102], [4.676415575, 45.481993367], [4.674688771, 45.478906441], [4.67342703, 45.478076834], [4.672280714, 45.476444802], [4.671812317, 45.474323507], [4.670602783, 45.474118155], [4.668860997, 45.47686228], [4.666390603, 45.477943761], [4.667465326, 45.478859085], [4.667705939, 45.480348813], [4.669820657, 45.482296132], [4.670596161, 45.48368783], [4.668694503, 45.484914006], [4.666930387, 45.485435586], [4.664408184, 45.48505871], [4.661663724, 45.486880889], [4.657613317, 45.485497015], [4.6550626, 45.486180432], [4.651469185, 45.491286979], [4.65075813, 45.493859824], [4.650933379, 45.495446917], [4.649947285, 45.496912383], [4.65304623, 45.498020545], [4.65424586, 45.499726747], [4.650611637, 45.510902541], [4.648570007, 45.521393759], [4.650347325, 45.522349383], [4.650218629, 45.523881506], [4.651988391, 45.52376182], [4.650394004, 45.52646114], [4.650465744, 45.531846075], [4.651919066, 45.531849931], [4.653261555, 45.533037076], [4.655078184, 45.532846404], [4.656928841, 45.533581088], [4.662286382, 45.5369425], [4.666335766, 45.54153448], [4.665189231, 45.542963733], [4.667030331, 45.543449814], [4.66668452, 45.545293217], [4.668425518, 45.546624693], [4.670951516, 45.545714404], [4.671711749, 45.547802567], [4.672569006, 45.548472521], [4.675162147, 45.548087132], [4.676438189, 45.548827371], [4.675285525, 45.55153578], [4.678355945, 45.551328742], [4.679772729, 45.549981777], [4.681662474, 45.549734647], [4.683192951, 45.550997899], [4.683565215, 45.552830605], [4.684459976, 45.554306017], [4.686357441, 45.556248243], [4.686108172, 45.557621916], [4.687476508, 45.558265179], [4.691602659, 45.557813154], [4.693676346, 45.558250276], [4.694466721, 45.560619762], [4.692431487, 45.561824015], [4.691641675, 45.563548099], [4.690474503, 45.564125883], [4.692343376, 45.565407349], [4.692451966, 45.566486531], [4.694992176, 45.567911862], [4.696404762, 45.569235271], [4.696739563, 45.570789299], [4.694416288, 45.571223345], [4.693653054, 45.57230846], [4.690986502, 45.572044173], [4.686156165, 45.572653535], [4.685563771, 45.573331624], [4.686720135, 45.574667102], [4.686514079, 45.576494071], [4.690421652, 45.576357925], [4.694501384, 45.575560649], [4.699304083, 45.574002027], [4.702591073, 45.572414825], [4.707141491, 45.571300118], [4.708335901, 45.571440493], [4.7114651, 45.572731314], [4.713002117, 45.574204845], [4.714325604, 45.573498346], [4.716117011, 45.574196067], [4.718313754, 45.573032147], [4.724255629, 45.575142451], [4.725764062, 45.57444829], [4.728071745, 45.575780089], [4.730564644, 45.576467699], [4.733328582, 45.576469252], [4.734664191, 45.577140383], [4.736254894, 45.575348668], [4.738543397, 45.575732122], [4.739825753, 45.57531778], [4.741486767, 45.573770789], [4.741233704, 45.570041333], [4.744088913, 45.571486818], [4.745389722, 45.572518639], [4.74632552, 45.574826998], [4.74771882, 45.5764293], [4.75037543, 45.576646468], [4.752644006, 45.575948211], [4.75661235, 45.577531849], [4.757813178, 45.577299614], [4.75796115, 45.575170752], [4.75859489, 45.572911796], [4.758783545, 45.568508934], [4.762325909, 45.564972252], [4.762624463, 45.562948204], [4.766567317, 45.557069587], [4.771597412, 45.559449316], [4.775681281, 45.559093939], [4.77806921, 45.560630611], [4.783339233, 45.561354142], [4.787516115, 45.563325181], [4.787960226, 45.564293581], [4.792607423, 45.565568816], [4.794794813, 45.566749863], [4.803086601, 45.570224495], [4.808808134, 45.572798676], [4.80526058, 45.573423151], [4.803273436, 45.574116166], [4.795231064, 45.576145381], [4.791098219, 45.577640725], [4.786129722, 45.57908254], [4.781755647, 45.580629103], [4.780466067, 45.581332267], [4.778659363, 45.583149662], [4.776933815, 45.586061901], [4.77690293, 45.587539544], [4.793134342, 45.587257552], [4.803964136, 45.587894964], [4.80636088, 45.589167023], [4.807392472, 45.58905407], [4.81039595, 45.589809189], [4.812697947, 45.58747078], [4.814765575, 45.587696834], [4.81562923, 45.5884503], [4.817525023, 45.588090011], [4.821348424, 45.587988513], [4.824691866, 45.587453324], [4.829052297, 45.587922008], [4.830894847, 45.587583975], [4.837548519, 45.583430303], [4.840423387, 45.582278097], [4.843392285, 45.582221352], [4.845190371, 45.581326263], [4.846899194, 45.58118021], [4.848977572, 45.579846306], [4.849000824, 45.579197403], [4.852848123, 45.578908881], [4.857785108, 45.576461203], [4.857942474, 45.580583021], [4.859351003, 45.582384604], [4.861447184, 45.586745463], [4.861201367, 45.589358036], [4.859995062, 45.590799343], [4.864274442, 45.593379317], [4.865898149, 45.594887228], [4.868878422, 45.595718652], [4.872050547, 45.595275875], [4.873836785, 45.59547311], [4.881081457, 45.598742518], [4.882265021, 45.600911497], [4.882260638, 45.601878057], [4.886483479, 45.601836129], [4.887980364, 45.60147954], [4.890891601, 45.601508096], [4.893425185, 45.602013118], [4.89646654, 45.603180574], [4.897790085, 45.604432793], [4.900851196, 45.606206898], [4.903642143, 45.60620023], [4.905480934, 45.606642884], [4.911535537, 45.607124732], [4.915063312, 45.606973748], [4.916609443, 45.607262673], [4.91860075, 45.606694583], [4.91976572, 45.60698276], [4.921357033, 45.606205268], [4.923613283, 45.606136979], [4.926254032, 45.605537827], [4.93263264, 45.60743257], [4.936212265, 45.608692406], [4.950230587, 45.608912312], [4.962776829, 45.610756815], [4.970942711, 45.613193804], [4.98151679, 45.609480653], [4.998083355, 45.6034389], [4.99387913, 45.601435448], [4.992422231, 45.600174075], [4.989359035, 45.600203981], [4.987384451, 45.598278833], [4.983872876, 45.595458398], [4.983877915, 45.594272907], [4.982677758, 45.593075345], [4.981277684, 45.592959503], [4.978172128, 45.591144202], [4.979867319, 45.589071444], [4.978524479, 45.588687037], [4.978337324, 45.584162215], [4.972185109, 45.574900632], [4.97082351, 45.56557017], [4.972277213, 45.566853467], [4.976293897, 45.566246062], [4.97950906, 45.566322794], [4.981492232, 45.567128256], [4.985755341, 45.567352071], [4.987129826, 45.568024066], [4.990637397, 45.571169609], [4.994099328, 45.571822551], [4.996481696, 45.571236201], [4.997224784, 45.571641855], [4.9999202, 45.57159303], [5.002873134, 45.572317812], [5.003234605, 45.571034087], [5.003214715, 45.568105155], [5.00224515, 45.566115529], [5.003938503, 45.563079501], [5.009328336, 45.554129648], [5.011404729, 45.553722286], [5.018256422, 45.550973696], [5.019405191, 45.549847815], [5.022320831, 45.549327877], [5.024859112, 45.54753287], [5.028305198, 45.546974389], [5.030000793, 45.545350305], [5.030019929, 45.542370213], [5.033454092, 45.538523972], [5.036913783, 45.53608416], [5.038194621, 45.534071124], [5.041923703, 45.536039143], [5.043210957, 45.537859619], [5.045443643, 45.538202717], [5.043504539, 45.536121192], [5.043328573, 45.535380354], [5.045527299, 45.532128181], [5.044899644, 45.52789517], [5.044311055, 45.526911432], [5.045267637, 45.525570783], [5.045859762, 45.525677098], [5.047954851, 45.523728376], [5.05364216, 45.520756458], [5.053403167, 45.517206375], [5.050672606, 45.51675274], [5.04972535, 45.515979157], [5.045667138, 45.517253888], [5.04466979, 45.511432356], [5.045053547, 45.51009493], [5.043062399, 45.507164044], [5.043292288, 45.505370032], [5.04672688, 45.503776162], [5.048454271, 45.50247367], [5.05286065, 45.495749994], [5.053420149, 45.494116571], [5.053779302, 45.491257259], [5.049863361, 45.492414271], [5.038394297, 45.490421665], [5.040624382, 45.487401407], [5.043702317, 45.48508718], [5.044999251, 45.482889103], [5.045747757, 45.482560193], [5.045863294, 45.480725927], [5.048481993, 45.480869118], [5.050455504, 45.478554133], [5.054161405, 45.479049338], [5.055701578, 45.478871606], [5.057505062, 45.479615018], [5.05757797, 45.48044239], [5.062090137, 45.479713715], [5.063763094, 45.479181231], [5.067610796, 45.479972443], [5.070153044, 45.47909416], [5.070891986, 45.477655501], [5.07507488, 45.47706839], [5.077892722, 45.478258417], [5.079580054, 45.478354169], [5.083233806, 45.474618432], [5.084905817, 45.470932022], [5.085267601, 45.469212921], [5.084592808, 45.466958205], [5.086313294, 45.464025722], [5.086911871, 45.461115889], [5.087008031, 45.457917244], [5.08781196, 45.45577465], [5.086461133, 45.453340666], [5.085610634, 45.450390231], [5.083788922, 45.44976022], [5.083184967, 45.447885219], [5.081683107, 45.44598635], [5.081640624, 45.443554151], [5.082457421, 45.443086798], [5.08055608, 45.44271494], [5.074630893, 45.442937306], [5.073603245, 45.442419453], [5.071687995, 45.442942167], [5.069238956, 45.442910817], [5.067696502, 45.442070926], [5.065840261, 45.442770803], [5.064748734, 45.442528782], [5.062366322, 45.444188596], [5.056002318, 45.447047377], [5.051006562, 45.447363138], [5.048984913, 45.448689084], [5.043381952, 45.450976552], [5.039867149, 45.450647798], [5.036650973, 45.452564513], [5.035496084, 45.452620607], [5.031838849, 45.451687974], [5.027435001, 45.453403439], [5.023086559, 45.453976469], [5.020632675, 45.453823435], [5.017883768, 45.454391756], [5.015801078, 45.454063497], [5.010781659, 45.45456073], [5.007401429, 45.455583277], [5.00429281, 45.457468292], [4.998598947, 45.457231199], [4.997292594, 45.45695812], [4.991623224, 45.457151697], [4.990760691, 45.456797701], [4.986823425, 45.457575493], [4.98492803, 45.457579323], [4.981684826, 45.458298711], [4.980564618, 45.458865247], [4.976291558, 45.459926022], [4.974808768, 45.459980958], [4.97051469, 45.459407933], [4.967356393, 45.460617216], [4.96459822, 45.460838494], [4.960320519, 45.461743807], [4.953228276, 45.461711684], [4.950783176, 45.461920864], [4.946395408, 45.461263877], [4.944426875, 45.461814135], [4.939972624, 45.461926377], [4.935764783, 45.45886181], [4.931700378, 45.459136337], [4.930189399, 45.459632526], [4.92784429, 45.459661142], [4.925299101, 45.459013092], [4.922202882, 45.457344895], [4.920547555, 45.455295268], [4.919162327, 45.452873501], [4.914234993, 45.449225992], [4.91242025, 45.448886751], [4.909940908, 45.447751752], [4.908196731, 45.446521328], [4.907030895, 45.445063971], [4.90451221, 45.443631387], [4.901161277, 45.443188342], [4.899648233, 45.440961279], [4.897104416, 45.439156064], [4.895902521, 45.436440907], [4.892412043, 45.436769181], [4.890182537, 45.437309384], [4.888055615, 45.437029064], [4.881894668, 45.434779058], [4.877816794, 45.434646562], [4.871361732, 45.433177329], [4.866136192, 45.432997806], [4.863744452, 45.431716245], [4.861379759, 45.43173571], [4.858090604, 45.432342397], [4.840873937, 45.446702575], [4.8376322, 45.446880033], [4.832936433, 45.446153444], [4.833819682, 45.448839314], [4.830434441, 45.449559329], [4.822968407, 45.45032312], [4.823133527, 45.450909495], [4.809321385, 45.456905714], [4.806921851, 45.458719665], [4.805615498, 45.45782559], [4.804151338, 45.458297694], [4.800422681, 45.458678245], [4.796721809, 45.458692544], [4.793690889, 45.455474229], [4.791443425, 45.453722267], [4.788982705, 45.452297914], [4.785519267, 45.450766981], [4.784651513, 45.453312633], [4.784566722, 45.455772869], [4.782695456, 45.457560772], [4.781354492, 45.457649625], [4.780877888, 45.456196272], [4.778816437, 45.454566306], [4.775261787, 45.454181279], [4.773570258, 45.454711521], [4.771503981, 45.456293355], [4.768954578, 45.457055036], [4.763362994, 45.4570512], [4.757134657, 45.455608759]]]], ""type"": ""MultiPolygon""}";45.518509644,4.869336959
3242.301;0;0.0;1;0.0;0;0.0;0;0.0;0;0.0;"{""coordinates"": [[[[4.55095214, 46.085389902], [4.551860942, 46.086495199], [4.550452527, 46.091215015], [4.545244766, 46.093746658], [4.541953664, 46.097331923], [4.542100587, 46.09873766], [4.540755707, 46.10137865], [4.540466954, 46.104193531], [4.536445024, 46.106359191], [4.53243544, 46.108978469], [4.530205276, 46.121142214], [4.522938938, 46.125241525], [4.520207379, 46.128243085], [4.507758594, 46.134833411], [4.506088887, 46.13762687], [4.502848142, 46.141204852], [4.498785492, 46.144024428], [4.500870227, 46.145773882], [4.504246405, 46.147406233], [4.506090046, 46.147961823], [4.507166341, 46.149027429], [4.504381553, 46.151390721], [4.50190863, 46.151615281], [4.507486282, 46.159211342], [4.510701377, 46.16568845], [4.510165683, 46.168830734], [4.510943664, 46.170861266], [4.509095481, 46.175400781], [4.505183766, 46.17879316], [4.502427939, 46.182366466], [4.500038882, 46.184618114], [4.493260021, 46.188150535], [4.490689293, 46.190850183], [4.490182621, 46.192391524], [4.489054633, 46.193596054], [4.487238524, 46.194009805], [4.48530928, 46.195322945], [4.483816129, 46.195309119], [4.481830748, 46.196901229], [4.479569987, 46.197713329], [4.477710639, 46.196674753], [4.479371969, 46.194796926], [4.478999815, 46.192635724], [4.479695838, 46.190650658], [4.480966662, 46.189783904], [4.481110525, 46.184979803], [4.481709855, 46.183261671], [4.478887887, 46.183293017], [4.475512037, 46.183846652], [4.470838572, 46.185769745], [4.468098464, 46.185085555], [4.46824534, 46.183306695], [4.461697121, 46.17872848], [4.455520611, 46.175658213], [4.44133846, 46.16884462], [4.440643659, 46.168055467], [4.43892813, 46.167886268], [4.434634241, 46.170340748], [4.434150284, 46.172059863], [4.432958122, 46.173270041], [4.42956147, 46.173465925], [4.425408808, 46.174951891], [4.422560999, 46.178219036], [4.420618252, 46.179348409], [4.41264259, 46.180279995], [4.409823651, 46.182238737], [4.406303835, 46.182257121], [4.403852774, 46.183555502], [4.401793088, 46.186117986], [4.39755184, 46.187806644], [4.396005544, 46.189311674], [4.395422505, 46.19361211], [4.395775102, 46.195389217], [4.415359357, 46.2004446], [4.41911978, 46.200606676], [4.422287551, 46.202521461], [4.422878755, 46.203260687], [4.420415807, 46.204472204], [4.421869164, 46.208344758], [4.418923583, 46.211217626], [4.4141126, 46.21330576], [4.412935506, 46.215101829], [4.410699196, 46.216175216], [4.410366053, 46.218858709], [4.407868785, 46.219782166], [4.407009398, 46.220674511], [4.404396261, 46.218904655], [4.396703207, 46.218229348], [4.394123285, 46.219379572], [4.387335124, 46.220004742], [4.387719851, 46.22223449], [4.38681875, 46.225492216], [4.386062481, 46.226220128], [4.386894681, 46.229363958], [4.38676913, 46.233017502], [4.389503378, 46.234544017], [4.392572977, 46.235522388], [4.389797765, 46.240521439], [4.389885767, 46.242046014], [4.388693619, 46.243406094], [4.386074639, 46.24434855], [4.385416686, 46.246818853], [4.388152054, 46.247749183], [4.392643198, 46.251356232], [4.389282732, 46.257985327], [4.392776562, 46.26073635], [4.391975996, 46.262342939], [4.393351619, 46.264659612], [4.396946242, 46.2668572], [4.396094437, 46.268795873], [4.396738436, 46.269757941], [4.396670335, 46.273452213], [4.396349392, 46.275025026], [4.39837284, 46.276242146], [4.3986972, 46.277550364], [4.397848456, 46.278493826], [4.397658869, 46.281751888], [4.397253371, 46.283168132], [4.399015101, 46.283789543], [4.40047441, 46.285891661], [4.403466796, 46.287285006], [4.405014594, 46.290900818], [4.407532435, 46.292619632], [4.406324157, 46.294642036], [4.406075411, 46.296186965], [4.410800723, 46.29542065], [4.41454533, 46.296227095], [4.416217446, 46.295821753], [4.422682228, 46.294951345], [4.424658884, 46.295966858], [4.425727598, 46.297838488], [4.42716858, 46.302771162], [4.429174458, 46.301607628], [4.432325949, 46.301372612], [4.435822184, 46.299618313], [4.438192461, 46.298042941], [4.437970685, 46.295635669], [4.439895176, 46.293125631], [4.441287513, 46.29389787], [4.448318017, 46.295132611], [4.44853005, 46.296172841], [4.4530605, 46.296651911], [4.457722759, 46.29607628], [4.458891672, 46.296935825], [4.462273287, 46.294288743], [4.462916987, 46.29324025], [4.465231258, 46.291795611], [4.467521865, 46.291120367], [4.468904555, 46.287986357], [4.471085114, 46.285930887], [4.474700007, 46.284997911], [4.475922698, 46.284237247], [4.480596365, 46.284610685], [4.486590285, 46.288009953], [4.488689384, 46.287998745], [4.49193165, 46.281216849], [4.494418978, 46.278544463], [4.500165649, 46.274715031], [4.500669737, 46.273772623], [4.500316818, 46.271794965], [4.500827907, 46.270729977], [4.504426727, 46.267753593], [4.506387813, 46.268087918], [4.508346669, 46.267633276], [4.512128179, 46.267579508], [4.513923339, 46.268205014], [4.515535945, 46.270210006], [4.518102225, 46.269460704], [4.521236612, 46.270791448], [4.532116114, 46.269536863], [4.537360929, 46.269975026], [4.546356272, 46.274126787], [4.546393282, 46.275115198], [4.545278989, 46.277650344], [4.546007243, 46.279704747], [4.547538799, 46.281178121], [4.548285138, 46.284096889], [4.547719823, 46.285145724], [4.550615942, 46.285987162], [4.553017134, 46.285590579], [4.552112165, 46.28872367], [4.55300313, 46.290408349], [4.554381527, 46.291778348], [4.556040563, 46.291454876], [4.557753633, 46.294536903], [4.560228347, 46.295203738], [4.564084266, 46.294277221], [4.568841357, 46.293880356], [4.56987653, 46.293323899], [4.569402244, 46.292144274], [4.572099835, 46.289306036], [4.571714948, 46.288616043], [4.573005326, 46.286230406], [4.572050098, 46.284000965], [4.572541404, 46.281703816], [4.57238476, 46.278873418], [4.571875404, 46.278143714], [4.572631763, 46.276077073], [4.580907522, 46.272139175], [4.582982542, 46.271360095], [4.582762345, 46.269628487], [4.585363453, 46.269754414], [4.586294588, 46.268811063], [4.590180378, 46.2682759], [4.593729807, 46.268769365], [4.595443155, 46.268068069], [4.599507374, 46.268355092], [4.603315065, 46.26724235], [4.60913253, 46.266248796], [4.611695104, 46.267186165], [4.613051028, 46.267233609], [4.614900177, 46.266214859], [4.618334146, 46.264951093], [4.619883368, 46.267100568], [4.620817159, 46.267584446], [4.621994645, 46.270200327], [4.621646678, 46.273448588], [4.620465644, 46.276199829], [4.620884422, 46.277665558], [4.619926603, 46.27914097], [4.616868192, 46.28083446], [4.616247633, 46.282298745], [4.619123762, 46.28251998], [4.623305, 46.28456531], [4.626917735, 46.288365908], [4.636069787, 46.290253198], [4.635528751, 46.292017273], [4.636634501, 46.294017987], [4.635442721, 46.296225532], [4.634935799, 46.298046756], [4.635259815, 46.3001929], [4.637632694, 46.301366608], [4.642235415, 46.301232794], [4.643672109, 46.301820025], [4.646129103, 46.301850295], [4.648645325, 46.302854181], [4.650299683, 46.30397588], [4.651852413, 46.304311843], [4.654474504, 46.303609095], [4.655326265, 46.302338482], [4.659495185, 46.300539525], [4.659035125, 46.299295191], [4.659829598, 46.298155072], [4.662996883, 46.295479804], [4.663987608, 46.295200536], [4.666211944, 46.296901819], [4.667502339, 46.296776655], [4.669296999, 46.29780506], [4.671857304, 46.297946744], [4.672052556, 46.29885086], [4.673492685, 46.299924033], [4.678077984, 46.30049876], [4.676037267, 46.302433738], [4.67650208, 46.305049671], [4.679284669, 46.306451573], [4.682102105, 46.30428981], [4.683203842, 46.302843257], [4.68638902, 46.301999047], [4.690297825, 46.301319643], [4.691661379, 46.301373257], [4.693506182, 46.30244828], [4.69274797, 46.300539296], [4.692629649, 46.298730684], [4.694023874, 46.293690453], [4.69475745, 46.292497843], [4.698516731, 46.29125384], [4.699868407, 46.289343136], [4.699551341, 46.28879755], [4.701258234, 46.286740119], [4.703751375, 46.285989503], [4.70370071, 46.284612211], [4.704565124, 46.282917694], [4.707646405, 46.283495705], [4.707294659, 46.281589721], [4.708345812, 46.279806806], [4.710130488, 46.278387553], [4.708207155, 46.276445718], [4.708599277, 46.275441872], [4.707707285, 46.269707062], [4.704242396, 46.271133433], [4.70399159, 46.270252712], [4.700735233, 46.267441725], [4.699032968, 46.268039079], [4.694867112, 46.271578723], [4.692342466, 46.271376697], [4.688951732, 46.269160028], [4.688695423, 46.266492402], [4.68723007, 46.265551299], [4.683676495, 46.266129011], [4.679897005, 46.267853811], [4.680884043, 46.265823515], [4.681773591, 46.265061009], [4.679863717, 46.262535775], [4.679919225, 46.261466746], [4.679018874, 46.259038281], [4.68024367, 46.258709471], [4.681714, 46.255847903], [4.683140496, 46.254860383], [4.683775665, 46.253432411], [4.686371631, 46.255008902], [4.688741032, 46.25268603], [4.688261631, 46.249306566], [4.693274999, 46.248362919], [4.693719586, 46.249053435], [4.697017272, 46.25102455], [4.698312755, 46.252942604], [4.701240265, 46.252221563], [4.700964567, 46.250953011], [4.703321321, 46.24996033], [4.705255081, 46.251104969], [4.709951064, 46.247941535], [4.711319502, 46.247819187], [4.713441012, 46.246745163], [4.717512096, 46.244089796], [4.720061656, 46.245328469], [4.722489142, 46.24317692], [4.721207088, 46.240921166], [4.722179699, 46.24072541], [4.724399976, 46.241938345], [4.727664959, 46.239516385], [4.728964834, 46.237681737], [4.731872412, 46.235423602], [4.735323789, 46.234196501], [4.736779062, 46.232649412], [4.736263049, 46.231479174], [4.734365554, 46.230454301], [4.734650029, 46.229232219], [4.732442024, 46.226674558], [4.729206432, 46.227735272], [4.726213064, 46.228167133], [4.721072774, 46.229622182], [4.719222587, 46.227653317], [4.720868413, 46.227330302], [4.722464396, 46.22604157], [4.72196136, 46.22382717], [4.720523946, 46.221650323], [4.722938646, 46.220983284], [4.723357059, 46.220217658], [4.727951405, 46.219173399], [4.731216144, 46.218927401], [4.729698265, 46.217497668], [4.729085012, 46.214099652], [4.733255971, 46.213143568], [4.735756565, 46.211886783], [4.73455498, 46.208355457], [4.734473582, 46.206439108], [4.727390705, 46.207807001], [4.726301175, 46.208308122], [4.724521085, 46.205004351], [4.72525304, 46.204519481], [4.722021125, 46.201530419], [4.720716292, 46.200872849], [4.721756153, 46.199288993], [4.721088265, 46.196442092], [4.720159971, 46.194139547], [4.722045192, 46.193955186], [4.721526785, 46.192769613], [4.721673205, 46.190369737], [4.723558349, 46.188701899], [4.725272876, 46.188621848], [4.724522311, 46.184219811], [4.726897625, 46.18404414], [4.726058225, 46.182877874], [4.729559209, 46.1826256], [4.728692226, 46.181243604], [4.727071056, 46.180039695], [4.727815208, 46.179088954], [4.729999253, 46.177954173], [4.730586487, 46.178525284], [4.734694198, 46.177992496], [4.734254174, 46.177198487], [4.738551002, 46.176418581], [4.739808466, 46.175676073], [4.743588513, 46.17565327], [4.748205814, 46.175335543], [4.750224854, 46.174207407], [4.751925228, 46.172481573], [4.75559877, 46.172904958], [4.758631161, 46.172051937], [4.760053554, 46.172824342], [4.761154905, 46.176235378], [4.764701478, 46.175885831], [4.767920623, 46.176923858], [4.770477248, 46.175228551], [4.775491862, 46.177176021], [4.776489473, 46.176911835], [4.780448098, 46.176914739], [4.780963749, 46.174187403], [4.784871691, 46.16753916], [4.791461198, 46.163886636], [4.793560161, 46.163180686], [4.801625605, 46.158561189], [4.803065656, 46.155287642], [4.802433858, 46.151048065], [4.80167436, 46.149783792], [4.800784169, 46.146826429], [4.800340057, 46.144191654], [4.797490737, 46.140479877], [4.791475607, 46.134438318], [4.787648641, 46.13090566], [4.77867635, 46.124123647], [4.772712349, 46.118863069], [4.771721686, 46.117343715], [4.771397962, 46.112408344], [4.76864828, 46.108219662], [4.764261214, 46.104078], [4.761997376, 46.102491883], [4.756996487, 46.098397312], [4.755439251, 46.096868583], [4.752484564, 46.095727112], [4.74991349, 46.093862686], [4.747633735, 46.090325602], [4.746927792, 46.085794191], [4.747480667, 46.0842932], [4.749439736, 46.082240013], [4.752777716, 46.082072301], [4.755458347, 46.079966422], [4.757639153, 46.077454794], [4.759217762, 46.074856085], [4.761084544, 46.070028114], [4.761599685, 46.065913757], [4.760516878, 46.06309422], [4.758005436, 46.060061742], [4.754235568, 46.056992843], [4.750876017, 46.054851528], [4.743559442, 46.051936073], [4.740607651, 46.049862052], [4.739444731, 46.048186564], [4.738931134, 46.04642635], [4.740607169, 46.042983338], [4.744034144, 46.039049508], [4.745586296, 46.035387645], [4.746871697, 46.029604188], [4.746624885, 46.027818277], [4.744330706, 46.027239322], [4.734624429, 46.027549515], [4.731114293, 46.027813046], [4.729767599, 46.029602597], [4.72860779, 46.029277121], [4.726236493, 46.033322307], [4.725188838, 46.034100254], [4.722476308, 46.033831662], [4.718146338, 46.033946013], [4.716394499, 46.033297925], [4.715525408, 46.035036831], [4.71547407, 46.038655736], [4.700914733, 46.039226391], [4.700871736, 46.03942519], [4.689088399, 46.035348273], [4.684363457, 46.034099058], [4.683293975, 46.033338544], [4.681595009, 46.03512372], [4.680149726, 46.03484522], [4.678507112, 46.036320574], [4.675998206, 46.035556978], [4.675992789, 46.039112999], [4.674148759, 46.04379323], [4.672792578, 46.045429091], [4.673115116, 46.046294402], [4.671137987, 46.047548502], [4.674243403, 46.047962944], [4.677049736, 46.049299533], [4.677145083, 46.052212769], [4.681415967, 46.051091203], [4.681977009, 46.053446307], [4.680922245, 46.054616638], [4.685657084, 46.054952568], [4.685470129, 46.057040458], [4.684548503, 46.059050995], [4.683196773, 46.05944035], [4.679740977, 46.062444065], [4.680929154, 46.062838078], [4.674751561, 46.067997669], [4.671857281, 46.069754384], [4.670138555, 46.070384968], [4.669402348, 46.071709014], [4.667335993, 46.072443746], [4.66915915, 46.073373468], [4.665443788, 46.077218182], [4.662206959, 46.076961222], [4.659537483, 46.077148017], [4.65930535, 46.078760943], [4.655469984, 46.079388011], [4.653491355, 46.079354719], [4.652306006, 46.079920507], [4.644460366, 46.082133097], [4.645970998, 46.077386194], [4.645720408, 46.075760489], [4.625660611, 46.062324241], [4.624359945, 46.062881484], [4.616544517, 46.067306501], [4.613348771, 46.068816505], [4.610216134, 46.06979232], [4.595737059, 46.077757142], [4.591723213, 46.079525709], [4.591310273, 46.082025465], [4.589371164, 46.082598453], [4.585865057, 46.081887348], [4.583706416, 46.083961123], [4.583753372, 46.086263483], [4.58015959, 46.08822481], [4.577754158, 46.088347448], [4.575951533, 46.087959992], [4.572906094, 46.085621782], [4.568896873, 46.085104465], [4.565560903, 46.084409295], [4.562801518, 46.083095435], [4.559687363, 46.083823694], [4.555596308, 46.083332253], [4.552061961, 46.08417234], [4.55095214, 46.085389902]]]], ""type"": ""MultiPolygon""}";46.182149206,4.603756722
9039.561055;0;0.0;0;0.0;0;0.0;0;0.0;0;0.0;;
826.781;0;0.0;0;0.0;0;0.0;0;0.0;0;0.0;;45.668787006,4.756202655
510.1603315173046;0;0.0;0;0.0;0;0.0;0;0.0;0;0.0;;
387.84424654054897;0;0.0;0;0.0;0;0.0;0;0.0;0;0.0;;
522.0333058876136;0;0.0;0;0.0;0;0.0;0;0.0;0;0.0;;45.623274555,4.666036159
442.236113576399;0;0.0;0;0.0;0;0.0;0;0.0;0;0.0;;45.724661893,4.652947491
424.02767539984137;0;0.0;0;0.0;0;0.0;0;0.0;0;0.0;;
0.0;0;0.0;1;470.837;0;0.0;0;0.0;0;0.0;;
756.877;0;0.0;0;0.0;0;0.0;0;0.0;0;0.0;;45.621392169,4.882790254
;0;0.0;0;0.0;0;0.0;0;0.0;0;0.0;;45.621392169,4.882790254
783.0725864764793;0;0.0;0;0.0;0;0.0;0;0.0;0;0.0;;46.001337982,4.420866302
343.3057234890501;0;0.0;0;0.0;0;0.0;0;0.0;0;0.0;;
;0;0.0;0;0.0;0;0.0;0;0.0;0;0.0;;
0.0;0;0.0;1;131.7191446152527;0;0.0;0;0.0;0;0.0;;
;0;0.0;0;0.0;0;0.0;0;0.0;0;0.0;;45.703383044,5.045097281
;0;0.0;0;0.0;0;0.0;0;0.0;0;0.0;;45.724661893,4.652947491
353.06419389341784;0;0.0;0;0.0;0;0.0;0;0.0;0;0.0;;45.724661893,4.652947491
76.92254542524813;0;0.0;0;0.0;0;0.0;0;0.0;0;0.0;;
888.724;0;0.0;0;0.0;0;0.0;0;0.0;0;0.0;;45.668787006,4.756202655
154.83969633552604;0;0.0;0;0.0;0;0.0;0;0.0;0;0.0;;
490.4779657017605;0;0.0;0;0.0;0;0.0;0;0.0;0;0.0;;45.80718942,4.593656849
438.545;0;0.0;0;0.0;1;23171.858;1;3060.102;1;16.518;;46.018032754,4.637633151
244.38724920170296;0;0.0;0;0.0;0;0.0;0;0.0;0;0.0;;
;0;0.0;0;0.0;0;0.0;0;0.0;0;0.0;;45.621392169,4.882790254
1730.1668368868611;0;0.0;0;0.0;0;0.0;0;0.0;0;0.0;;46.018032754,4.637633151
764.5019027383044;0;0.0;0;0.0;0;0.0;0;0.0;0;0.0;;45.668787006,4.756202655
315.47963027091384;0;0.0;0;0.0;0;0.0;0;0.0;0;0.0;;46.018032754,4.637633151
450.7269697006078;0;0.0;0;0.0;0;0.0;0;0.0;0;0.0;;45.80718942,4.593656849
1836.918;0;0.0;0;0.0;0;0.0;0;0.0;0;0.0;;46.018032754,4.637633151
3167.759;0;0.0;0;0.0;0;0.0;0;0.0;;;;46.001337982,4.420866302
23985.443333333336;0;0.0;6;439964.1465833334;2;62928.43133333333;19;201236.71016566668;0;0.0;;45.763270576,4.85388642
1795.6156116337065;0;0.0;0;0.0;0;0.0;0;0.0;0;0.0;;46.018032754,4.637633151
1672.7500306477298;;;0;0.0;0;0.0;0;0.0;0;0.0;;45.724661893,4.652947491
0.0;0;0.0;0;0.0;0;0.0;1;9248.411166666667;4;2.622666666666667;;45.703383044,5.045097281
905.4461686682627;0;0.0;0;0.0;0;0.0;0;0.0;0;0.0;;45.668787006,4.756202655
954.846;0;0.0;0;0.0;2;2279.07;0;0.0;0;0.0;;45.688444196,4.463245904
403.2315;0;0.0;0;0.0;1;26402.806333333334;3;6934.268166666667;1;0.0;;46.018032754,4.637633151
6615.796833333333;0;0.0;0;0.0;0;0.0;4;1599.7461666666666;0;0.0;;45.763270576,4.85388642
;0;0.0;0;0.0;0;0.0;0;0.0;;;;45.80718942,4.593656849
141.75;0;0.0;0;0.0;0;0.0;0;0.0;0;0.0;;45.922892327,4.629186507
857.426596450085;0;0.0;0;0.0;0;0.0;0;0.0;0;0.0;;45.668787006,4.756202655
1399.5346553471732;;;0;0.0;0;0.0;0;0.0;0;0.0;;45.724661893,4.652947491
848.6745289899959;0;0.0;0;0.0;0;0.0;0;0.0;0;0.0;;46.001337982,4.420866302
1230.2631527345925;0;0.0;0;0.0;0;0.0;0;0.0;0;0.0;;45.703383044,5.045097281
742.1405;0;0.0;0;0.0;0;0.0;0;0.0;0;0.0;;45.621392169,4.882790254
384.11383333333333;0;0.0;0;0.0;1;27605.397298666667;2;7049.0695;1;80.07433333333333;;46.018032754,4.637633151
422.7103181603054;0;0.0;0;0.0;0;0.0;0;0.0;0;0.0;;45.724661893,4.652947491
1322.112;0;0.0;0;0.0;0;0.0;0;0.0;0;0.0;;45.621392169,4.882790254
1091.679;0;0.0;0;0.0;0;0.0;0;0.0;0;0.0;;45.80718942,4.593656849
14106.194;;;0;0.0;0;0.0;;;0;0.0;;45.763270576,4.85388642
846.5668333333334;0;0.0;0;0.0;0;0.0;0;0.0;0;0.0;;45.668787006,4.756202655
;;;0;0.0;0;0.0;0;0.0;0;0.0;;45.518509644,4.869336959
1799.7577423009177;0;0.0;0;0.0;0;0.0;0;0.0;0;0.0;;46.018032754,4.637633151
3052.1179382928613;0;0.0;0;0.0;0;0.0;0;0.0;;;;46.001337982,4.420866302
959.5728662318121;0;0.0;0;0.0;0;0.0;0;0.0;0;0.0;;45.668787006,4.756202655
721.415;0;0.0;0;0.0;0;0.0;0;0.0;0;0.0;;45.621392169,4.882790254
566.425;0;0.0;0;0.0;0;0.0;0;0.0;0;0.0;;45.621392169,4.882790254
720.92;0;0.0;0;0.0;0;0.0;0;0.0;0;0.0;;45.621392169,4.882790254
1282.99;0;0.0;0;0.0;0;0.0;0;0.0;0;0.0;;46.182149206,4.603756722
3471.517;0;0.0;1;45.584;0;0.0;0;0.0;0;0.0;;46.182149206,4.603756722
2138.118;0;0.0;0;0.0;0;0.0;0;0.0;0;0.0;;46.018032754,4.637633151
542.405;0;0.0;0;0.0;0;0.0;0;0.0;0;0.0;;46.018032754,4.637633151
381.91;0;0.0;0;0.0;1;26752.319;3;7208.291;1;0.0;;46.018032754,4.637633151
2301.261;0;0.0;0;0.0;2;2285.413;0;0.0;0;0.0;;46.001337982,4.420866302
904.548;0;0.0;0;0.0;0;0.0;0;0.0;0;0.0;;45.668787006,4.756202655
768.6120179499902;;;0;0.0;0;0.0;0;0.0;0;0.0;;
1403.928505614483;0;0.0;0;0.0;0;0.0;0;0.0;0;0.0;;45.80718942,4.593656849
562.4685700452487;0;0.0;0;0.0;0;0.0;0;0.0;0;0.0;;45.623274555,4.666036159
767.652;0;0.0;0;0.0;0;0.0;0;0.0;0;0.0;;45.621392169,4.882790254
2528.6461573252614;0;0.0;0;0.0;0;0.0;0;0.0;0;0.0;;46.182149206,4.603756722
1295.0673065669316;0;0.0;0;0.0;2;2053.0555;0;0.0;0;0.0;;45.688444196,4.463245904
0.0;1;1057.7968333333336;0;0.0;0;0.0;0;0.0;0;0.0;;46.001337982,4.420866302
1335.0541065152502;0;0.0;0;0.0;0;0.0;0;0.0;0;0.0;;45.518509644,4.869336959
12293.166837311475;;;0;0.0;0;0.0;;;;;;45.763270576,4.85388642
2149.845;0;0.0;0;0.0;0;0.0;0;0.0;;;;45.623274555,4.666036159
599.635;0;0.0;0;0.0;0;0.0;0;0.0;0;0.0;;45.623274555,4.666036159
2343.774;0;0.0;0;0.0;0;0.0;0;0.0;0;0.0;;45.80718942,4.593656849
1847.401;0;0.0;0;0.0;0;0.0;0;0.0;0;0.0;;45.703383044,5.045097281
1112.99;0;0.0;0;0.0;0;0.0;0;0.0;0;0.0;;45.621392169,4.882790254
42921.277;0;0.0;6;348448.962;3;47184.181;19;165308.704;2;0.0;;45.763270576,4.85388642
1960.122;0;0.0;0;0.0;0;0.0;0;0.0;0;0.0;;45.922892327,4.629186507
1214.839;0;0.0;0;0.0;2;2236.163;0;0.0;0;0.0;;46.001337982,4.420866302
54.41504293024118;0;0.0;0;0.0;0;0.0;0;0.0;0;0.0;;
375.2510349161681;0;0.0;0;0.0;0;0.0;0;0.0;0;0.0;;
;0;0.0;0;0.0;0;0.0;0;0.0;0;0.0;;
8.538;0;0.0;0;0.0;0;0.0;0;0.0;0;0.0;;
343.8712704308532;0;0.0;0;0.0;0;0.0;;;0;0.0;;
359.9244155059188;0;0.0;0;0.0;0;0.0;0;0.0;0;0.0;;
600.622764096851;;;0;0.0;0;0.0;0;0.0;0;0.0;;
0.0;0;0.0;0;0.0;0;0.0;1;727.119;0;0.0;;45.703383044,5.045097281
60.01067056321635;0;0.0;0;0.0;0;0.0;0;0.0;0;0.0;;
464.2036079332012;0;0.0;0;0.0;0;0.0;0;0.0;0;0.0;;
938.2130850361059;;;0;0.0;0;0.0;0;0.0;0;0.0;;45.623274555,4.666036159
3323.912522254214;0;0.0;0;0.0;0;0.0;2;1558.984;0;0.0;;
626.7360371041907;;;0;0.0;0;0.0;0;0.0;0;0.0;;
862.9088134008895;0;0.0;0;0.0;0;0.0;0;0.0;0;0.0;;
59.49895102893314;0;0.0;0;0.0;0;0.0;0;0.0;0;0.0;;
770.2061575726947;;;0;0.0;0;0.0;0;0.0;0;0.0;;
1463.4255519996675;0;0.0;0;0.0;0;0.0;0;0.0;0;0.0;;45.80718942,4.593656849
2027.1147427317148;0;0.0;0;0.0;0;0.0;0;0.0;0;0.0;;46.001337982,4.420866302
532.0563193103276;0;0.0;0;0.0;0;0.0;0;0.0;0;0.0;;45.623274555,4.666036159
891.8469403891164;0;0.0;0;0.0;0;0.0;0;0.0;0;0.0;;45.703383044,5.045097281
1602.0378344888504;0;0.0;0;0.0;0;0.0;0;0.0;0;0.0;;45.623274555,4.666036159
0.0;0;0.0;0;0.0;0;0.0;1;5176.763;0;0.0;;45.518509644,4.869336959
2485.80574880921;0;0.0;0;0.0;0;0.0;0;0.0;0;0.0;;46.001337982,4.420866302
566.0159166666666;0;0.0;0;0.0;0;0.0;0;0.0;0;0.0;;45.623274555,4.666036159
4190.477179307777;;;0;0.0;0;0.0;0;0.0;0;0.0;;45.688444196,4.463245904
2088.472125515124;0;0.0;0;0.0;0;0.0;0;0.0;0;0.0;;46.182149206,4.603756722
877.739;0;0.0;0;0.0;0;0.0;0;0.0;0;0.0;;46.001337982,4.420866302
2332.096;0;0.0;0;0.0;0;0.0;0;0.0;0;0.0;;46.001337982,4.420866302
4845.223;0;0.0;0;0.0;0;0.0;2;1503.014;0;0.0;;45.763270576,4.85388642
;0;0.0;0;0.0;0;0.0;0;0.0;0;0.0;;
0.0;0;0.0;0;0.0;0;0.0;1;9255.864;4;92.918;;45.703383044,5.045097281
478.913;0;0.0;0;0.0;0;0.0;0;0.0;0;0.0;;45.80718942,4.593656849
1834.008;0;0.0;0;0.0;0;0.0;0;0.0;0;0.0;"{""coordinates"": [[[[4.55095214, 46.085389902], [4.551860942, 46.086495199], [4.550452527, 46.091215015], [4.545244766, 46.093746658], [4.541953664, 46.097331923], [4.542100587, 46.09873766], [4.540755707, 46.10137865], [4.540466954, 46.104193531], [4.536445024, 46.106359191], [4.53243544, 46.108978469], [4.530205276, 46.121142214], [4.522938938, 46.125241525], [4.520207379, 46.128243085], [4.507758594, 46.134833411], [4.506088887, 46.13762687], [4.502848142, 46.141204852], [4.498785492, 46.144024428], [4.500870227, 46.145773882], [4.504246405, 46.147406233], [4.506090046, 46.147961823], [4.507166341, 46.149027429], [4.504381553, 46.151390721], [4.50190863, 46.151615281], [4.507486282, 46.159211342], [4.510701377, 46.16568845], [4.510165683, 46.168830734], [4.510943664, 46.170861266], [4.509095481, 46.175400781], [4.505183766, 46.17879316], [4.502427939, 46.182366466], [4.500038882, 46.184618114], [4.493260021, 46.188150535], [4.490689293, 46.190850183], [4.490182621, 46.192391524], [4.489054633, 46.193596054], [4.487238524, 46.194009805], [4.48530928, 46.195322945], [4.483816129, 46.195309119], [4.481830748, 46.196901229], [4.479569987, 46.197713329], [4.477710639, 46.196674753], [4.479371969, 46.194796926], [4.478999815, 46.192635724], [4.479695838, 46.190650658], [4.480966662, 46.189783904], [4.481110525, 46.184979803], [4.481709855, 46.183261671], [4.478887887, 46.183293017], [4.475512037, 46.183846652], [4.470838572, 46.185769745], [4.468098464, 46.185085555], [4.46824534, 46.183306695], [4.461697121, 46.17872848], [4.455520611, 46.175658213], [4.44133846, 46.16884462], [4.440643659, 46.168055467], [4.43892813, 46.167886268], [4.434634241, 46.170340748], [4.434150284, 46.172059863], [4.432958122, 46.173270041], [4.42956147, 46.173465925], [4.425408808, 46.174951891], [4.422560999, 46.178219036], [4.420618252, 46.179348409], [4.41264259, 46.180279995], [4.409823651, 46.182238737], [4.406303835, 46.182257121], [4.403852774, 46.183555502], [4.401793088, 46.186117986], [4.39755184, 46.187806644], [4.396005544, 46.189311674], [4.395422505, 46.19361211], [4.395775102, 46.195389217], [4.415359357, 46.2004446], [4.41911978, 46.200606676], [4.422287551, 46.202521461], [4.422878755, 46.203260687], [4.420415807, 46.204472204], [4.421869164, 46.208344758], [4.418923583, 46.211217626], [4.4141126, 46.21330576], [4.412935506, 46.215101829], [4.410699196, 46.216175216], [4.410366053, 46.218858709], [4.407868785, 46.219782166], [4.407009398, 46.220674511], [4.404396261, 46.218904655], [4.396703207, 46.218229348], [4.394123285, 46.219379572], [4.387335124, 46.220004742], [4.387719851, 46.22223449], [4.38681875, 46.225492216], [4.386062481, 46.226220128], [4.386894681, 46.229363958], [4.38676913, 46.233017502], [4.389503378, 46.234544017], [4.392572977, 46.235522388], [4.389797765, 46.240521439], [4.389885767, 46.242046014], [4.388693619, 46.243406094], [4.386074639, 46.24434855], [4.385416686, 46.246818853], [4.388152054, 46.247749183], [4.392643198, 46.251356232], [4.389282732, 46.257985327], [4.392776562, 46.26073635], [4.391975996, 46.262342939], [4.393351619, 46.264659612], [4.396946242, 46.2668572], [4.396094437, 46.268795873], [4.396738436, 46.269757941], [4.396670335, 46.273452213], [4.396349392, 46.275025026], [4.39837284, 46.276242146], [4.3986972, 46.277550364], [4.397848456, 46.278493826], [4.397658869, 46.281751888], [4.397253371, 46.283168132], [4.399015101, 46.283789543], [4.40047441, 46.285891661], [4.403466796, 46.287285006], [4.405014594, 46.290900818], [4.407532435, 46.292619632], [4.406324157, 46.294642036], [4.406075411, 46.296186965], [4.410800723, 46.29542065], [4.41454533, 46.296227095], [4.416217446, 46.295821753], [4.422682228, 46.294951345], [4.424658884, 46.295966858], [4.425727598, 46.297838488], [4.42716858, 46.302771162], [4.429174458, 46.301607628], [4.432325949, 46.301372612], [4.435822184, 46.299618313], [4.438192461, 46.298042941], [4.437970685, 46.295635669], [4.439895176, 46.293125631], [4.441287513, 46.29389787], [4.448318017, 46.295132611], [4.44853005, 46.296172841], [4.4530605, 46.296651911], [4.457722759, 46.29607628], [4.458891672, 46.296935825], [4.462273287, 46.294288743], [4.462916987, 46.29324025], [4.465231258, 46.291795611], [4.467521865, 46.291120367], [4.468904555, 46.287986357], [4.471085114, 46.285930887], [4.474700007, 46.284997911], [4.475922698, 46.284237247], [4.480596365, 46.284610685], [4.486590285, 46.288009953], [4.488689384, 46.287998745], [4.49193165, 46.281216849], [4.494418978, 46.278544463], [4.500165649, 46.274715031], [4.500669737, 46.273772623], [4.500316818, 46.271794965], [4.500827907, 46.270729977], [4.504426727, 46.267753593], [4.506387813, 46.268087918], [4.508346669, 46.267633276], [4.512128179, 46.267579508], [4.513923339, 46.268205014], [4.515535945, 46.270210006], [4.518102225, 46.269460704], [4.521236612, 46.270791448], [4.532116114, 46.269536863], [4.537360929, 46.269975026], [4.546356272, 46.274126787], [4.546393282, 46.275115198], [4.545278989, 46.277650344], [4.546007243, 46.279704747], [4.547538799, 46.281178121], [4.548285138, 46.284096889], [4.547719823, 46.285145724], [4.550615942, 46.285987162], [4.553017134, 46.285590579], [4.552112165, 46.28872367], [4.55300313, 46.290408349], [4.554381527, 46.291778348], [4.556040563, 46.291454876], [4.557753633, 46.294536903], [4.560228347, 46.295203738], [4.564084266, 46.294277221], [4.568841357, 46.293880356], [4.56987653, 46.293323899], [4.569402244, 46.292144274], [4.572099835, 46.289306036], [4.571714948, 46.288616043], [4.573005326, 46.286230406], [4.572050098, 46.284000965], [4.572541404, 46.281703816], [4.57238476, 46.278873418], [4.571875404, 46.278143714], [4.572631763, 46.276077073], [4.580907522, 46.272139175], [4.582982542, 46.271360095], [4.582762345, 46.269628487], [4.585363453, 46.269754414], [4.586294588, 46.268811063], [4.590180378, 46.2682759], [4.593729807, 46.268769365], [4.595443155, 46.268068069], [4.599507374, 46.268355092], [4.603315065, 46.26724235], [4.60913253, 46.266248796], [4.611695104, 46.267186165], [4.613051028, 46.267233609], [4.614900177, 46.266214859], [4.618334146, 46.264951093], [4.619883368, 46.267100568], [4.620817159, 46.267584446], [4.621994645, 46.270200327], [4.621646678, 46.273448588], [4.620465644, 46.276199829], [4.620884422, 46.277665558], [4.619926603, 46.27914097], [4.616868192, 46.28083446], [4.616247633, 46.282298745], [4.619123762, 46.28251998], [4.623305, 46.28456531], [4.626917735, 46.288365908], [4.636069787, 46.290253198], [4.635528751, 46.292017273], [4.636634501, 46.294017987], [4.635442721, 46.296225532], [4.634935799, 46.298046756], [4.635259815, 46.3001929], [4.637632694, 46.301366608], [4.642235415, 46.301232794], [4.643672109, 46.301820025], [4.646129103, 46.301850295], [4.648645325, 46.302854181], [4.650299683, 46.30397588], [4.651852413, 46.304311843], [4.654474504, 46.303609095], [4.655326265, 46.302338482], [4.659495185, 46.300539525], [4.659035125, 46.299295191], [4.659829598, 46.298155072], [4.662996883, 46.295479804], [4.663987608, 46.295200536], [4.666211944, 46.296901819], [4.667502339, 46.296776655], [4.669296999, 46.29780506], [4.671857304, 46.297946744], [4.672052556, 46.29885086], [4.673492685, 46.299924033], [4.678077984, 46.30049876], [4.676037267, 46.302433738], [4.67650208, 46.305049671], [4.679284669, 46.306451573], [4.682102105, 46.30428981], [4.683203842, 46.302843257], [4.68638902, 46.301999047], [4.690297825, 46.301319643], [4.691661379, 46.301373257], [4.693506182, 46.30244828], [4.69274797, 46.300539296], [4.692629649, 46.298730684], [4.694023874, 46.293690453], [4.69475745, 46.292497843], [4.698516731, 46.29125384], [4.699868407, 46.289343136], [4.699551341, 46.28879755], [4.701258234, 46.286740119], [4.703751375, 46.285989503], [4.70370071, 46.284612211], [4.704565124, 46.282917694], [4.707646405, 46.283495705], [4.707294659, 46.281589721], [4.708345812, 46.279806806], [4.710130488, 46.278387553], [4.708207155, 46.276445718], [4.708599277, 46.275441872], [4.707707285, 46.269707062], [4.704242396, 46.271133433], [4.70399159, 46.270252712], [4.700735233, 46.267441725], [4.699032968, 46.268039079], [4.694867112, 46.271578723], [4.692342466, 46.271376697], [4.688951732, 46.269160028], [4.688695423, 46.266492402], [4.68723007, 46.265551299], [4.683676495, 46.266129011], [4.679897005, 46.267853811], [4.680884043, 46.265823515], [4.681773591, 46.265061009], [4.679863717, 46.262535775], [4.679919225, 46.261466746], [4.679018874, 46.259038281], [4.68024367, 46.258709471], [4.681714, 46.255847903], [4.683140496, 46.254860383], [4.683775665, 46.253432411], [4.686371631, 46.255008902], [4.688741032, 46.25268603], [4.688261631, 46.249306566], [4.693274999, 46.248362919], [4.693719586, 46.249053435], [4.697017272, 46.25102455], [4.698312755, 46.252942604], [4.701240265, 46.252221563], [4.700964567, 46.250953011], [4.703321321, 46.24996033], [4.705255081, 46.251104969], [4.709951064, 46.247941535], [4.711319502, 46.247819187], [4.713441012, 46.246745163], [4.717512096, 46.244089796], [4.720061656, 46.245328469], [4.722489142, 46.24317692], [4.721207088, 46.240921166], [4.722179699, 46.24072541], [4.724399976, 46.241938345], [4.727664959, 46.239516385], [4.728964834, 46.237681737], [4.731872412, 46.235423602], [4.735323789, 46.234196501], [4.736779062, 46.232649412], [4.736263049, 46.231479174], [4.734365554, 46.230454301], [4.734650029, 46.229232219], [4.732442024, 46.226674558], [4.729206432, 46.227735272], [4.726213064, 46.228167133], [4.721072774, 46.229622182], [4.719222587, 46.227653317], [4.720868413, 46.227330302], [4.722464396, 46.22604157], [4.72196136, 46.22382717], [4.720523946, 46.221650323], [4.722938646, 46.220983284], [4.723357059, 46.220217658], [4.727951405, 46.219173399], [4.731216144, 46.218927401], [4.729698265, 46.217497668], [4.729085012, 46.214099652], [4.733255971, 46.213143568], [4.735756565, 46.211886783], [4.73455498, 46.208355457], [4.734473582, 46.206439108], [4.727390705, 46.207807001], [4.726301175, 46.208308122], [4.724521085, 46.205004351], [4.72525304, 46.204519481], [4.722021125, 46.201530419], [4.720716292, 46.200872849], [4.721756153, 46.199288993], [4.721088265, 46.196442092], [4.720159971, 46.194139547], [4.722045192, 46.193955186], [4.721526785, 46.192769613], [4.721673205, 46.190369737], [4.723558349, 46.188701899], [4.725272876, 46.188621848], [4.724522311, 46.184219811], [4.726897625, 46.18404414], [4.726058225, 46.182877874], [4.729559209, 46.1826256], [4.728692226, 46.181243604], [4.727071056, 46.180039695], [4.727815208, 46.179088954], [4.729999253, 46.177954173], [4.730586487, 46.178525284], [4.734694198, 46.177992496], [4.734254174, 46.177198487], [4.738551002, 46.176418581], [4.739808466, 46.175676073], [4.743588513, 46.17565327], [4.748205814, 46.175335543], [4.750224854, 46.174207407], [4.751925228, 46.172481573], [4.75559877, 46.172904958], [4.758631161, 46.172051937], [4.760053554, 46.172824342], [4.761154905, 46.176235378], [4.764701478, 46.175885831], [4.767920623, 46.176923858], [4.770477248, 46.175228551], [4.775491862, 46.177176021], [4.776489473, 46.176911835], [4.780448098, 46.176914739], [4.780963749, 46.174187403], [4.784871691, 46.16753916], [4.791461198, 46.163886636], [4.793560161, 46.163180686], [4.801625605, 46.158561189], [4.803065656, 46.155287642], [4.802433858, 46.151048065], [4.80167436, 46.149783792], [4.800784169, 46.146826429], [4.800340057, 46.144191654], [4.797490737, 46.140479877], [4.791475607, 46.134438318], [4.787648641, 46.13090566], [4.77867635, 46.124123647], [4.772712349, 46.118863069], [4.771721686, 46.117343715], [4.771397962, 46.112408344], [4.76864828, 46.108219662], [4.764261214, 46.104078], [4.761997376, 46.102491883], [4.756996487, 46.098397312], [4.755439251, 46.096868583], [4.752484564, 46.095727112], [4.74991349, 46.093862686], [4.747633735, 46.090325602], [4.746927792, 46.085794191], [4.747480667, 46.0842932], [4.749439736, 46.082240013], [4.752777716, 46.082072301], [4.755458347, 46.079966422], [4.757639153, 46.077454794], [4.759217762, 46.074856085], [4.761084544, 46.070028114], [4.761599685, 46.065913757], [4.760516878, 46.06309422], [4.758005436, 46.060061742], [4.754235568, 46.056992843], [4.750876017, 46.054851528], [4.743559442, 46.051936073], [4.740607651, 46.049862052], [4.739444731, 46.048186564], [4.738931134, 46.04642635], [4.740607169, 46.042983338], [4.744034144, 46.039049508], [4.745586296, 46.035387645], [4.746871697, 46.029604188], [4.746624885, 46.027818277], [4.744330706, 46.027239322], [4.734624429, 46.027549515], [4.731114293, 46.027813046], [4.729767599, 46.029602597], [4.72860779, 46.029277121], [4.726236493, 46.033322307], [4.725188838, 46.034100254], [4.722476308, 46.033831662], [4.718146338, 46.033946013], [4.716394499, 46.033297925], [4.715525408, 46.035036831], [4.71547407, 46.038655736], [4.700914733, 46.039226391], [4.700871736, 46.03942519], [4.689088399, 46.035348273], [4.684363457, 46.034099058], [4.683293975, 46.033338544], [4.681595009, 46.03512372], [4.680149726, 46.03484522], [4.678507112, 46.036320574], [4.675998206, 46.035556978], [4.675992789, 46.039112999], [4.674148759, 46.04379323], [4.672792578, 46.045429091], [4.673115116, 46.046294402], [4.671137987, 46.047548502], [4.674243403, 46.047962944], [4.677049736, 46.049299533], [4.677145083, 46.052212769], [4.681415967, 46.051091203], [4.681977009, 46.053446307], [4.680922245, 46.054616638], [4.685657084, 46.054952568], [4.685470129, 46.057040458], [4.684548503, 46.059050995], [4.683196773, 46.05944035], [4.679740977, 46.062444065], [4.680929154, 46.062838078], [4.674751561, 46.067997669], [4.671857281, 46.069754384], [4.670138555, 46.070384968], [4.669402348, 46.071709014], [4.667335993, 46.072443746], [4.66915915, 46.073373468], [4.665443788, 46.077218182], [4.662206959, 46.076961222], [4.659537483, 46.077148017], [4.65930535, 46.078760943], [4.655469984, 46.079388011], [4.653491355, 46.079354719], [4.652306006, 46.079920507], [4.644460366, 46.082133097], [4.645970998, 46.077386194], [4.645720408, 46.075760489], [4.625660611, 46.062324241], [4.624359945, 46.062881484], [4.616544517, 46.067306501], [4.613348771, 46.068816505], [4.610216134, 46.06979232], [4.595737059, 46.077757142], [4.591723213, 46.079525709], [4.591310273, 46.082025465], [4.589371164, 46.082598453], [4.585865057, 46.081887348], [4.583706416, 46.083961123], [4.583753372, 46.086263483], [4.58015959, 46.08822481], [4.577754158, 46.088347448], [4.575951533, 46.087959992], [4.572906094, 46.085621782], [4.568896873, 46.085104465], [4.565560903, 46.084409295], [4.562801518, 46.083095435], [4.559687363, 46.083823694], [4.555596308, 46.083332253], [4.552061961, 46.08417234], [4.55095214, 46.085389902]]]], ""type"": ""MultiPolygon""}";46.182149206,4.603756722
5314.299;;;0;0.0;0;0.0;0;0.0;0;0.0;"{""coordinates"": [[[[4.401827595, 45.566079833], [4.400533592, 45.56708484], [4.400084875, 45.569220386], [4.401108662, 45.570459487], [4.399405065, 45.572413429], [4.39936763, 45.573775627], [4.401600134, 45.576409139], [4.4003562, 45.577984508], [4.401298713, 45.579401144], [4.400075361, 45.581845349], [4.396867001, 45.582277022], [4.395472105, 45.581789097], [4.394367828, 45.583982288], [4.39312054, 45.585183859], [4.391027534, 45.586216659], [4.38922348, 45.58567968], [4.387565199, 45.586455771], [4.386020822, 45.586248763], [4.383933211, 45.586785124], [4.381848599, 45.58651716], [4.381170621, 45.587363061], [4.379385937, 45.587808255], [4.377555382, 45.590176793], [4.378081233, 45.591979683], [4.380255229, 45.593614655], [4.382814682, 45.596296767], [4.385040966, 45.59698266], [4.384838023, 45.599129525], [4.38344071, 45.600304913], [4.381378084, 45.60083641], [4.37790708, 45.604996596], [4.377369155, 45.606119946], [4.379089227, 45.606921133], [4.380454515, 45.605119367], [4.382265748, 45.605356502], [4.380854807, 45.606868853], [4.382279903, 45.607518707], [4.384276298, 45.606535001], [4.385688082, 45.607369602], [4.387186451, 45.607304303], [4.390015333, 45.608615806], [4.39256526, 45.60724685], [4.39377904, 45.607702841], [4.395929322, 45.607283509], [4.397564194, 45.607746841], [4.398350369, 45.610476756], [4.399601726, 45.61078992], [4.40163246, 45.609750539], [4.402711082, 45.609829858], [4.403139109, 45.611479861], [4.401643512, 45.614448937], [4.404824934, 45.615160375], [4.403304082, 45.616575317], [4.404184612, 45.617188462], [4.403461566, 45.618941987], [4.400666826, 45.620639359], [4.401975258, 45.622640455], [4.404421479, 45.622786471], [4.405700843, 45.623482888], [4.406943817, 45.625727015], [4.406066766, 45.627078103], [4.406979055, 45.629287636], [4.4097202, 45.630922187], [4.410411969, 45.633840547], [4.40936817, 45.63524959], [4.408947225, 45.637425364], [4.406611075, 45.638656917], [4.403402153, 45.639903809], [4.39914167, 45.64562807], [4.398556723, 45.647074534], [4.393911333, 45.650405912], [4.394095471, 45.651650093], [4.392614213, 45.653668707], [4.389214551, 45.650687323], [4.385657898, 45.649730567], [4.381072918, 45.650477684], [4.372674001, 45.647811908], [4.369988259, 45.646692736], [4.365478325, 45.646835792], [4.362767122, 45.64728293], [4.357454496, 45.645955669], [4.354931458, 45.645854576], [4.353664435, 45.644817002], [4.345921281, 45.645004415], [4.344362115, 45.645412111], [4.344736348, 45.647022438], [4.342310028, 45.648528399], [4.33968863, 45.648823505], [4.338828603, 45.649474071], [4.33873162, 45.651092721], [4.336394157, 45.65374037], [4.336990842, 45.65558224], [4.336532663, 45.657190768], [4.337192212, 45.658177212], [4.335738088, 45.661572664], [4.331929568, 45.662841709], [4.328979445, 45.665953051], [4.329600399, 45.668596218], [4.326479976, 45.670944882], [4.324854121, 45.671500784], [4.321258825, 45.674098951], [4.319415987, 45.674666324], [4.319317733, 45.677065797], [4.322183812, 45.678993717], [4.322661991, 45.680616406], [4.324569379, 45.681772892], [4.323579869, 45.682732866], [4.324655711, 45.684574578], [4.322875202, 45.685289872], [4.323055031, 45.688350737], [4.320876057, 45.690628733], [4.319429034, 45.691381488], [4.320197669, 45.692572997], [4.325640057, 45.695574774], [4.32767727, 45.700617631], [4.328956732, 45.701284312], [4.335280878, 45.701141101], [4.340694062, 45.702603367], [4.345450512, 45.70416328], [4.349193403, 45.703366514], [4.353383758, 45.703473872], [4.358713345, 45.704014952], [4.361142907, 45.705276219], [4.363119313, 45.705357701], [4.365164335, 45.706604621], [4.365827629, 45.704470219], [4.365464449, 45.702306828], [4.364198579, 45.699291576], [4.364741453, 45.69868609], [4.367687466, 45.699109685], [4.370026884, 45.700156605], [4.372748951, 45.701858072], [4.373642452, 45.704505818], [4.373076934, 45.706579637], [4.374078622, 45.710525662], [4.374046628, 45.71254975], [4.375955973, 45.714471801], [4.377564423, 45.715251006], [4.381063621, 45.715803495], [4.38211398, 45.717037084], [4.38221202, 45.718387718], [4.384822466, 45.720869321], [4.384505151, 45.723140091], [4.387931264, 45.726393349], [4.388960072, 45.728853797], [4.388960576, 45.730614515], [4.390448193, 45.732290257], [4.390295949, 45.73574874], [4.391502917, 45.736742553], [4.391874946, 45.739667702], [4.394509372, 45.74003413], [4.395313636, 45.741679535], [4.396601689, 45.74175005], [4.399883703, 45.743658314], [4.402866184, 45.74389234], [4.401769607, 45.745998139], [4.398326231, 45.751245625], [4.396357501, 45.752859627], [4.391027437, 45.755059079], [4.385492039, 45.754832706], [4.381118905, 45.753182356], [4.378021314, 45.750050044], [4.374580793, 45.749925415], [4.367363578, 45.74866942], [4.363790573, 45.75005281], [4.359177802, 45.751222565], [4.360291007, 45.752702374], [4.360818933, 45.756535357], [4.358133376, 45.757461143], [4.354561197, 45.757703135], [4.356848948, 45.759122937], [4.353850872, 45.761848215], [4.353734503, 45.7631384], [4.352571391, 45.763721544], [4.349456026, 45.764192053], [4.350492675, 45.765856603], [4.350298568, 45.767128801], [4.347983524, 45.769133348], [4.350315263, 45.771972139], [4.351282671, 45.774008569], [4.35242519, 45.774625315], [4.354472239, 45.774127933], [4.357248646, 45.775869695], [4.359223164, 45.776347574], [4.356565148, 45.779326398], [4.356377187, 45.78189363], [4.358668457, 45.783623181], [4.360044104, 45.78073092], [4.360655985, 45.777666829], [4.36204807, 45.77858398], [4.365630379, 45.780104165], [4.369560965, 45.780711282], [4.372908245, 45.781720735], [4.376299818, 45.782229704], [4.376773863, 45.783121846], [4.379614012, 45.783709492], [4.378539132, 45.785204159], [4.377948398, 45.787170237], [4.3780362, 45.788935294], [4.378830768, 45.790235101], [4.37727717, 45.791692372], [4.378064789, 45.792764411], [4.37331936, 45.79660128], [4.374903247, 45.797747408], [4.372607444, 45.799817069], [4.37294653, 45.801129661], [4.374967334, 45.801666155], [4.373986716, 45.80407016], [4.373988848, 45.805139178], [4.379374437, 45.806283045], [4.380634756, 45.807657308], [4.384473897, 45.804275265], [4.387939091, 45.802837639], [4.387828432, 45.804787962], [4.389013949, 45.806560231], [4.387648051, 45.807397502], [4.38624053, 45.809451116], [4.386200437, 45.811752717], [4.383896182, 45.812001638], [4.380080689, 45.814600721], [4.380173014, 45.815563265], [4.377805034, 45.817807729], [4.379726418, 45.81835977], [4.383196209, 45.818247971], [4.3835685, 45.819791592], [4.379529186, 45.822064663], [4.377127785, 45.824117684], [4.377601813, 45.824890946], [4.380677062, 45.825418085], [4.382970266, 45.826607676], [4.383498758, 45.828161994], [4.381936195, 45.831923239], [4.383570303, 45.834048533], [4.385552422, 45.835198657], [4.388161916, 45.834650556], [4.39059184, 45.837460356], [4.392479627, 45.836546375], [4.395663926, 45.833813285], [4.398968745, 45.833407644], [4.402504374, 45.832250614], [4.403628664, 45.832232145], [4.406095226, 45.831244091], [4.410781698, 45.830162528], [4.413553179, 45.830525055], [4.416021735, 45.8276157], [4.4175348, 45.826987889], [4.42008497, 45.827565582], [4.421054482, 45.82689322], [4.425426174, 45.827764883], [4.427492293, 45.830094857], [4.42768443, 45.831396552], [4.429993453, 45.831953657], [4.434410507, 45.835243524], [4.440592849, 45.833921959], [4.442627243, 45.835004683], [4.445384471, 45.835247732], [4.448658239, 45.836613497], [4.449386015, 45.835378385], [4.452559407, 45.835031401], [4.453719834, 45.834475185], [4.453305077, 45.831739863], [4.453353608, 45.829521854], [4.45523466, 45.828107938], [4.46012752, 45.825278905], [4.465571171, 45.824340167], [4.475712735, 45.817957598], [4.477558347, 45.813667091], [4.48216344, 45.810234701], [4.487617639, 45.807508749], [4.491824502, 45.806632744], [4.494480761, 45.804806215], [4.4965782, 45.801657669], [4.497177479, 45.797971459], [4.499962556, 45.794035558], [4.501585102, 45.790541066], [4.501375128, 45.788926288], [4.498217645, 45.789182604], [4.495772568, 45.785226052], [4.49252639, 45.78143046], [4.490855361, 45.781231891], [4.486892371, 45.779427942], [4.487503424, 45.778028386], [4.485801454, 45.776961926], [4.48795186, 45.775275493], [4.493771814, 45.7749338], [4.497153514, 45.775571671], [4.499507415, 45.77556473], [4.503965991, 45.776277246], [4.50629238, 45.775826508], [4.512081801, 45.777850297], [4.514831036, 45.774982662], [4.516314795, 45.772159892], [4.519041783, 45.771356751], [4.521546499, 45.770990656], [4.523636859, 45.771467714], [4.526308789, 45.771564895], [4.52810687, 45.772035016], [4.52871254, 45.769969709], [4.529261222, 45.766311906], [4.528625194, 45.76392838], [4.525865334, 45.763056983], [4.524575025, 45.759805046], [4.526294875, 45.758808177], [4.529787301, 45.755286129], [4.533651021, 45.755748833], [4.535802522, 45.75473874], [4.536743966, 45.755234789], [4.543039358, 45.755277632], [4.543506009, 45.754249898], [4.546050773, 45.75369266], [4.5462247, 45.75291931], [4.548375432, 45.751847738], [4.547779034, 45.750673356], [4.546142018, 45.750607546], [4.543271652, 45.747377466], [4.541445144, 45.746509893], [4.541320816, 45.745649661], [4.536595349, 45.744336144], [4.532228847, 45.742367279], [4.530937036, 45.742680241], [4.528669018, 45.742067942], [4.527293358, 45.742326157], [4.525429823, 45.740054711], [4.523803264, 45.739515596], [4.523448903, 45.738138779], [4.524692166, 45.735927978], [4.523787512, 45.735257511], [4.523789444, 45.733040974], [4.522764452, 45.730614049], [4.521054794, 45.729287048], [4.525184119, 45.725367449], [4.527024917, 45.724132948], [4.528982162, 45.721253141], [4.530449063, 45.720175864], [4.531565011, 45.720310215], [4.535390067, 45.722616996], [4.539006994, 45.723579109], [4.541129887, 45.721867676], [4.542709427, 45.72128676], [4.547265222, 45.718669145], [4.552065754, 45.716632499], [4.556379615, 45.716046124], [4.563454396, 45.716981266], [4.566320078, 45.719060739], [4.568264969, 45.716321796], [4.57505468, 45.714506846], [4.576449181, 45.712821117], [4.572903174, 45.712272622], [4.570926243, 45.711154551], [4.567646878, 45.708214517], [4.565206339, 45.707285633], [4.564477713, 45.704249711], [4.562696537, 45.703947486], [4.564278274, 45.701515367], [4.567706262, 45.701238056], [4.57093502, 45.70141465], [4.575741937, 45.699955103], [4.581293533, 45.69915049], [4.581871536, 45.698372307], [4.578293415, 45.697298456], [4.575614303, 45.694932081], [4.579733396, 45.690967316], [4.580470408, 45.689639306], [4.583504904, 45.68650741], [4.583378422, 45.683793682], [4.586548647, 45.680975924], [4.587938206, 45.682025433], [4.59030354, 45.682955775], [4.590472278, 45.679661456], [4.589957885, 45.678349243], [4.590439535, 45.676957218], [4.592343139, 45.676850161], [4.593356555, 45.676036036], [4.595672887, 45.675316934], [4.595733879, 45.674090261], [4.597380854, 45.671950344], [4.599482546, 45.670924375], [4.596810521, 45.67003821], [4.59038269, 45.665544782], [4.588117484, 45.66369076], [4.586607422, 45.661064995], [4.587646098, 45.659705662], [4.589118535, 45.659409287], [4.591535956, 45.657984514], [4.595886272, 45.657141156], [4.596469085, 45.656151168], [4.592678675, 45.653283094], [4.592216512, 45.651949442], [4.592534643, 45.650463349], [4.591122566, 45.649231392], [4.591664703, 45.648077182], [4.587996371, 45.64079579], [4.584525529, 45.636883594], [4.58177009, 45.635438064], [4.579915218, 45.635448808], [4.579252646, 45.634184573], [4.580405873, 45.632576917], [4.575676518, 45.631363396], [4.577290883, 45.629493528], [4.579575068, 45.628968827], [4.58214001, 45.629151655], [4.584162321, 45.628718807], [4.587566018, 45.626589409], [4.590643592, 45.625404808], [4.591887547, 45.625408832], [4.594896367, 45.621796897], [4.596167252, 45.620689073], [4.599984838, 45.619813444], [4.602558297, 45.618838326], [4.604723022, 45.618687683], [4.604127276, 45.615533044], [4.604769275, 45.612973205], [4.602680465, 45.608863531], [4.599927744, 45.60796963], [4.597251537, 45.605987477], [4.597196922, 45.605205577], [4.594787474, 45.60477142], [4.594567581, 45.603773903], [4.591729751, 45.602449597], [4.589079178, 45.602102494], [4.587583636, 45.602882869], [4.585478518, 45.600028652], [4.580494929, 45.598265055], [4.579855394, 45.597568825], [4.580740797, 45.595414621], [4.58239505, 45.593411711], [4.580063978, 45.590799258], [4.581548686, 45.590096589], [4.58194211, 45.588913896], [4.579321907, 45.586591007], [4.580324195, 45.585662759], [4.57977136, 45.583457615], [4.577341127, 45.582795527], [4.573825096, 45.584139939], [4.571881803, 45.583550174], [4.570351392, 45.582501582], [4.567577887, 45.583710232], [4.561993271, 45.580480758], [4.56027477, 45.580349708], [4.552934161, 45.578503231], [4.547661222, 45.579957535], [4.546106416, 45.580773299], [4.53164412, 45.577202045], [4.530182392, 45.575912412], [4.525395765, 45.573005338], [4.520979655, 45.572741843], [4.519947845, 45.573041301], [4.518800911, 45.57499048], [4.51427588, 45.576096264], [4.51252131, 45.577641966], [4.510578701, 45.577750041], [4.506656004, 45.576115781], [4.505313399, 45.57711276], [4.506016926, 45.579358539], [4.505060377, 45.580500749], [4.505335189, 45.581552619], [4.50461565, 45.587034536], [4.501273321, 45.585534613], [4.496727232, 45.584289292], [4.49397969, 45.585237277], [4.49068587, 45.584858593], [4.489718822, 45.584288698], [4.483603295, 45.58654639], [4.483223612, 45.587121501], [4.480485227, 45.587801541], [4.477713961, 45.587058044], [4.476246555, 45.587347508], [4.472608622, 45.585651584], [4.469602483, 45.584991122], [4.46857861, 45.585802459], [4.466213832, 45.58606298], [4.46490565, 45.584903806], [4.463641503, 45.581378088], [4.463025275, 45.578682417], [4.463331551, 45.577798515], [4.465660429, 45.57648388], [4.46239974, 45.573735291], [4.460850921, 45.572822376], [4.461052705, 45.571671452], [4.460147766, 45.569154244], [4.456000493, 45.567773338], [4.455077131, 45.567035072], [4.453058102, 45.566907182], [4.451317781, 45.564199867], [4.448128622, 45.560943811], [4.44738966, 45.558223536], [4.445115061, 45.555900375], [4.442827346, 45.55479048], [4.439850499, 45.555969748], [4.437628602, 45.556307106], [4.433092101, 45.557564673], [4.427681504, 45.561380116], [4.424248431, 45.562493608], [4.422663272, 45.564275296], [4.421876085, 45.565828018], [4.419118264, 45.565785416], [4.415951165, 45.566335107], [4.408728946, 45.565596382], [4.406417239, 45.566509736], [4.401827595, 45.566079833]]]], ""type"": ""MultiPolygon""}";45.688444196,4.463245904
1066.829;0;0.0;0;0.0;2;1680.8030853333335;0;0.0;0;0.0;;46.001337982,4.420866302
3767.549829387809;;;0;0.0;0;0.0;0;0.0;0;0.0;;45.688444196,4.463245904
469.6172930209134;0;0.0;0;0.0;0;0.0;0;0.0;0;0.0;;45.80718942,4.593656849
;0;0.0;0;0.0;0;0.0;0;0.0;0;0.0;;45.703383044,5.045097281
1132.896;0;0.0;0;0.0;0;0.0;0;0.0;0;0.0;;45.518509644,4.869336959
4264.546;0;0.0;1;185.25433333333334;0;0.0;0;0.0;0;0.0;;46.182149206,4.603756722
931.9878333333334;0;0.0;0;0.0;0;0.0;0;0.0;0;0.0;;45.668787006,4.756202655
1190.863;0;0.0;0;0.0;0;0.0;0;0.0;0;0.0;;45.623274555,4.666036159
6766.498;0;0.0;0;0.0;0;0.0;0;0.0;0;0.0;;45.518509644,4.869336959
2337.077;0;0.0;0;0.0;0;0.0;0;0.0;0;0.0;;45.518509644,4.869336959
2935.422;0;0.0;0;0.0;0;0.0;0;0.0;0;0.0;;46.182149206,4.603756722
60435.562;0;0.0;6;340954.402;3;45404.145;17;117228.716;2;0.0;;45.763270576,4.85388642
869.875;0;0.0;0;0.0;0;0.0;0;0.0;0;0.0;;45.922892327,4.629186507
4.349;0;0.0;0;0.0;0;0.0;0;0.0;0;0.0;;45.922892327,4.629186507
549.994;0;0.0;0;0.0;0;0.0;0;0.0;0;0.0;;45.623274555,4.666036159
5789.225;0;0.0;0;0.0;0;0.0;0;0.0;0;0.0;;45.518509644,4.869336959
316.457;0;0.0;0;0.0;0;0.0;0;0.0;0;0.0;;46.018032754,4.637633151
2.939;1;18405.167;0;0.0;0;0.0;0;0.0;0;0.0;;46.001337982,4.420866302
521.3081276344848;0;0.0;0;0.0;0;0.0;0;0.0;0;0.0;;45.668787006,4.756202655
237.95544993507622;0;0.0;0;0.0;0;0.0;0;0.0;0;0.0;;
476.0372498223304;;;0;0.0;0;0.0;0;0.0;0;0.0;;
10361.825;0;0.0;0;0.0;0;0.0;0;0.0;0;0.0;;
3315.3704784630786;0;0.0;0;0.0;0;0.0;0;0.0;0;0.0;;
1338.1885404837606;0;0.0;0;0.0;0;0.0;0;0.0;0;0.0;;45.80718942,4.593656849
1052.2224378319902;0;0.0;0;0.0;0;0.0;0;0.0;0;0.0;;
0.0;0;0.0;1;300.239;0;0.0;0;0.0;0;0.0;;
833.5967976915242;;;0;0.0;0;0.0;0;0.0;0;0.0;;
896.045;0;0.0;0;0.0;0;0.0;0;0.0;0;0.0;;45.668787006,4.756202655
937.4083828708648;0;0.0;0;0.0;0;0.0;0;0.0;0;0.0;;45.703383044,5.045097281
525.7340886300857;0;0.0;0;0.0;0;0.0;0;0.0;0;0.0;;
302.7517085701419;0;0.0;0;0.0;0;0.0;0;0.0;0;0.0;;
513.300528330207;;;0;0.0;0;0.0;0;0.0;0;0.0;;
325.4403972335785;0;0.0;0;0.0;0;0.0;;;0;0.0;;
163.53389835589982;0;0.0;0;0.0;0;0.0;0;0.0;0;0.0;;
18.822241734341063;0;0.0;0;0.0;0;0.0;0;0.0;0;0.0;;45.668787006,4.756202655
534.0559157810357;0;0.0;0;0.0;0;0.0;0;0.0;0;0.0;;45.668787006,4.756202655
96.3407869540698;0;0.0;0;0.0;0;0.0;0;0.0;0;0.0;;
2697.472;0;0.0;5;432130.005;2;43162.577;15;159210.94752964028;1;53.103;;
408.041;0;0.0;0;0.0;1;20154.18;1;4775.451;1;71.492;;
0.0;0;0.0;0;0.0;0;0.0;1;8.973;3;40.235;;45.703383044,5.045097281
808.8234058010031;0;0.0;0;0.0;0;0.0;0;0.0;0;0.0;;46.001337982,4.420866302
4096.417711771401;0;0.0;0;0.0;0;0.0;2;1546.593;0;0.0;;45.763270576,4.85388642
0.0;0;0.0;0;0.0;0;0.0;2;4266.355;4;48.411;;45.703383044,5.045097281
1203.212261674386;0;0.0;0;0.0;0;0.0;0;0.0;0;0.0;;45.623274555,4.666036159
1215.4309337468553;0;0.0;0;0.0;0;0.0;0;0.0;0;0.0;;
;0;0.0;0;0.0;0;0.0;0;0.0;0;0.0;;46.018032754,4.637633151
10714.89;0;0.0;0;0.0;0;0.0;;;0;0.0;;45.763270576,4.85388642
554.543;0;0.0;0;0.0;1;1196.777;0;0.0;0;0.0;;45.688444196,4.463245904
0.0;0;0.0;0;0.0;0;0.0;1;5173.308;0;0.0;;
1240.39;0;0.0;0;0.0;0;0.0;0;0.0;0;0.0;;45.703383044,5.045097281
1617.435;0;0.0;0;0.0;0;0.0;0;0.0;0;0.0;;45.80718942,4.593656849
1313.156;0;0.0;0;0.0;0;0.0;0;0.0;0;0.0;;45.623274555,4.666036159
943.112;0;0.0;0;0.0;0;0.0;0;0.0;0;0.0;;45.668787006,4.756202655
1918.510567502252;0;0.0;0;0.0;0;0.0;0;0.0;0;0.0;;46.182149206,4.603756722
885.2218333333334;0;0.0;0;0.0;0;0.0;0;0.0;0;0.0;;45.668787006,4.756202655
129.00061500048767;0;0.0;0;0.0;0;0.0;0;0.0;0;0.0;;45.922892327,4.629186507
0.0;0;0.0;1;324.0013333333333;0;0.0;0;0.0;0;0.0;;46.182149206,4.603756722
90.408;0;0.0;0;0.0;0;0.0;0;0.0;0;0.0;;45.621392169,4.882790254
788.204;0;0.0;0;0.0;0;0.0;0;0.0;0;0.0;;45.668787006,4.756202655
1897.014;0;0.0;0;0.0;0;0.0;0;0.0;;;;45.623274555,4.666036159
929.152;0;0.0;0;0.0;0;0.0;0;0.0;0;0.0;;45.623274555,4.666036159
562.22;0;0.0;0;0.0;0;0.0;0;0.0;0;0.0;;45.724661893,4.652947491
2014.748;0;0.0;0;0.0;0;0.0;0;0.0;;;;45.80718942,4.593656849
1552.307;0;0.0;0;0.0;0;0.0;0;0.0;0;0.0;;45.703383044,5.045097281
354.094;0;0.0;0;0.0;1;26630.542;3;7553.843;1;0.0;;46.018032754,4.637633151
;0;0.0;0;0.0;0;0.0;0;0.0;0;0.0;;45.621392169,4.882790254
4664.892813731761;0;0.0;0;0.0;0;0.0;0;0.0;0;0.0;;45.518509644,4.869336959
450.188;0;0.0;0;0.0;0;0.0;0;0.0;0;0.0;;45.724661893,4.652947491
;0;0.0;0;0.0;0;0.0;0;0.0;0;0.0;;45.621392169,4.882790254
321.352;0;0.0;0;0.0;0;0.0;0;0.0;0;0.0;;46.018032754,4.637633151
0.0;0;0.0;0;0.0;0;0.0;2;9370.711166666668;0;0.0;;45.703383044,5.045097281
1579.262;0;0.0;0;0.0;0;0.0;0;0.0;0;0.0;;45.922892327,4.629186507
;0;0.0;0;0.0;0;0.0;0;0.0;0;0.0;;45.703383044,5.045097281
451.888;0;0.0;0;0.0;0;0.0;0;0.0;0;0.0;;
834.314;;;0;0.0;0;0.0;0;0.0;0;0.0;;
;0;0.0;0;0.0;0;0.0;0;0.0;0;0.0;;45.621392169,4.882790254
775.753;0;0.0;0;0.0;0;0.0;0;0.0;0;0.0;;45.621392169,4.882790254
5320.338;;;0;0.0;0;0.0;0;0.0;0;0.0;;45.688444196,4.463245904
;0;0.0;0;0.0;0;0.0;0;0.0;0;0.0;;45.703383044,5.045097281
175.9302029213826;0;0.0;0;0.0;0;0.0;0;0.0;0;0.0;;
37.40369519983957;0;0.0;0;0.0;0;0.0;0;0.0;0;0.0;;
1095.0803202708014;0;0.0;0;0.0;0;0.0;0;0.0;0;0.0;;45.80718942,4.593656849
421.4905286624273;0;0.0;0;0.0;0;0.0;0;0.0;0;0.0;;
2648.487;0;0.0;5;446799.622;2;40211.679;14;152008.97065496727;1;78.508;;
1103.2493866490809;0;0.0;0;0.0;0;0.0;0;0.0;0;0.0;;45.922892327,4.629186507
1002.6166202130491;;;0;0.0;0;0.0;0;0.0;0;0.0;;45.724661893,4.652947491
157.05890257056453;0;0.0;0;0.0;0;0.0;0;0.0;0;0.0;;
1282.7043377644318;0;0.0;0;0.0;0;0.0;2;1518.055;0;0.0;;
508.3761247063776;0;0.0;0;0.0;0;0.0;0;0.0;0;0.0;;
0.0;0;0.0;0;0.0;0;0.0;1;344.851;0;0.0;;45.703383044,5.045097281
166.94683041496393;0;0.0;0;0.0;0;0.0;0;0.0;0;0.0;;45.80718942,4.593656849
276.76546802369023;0;0.0;0;0.0;0;0.0;0;0.0;0;0.0;;
442.26901990967883;0;0.0;0;0.0;0;0.0;0;0.0;0;0.0;;
71.35546335252536;0;0.0;0;0.0;0;0.0;0;0.0;0;0.0;;45.668787006,4.756202655
597.0264360582651;0;0.0;0;0.0;0;0.0;0;0.0;0;0.0;;
;0;0.0;0;0.0;0;0.0;0;0.0;0;0.0;;
;0;0.0;0;0.0;0;0.0;0;0.0;0;0.0;;
65.35548629608816;0;0.0;0;0.0;0;0.0;0;0.0;0;0.0;;
428.6355751415936;0;0.0;0;0.0;0;0.0;;;0;0.0;;
176.76504032324866;0;0.0;0;0.0;0;0.0;0;0.0;0;0.0;;
;0;0.0;0;0.0;0;0.0;0;0.0;0;0.0;;45.621392169,4.882790254
233.31856206733752;0;0.0;0;0.0;0;0.0;0;0.0;0;0.0;;
170.9312615781121;0;0.0;0;0.0;0;0.0;0;0.0;0;0.0;;
275.63883703529626;0;0.0;0;0.0;0;0.0;0;0.0;0;0.0;;
161.9307742443238;0;0.0;0;0.0;0;0.0;0;0.0;0;0.0;;
287.8012508207234;0;0.0;0;0.0;0;0.0;0;0.0;0;0.0;;
445.83863888465226;0;0.0;0;0.0;0;0.0;0;0.0;0;0.0;;45.80718942,4.593656849
698.826;0;0.0;0;0.0;0;0.0;0;0.0;0;0.0;;45.621392169,4.882790254
;0;0.0;0;0.0;0;0.0;0;0.0;0;0.0;;
343.659;0;0.0;0;0.0;1;27252.961;1;3010.718;1;493.793;;
841.0975229783174;0;0.0;0;0.0;0;0.0;0;0.0;0;0.0;;45.703383044,5.045097281
313.76561673135126;0;0.0;0;0.0;0;0.0;0;0.0;0;0.0;;
633.3759110044847;;;0;0.0;0;0.0;0;0.0;0;0.0;;
337.1075112308275;0;0.0;0;0.0;0;0.0;0;0.0;0;0.0;;
9017.056327169079;0;0.0;0;0.0;0;0.0;;;0;0.0;;
526.6956579732971;0;0.0;0;0.0;0;0.0;0;0.0;0;0.0;;45.623274555,4.666036159
1081.8300831245201;0;0.0;0;0.0;0;0.0;0;0.0;0;0.0;;45.623274555,4.666036159
1709.4130796044735;0;0.0;0;0.0;0;0.0;0;0.0;0;0.0;;46.001337982,4.420866302
199.43235072484538;0;0.0;0;0.0;0;0.0;0;0.0;0;0.0;;
316.0107140047902;0;0.0;0;0.0;0;0.0;0;0.0;0;0.0;;45.668787006,4.756202655
1208.9603887733228;0;0.0;0;0.0;0;0.0;0;0.0;0;0.0;;46.018032754,4.637633151
244.7279076182138;0;0.0;0;0.0;0;0.0;0;0.0;0;0.0;;
1286.652327050447;0;0.0;0;0.0;0;0.0;0;0.0;0;0.0;;45.922892327,4.629186507
323.45679123684823;0;0.0;0;0.0;0;0.0;0;0.0;0;0.0;;45.668787006,4.756202655
889.349;0;0.0;0;0.0;0;0.0;0;0.0;0;0.0;;45.668787006,4.756202655
2154.194;;;0;0.0;0;0.0;0;0.0;0;0.0;;45.724661893,4.652947491
690.898;0;0.0;0;0.0;0;0.0;0;0.0;0;0.0;;45.724661893,4.652947491
4.478;0;0.0;0;0.0;0;0.0;0;0.0;0;0.0;;45.724661893,4.652947491
2857.086;0;0.0;0;0.0;0;0.0;0;0.0;0;0.0;;45.518509644,4.869336959
3443.381;0;0.0;0;0.0;2;2291.61;0;0.0;0;0.0;;45.688444196,4.463245904
3731.24;0;0.0;0;0.0;0;0.0;0;0.0;0;0.0;;46.001337982,4.420866302
83.083;1;21282.604;0;0.0;0;0.0;0;0.0;1;104.142;;46.001337982,4.420866302
1794.6982211508362;0;0.0;0;0.0;0;0.0;0;0.0;0;0.0;;45.623274555,4.666036159
3146.8215;0;0.0;1;180.482;0;0.0;0;0.0;0;0.0;;46.182149206,4.603756722
1778.390035067425;0;0.0;0;0.0;0;0.0;0;0.0;0;0.0;;46.018032754,4.637633151
672.377;0;0.0;0;0.0;0;0.0;0;0.0;0;0.0;;45.668787006,4.756202655
1916.46;0;0.0;0;0.0;0;0.0;0;0.0;0;0.0;;45.518509644,4.869336959
2584.216;0;0.0;0;0.0;0;0.0;0;0.0;0;0.0;;46.182149206,4.603756722
874.354;0;0.0;0;0.0;0;0.0;0;0.0;0;0.0;;46.001337982,4.420866302
548.355;0;0.0;0;0.0;0;0.0;0;0.0;0;0.0;;
272.11;0;0.0;0;0.0;0;0.0;0;0.0;0;0.0;;46.182149206,4.603756722
332.576;0;0.0;0;0.0;0;0.0;0;0.0;0;0.0;;46.018032754,4.637633151
1793.5692019376124;0;0.0;0;0.0;0;0.0;0;0.0;0;0.0;;45.922892327,4.629186507
56.25278431134305;0;0.0;0;0.0;0;0.0;0;0.0;0;0.0;;
312.96544125965585;0;0.0;0;0.0;0;0.0;0;0.0;0;0.0;;
958.0225087471207;0;0.0;0;0.0;0;0.0;0;0.0;0;0.0;;45.80718942,4.593656849
30.10374490689605;0;0.0;0;0.0;0;0.0;0;0.0;0;0.0;;
16364.092065436806;0;0.0;0;0.0;0;0.0;0;0.0;0;0.0;;
418.3467542081174;0;0.0;0;0.0;0;0.0;;;0;0.0;;
6731.874833256658;0;0.0;0;0.0;0;0.0;;;0;0.0;;
152.03512458801163;0;0.0;0;0.0;0;0.0;0;0.0;0;0.0;;
903.1157015447308;;;0;0.0;0;0.0;0;0.0;0;0.0;;45.623274555,4.666036159
163.21798283437482;0;0.0;0;0.0;0;0.0;0;0.0;0;0.0;;
10651.211791022199;0;0.0;0;0.0;0;0.0;;;0;0.0;;45.763270576,4.85388642
12703.756;0;0.0;5;405293.141;2;44725.528;14;152113.559;1;118.866;;45.763270576,4.85388642
130.07598029981958;0;0.0;0;0.0;0;0.0;0;0.0;0;0.0;;45.922892327,4.629186507
843.8417295904723;0;0.0;0;0.0;0;0.0;0;0.0;0;0.0;;45.703383044,5.045097281
442.3475162329372;0;0.0;0;0.0;0;0.0;0;0.0;0;0.0;;
1399.3363763691434;0;0.0;0;0.0;0;0.0;0;0.0;0;0.0;;46.018032754,4.637633151
1056.4194550133614;;;0;0.0;0;0.0;0;0.0;0;0.0;;45.724661893,4.652947491
0.0;0;0.0;1;253.884;0;0.0;0;0.0;0;0.0;;
267.7688086747597;0;0.0;0;0.0;0;0.0;0;0.0;0;0.0;;
1847.1433305277617;0;0.0;0;0.0;0;0.0;0;0.0;0;0.0;;
1169.971;0;0.0;0;0.0;0;0.0;0;0.0;0;0.0;"{""coordinates"": [[[[4.570351392, 45.582501582], [4.571881803, 45.583550174], [4.573825096, 45.584139939], [4.577341127, 45.582795527], [4.57977136, 45.583457615], [4.580324195, 45.585662759], [4.579321907, 45.586591007], [4.58194211, 45.588913896], [4.581548686, 45.590096589], [4.580063978, 45.590799258], [4.58239505, 45.593411711], [4.580740797, 45.595414621], [4.579855394, 45.597568825], [4.580494929, 45.598265055], [4.585478518, 45.600028652], [4.587583636, 45.602882869], [4.589079178, 45.602102494], [4.591729751, 45.602449597], [4.594567581, 45.603773903], [4.594787474, 45.60477142], [4.597196922, 45.605205577], [4.597251537, 45.605987477], [4.599927744, 45.60796963], [4.602680465, 45.608863531], [4.604769275, 45.612973205], [4.604127276, 45.615533044], [4.604723022, 45.618687683], [4.602558297, 45.618838326], [4.599984838, 45.619813444], [4.596167252, 45.620689073], [4.594896367, 45.621796897], [4.591887547, 45.625408832], [4.590643592, 45.625404808], [4.587566018, 45.626589409], [4.584162321, 45.628718807], [4.58214001, 45.629151655], [4.579575068, 45.628968827], [4.577290883, 45.629493528], [4.575676518, 45.631363396], [4.580405873, 45.632576917], [4.579252646, 45.634184573], [4.579915218, 45.635448808], [4.58177009, 45.635438064], [4.584525529, 45.636883594], [4.587996371, 45.64079579], [4.591664703, 45.648077182], [4.591122566, 45.649231392], [4.592534643, 45.650463349], [4.592216512, 45.651949442], [4.592678675, 45.653283094], [4.596469085, 45.656151168], [4.595886272, 45.657141156], [4.591535956, 45.657984514], [4.589118535, 45.659409287], [4.587646098, 45.659705662], [4.586607422, 45.661064995], [4.588117484, 45.66369076], [4.59038269, 45.665544782], [4.596810521, 45.67003821], [4.599482546, 45.670924375], [4.601826373, 45.671387329], [4.605272751, 45.670839285], [4.610587213, 45.671667677], [4.613213777, 45.671776892], [4.617370482, 45.670128485], [4.619957711, 45.670958645], [4.623813283, 45.670264539], [4.624069053, 45.669086372], [4.626190506, 45.670108644], [4.628438915, 45.669635724], [4.629556597, 45.67064002], [4.632228415, 45.670279785], [4.637509928, 45.670024776], [4.641775503, 45.666617552], [4.647205048, 45.66478824], [4.654220631, 45.658273451], [4.658841112, 45.667332973], [4.659354904, 45.669088038], [4.66100428, 45.671908977], [4.665400862, 45.675673751], [4.670206733, 45.67833436], [4.674747033, 45.678955063], [4.680422261, 45.683730644], [4.68542128, 45.685934698], [4.68857629, 45.689140741], [4.688747472, 45.690370319], [4.690615884, 45.690615204], [4.691969415, 45.692514256], [4.692979487, 45.692594555], [4.694057803, 45.694022155], [4.696462042, 45.694257986], [4.697141959, 45.695808646], [4.696337803, 45.697248355], [4.69917782, 45.698150386], [4.699945134, 45.699445718], [4.703117227, 45.700439917], [4.704519573, 45.699103697], [4.706274635, 45.699870644], [4.707966198, 45.699745038], [4.710091731, 45.698647273], [4.713043862, 45.696933435], [4.716877364, 45.695794245], [4.718312718, 45.696031764], [4.721664766, 45.69487363], [4.725269416, 45.695267035], [4.727072332, 45.692949831], [4.727548298, 45.691069978], [4.729283484, 45.691116312], [4.728483098, 45.688698506], [4.728824042, 45.687641256], [4.726297591, 45.686326251], [4.723956951, 45.680205822], [4.726257225, 45.676299386], [4.725984498, 45.674269788], [4.726901416, 45.673679285], [4.733326899, 45.672578092], [4.735289991, 45.67274061], [4.739001912, 45.672296951], [4.742051598, 45.67220388], [4.74112011, 45.671263542], [4.742680419, 45.670222513], [4.742522676, 45.669292727], [4.744584673, 45.664443843], [4.747954343, 45.661113924], [4.748058414, 45.658470546], [4.751084631, 45.658553221], [4.750666998, 45.65464796], [4.746086621, 45.64759184], [4.744595127, 45.646718769], [4.745512656, 45.645353492], [4.743427226, 45.645068766], [4.743497642, 45.643797687], [4.740865545, 45.641438963], [4.740717231, 45.639048998], [4.739392201, 45.637129378], [4.734339979, 45.632869588], [4.73364434, 45.630784384], [4.730388729, 45.623719895], [4.730616613, 45.622015876], [4.729897507, 45.620691204], [4.73077442, 45.619876999], [4.732121282, 45.616647093], [4.734802395, 45.615333098], [4.736342622, 45.615376888], [4.739322869, 45.613621328], [4.741138099, 45.611921553], [4.74340324, 45.612696198], [4.745539853, 45.612933275], [4.746638346, 45.612197467], [4.748998399, 45.611666314], [4.749368233, 45.610657184], [4.753532161, 45.609869991], [4.755373494, 45.608809069], [4.757651113, 45.608720361], [4.758140354, 45.607920999], [4.75840748, 45.605824494], [4.759145607, 45.604539361], [4.757397018, 45.604228933], [4.756030219, 45.602805556], [4.756496896, 45.600687928], [4.755381894, 45.598339198], [4.752030047, 45.595888422], [4.751218918, 45.594174417], [4.749872129, 45.593128055], [4.74623405, 45.591591274], [4.739530748, 45.591954568], [4.73656651, 45.590907841], [4.735840838, 45.590143547], [4.734083758, 45.589870726], [4.731548203, 45.590384464], [4.727405924, 45.590799442], [4.725911101, 45.591243919], [4.722882313, 45.59318722], [4.720119882, 45.594376988], [4.719961712, 45.592339343], [4.71870673, 45.5891854], [4.715102857, 45.589090011], [4.709467278, 45.588587678], [4.70523051, 45.588683532], [4.70336813, 45.588024536], [4.709180936, 45.587205873], [4.710902507, 45.586750964], [4.712275448, 45.58506019], [4.712081375, 45.583552692], [4.710327182, 45.581242107], [4.710861342, 45.580471098], [4.710353172, 45.578509028], [4.710681579, 45.576349588], [4.712290356, 45.574330075], [4.713002117, 45.574204845], [4.7114651, 45.572731314], [4.708335901, 45.571440493], [4.707141491, 45.571300118], [4.702591073, 45.572414825], [4.699304083, 45.574002027], [4.694501384, 45.575560649], [4.690421652, 45.576357925], [4.686514079, 45.576494071], [4.686720135, 45.574667102], [4.685563771, 45.573331624], [4.686156165, 45.572653535], [4.690986502, 45.572044173], [4.693653054, 45.57230846], [4.694416288, 45.571223345], [4.696739563, 45.570789299], [4.696404762, 45.569235271], [4.694992176, 45.567911862], [4.692451966, 45.566486531], [4.692343376, 45.565407349], [4.690474503, 45.564125883], [4.691641675, 45.563548099], [4.692431487, 45.561824015], [4.694466721, 45.560619762], [4.693676346, 45.558250276], [4.691602659, 45.557813154], [4.687476508, 45.558265179], [4.686930352, 45.560752947], [4.685862071, 45.560407804], [4.685034349, 45.561987398], [4.683607436, 45.562204229], [4.683385121, 45.565651754], [4.68032401, 45.567884404], [4.676798805, 45.569069198], [4.674975198, 45.5689811], [4.67180853, 45.570494543], [4.669098388, 45.569712499], [4.665722153, 45.567970237], [4.665170369, 45.565395279], [4.664440855, 45.564458574], [4.662576321, 45.565693973], [4.661105321, 45.566071488], [4.658329374, 45.563848186], [4.656112096, 45.563108102], [4.653965048, 45.563989951], [4.652498001, 45.563510756], [4.649101321, 45.565103493], [4.64936058, 45.563257818], [4.648731924, 45.561304481], [4.64886693, 45.559247172], [4.648051254, 45.557167781], [4.646174592, 45.555363325], [4.647002127, 45.554607247], [4.655094449, 45.55049118], [4.655396356, 45.549439253], [4.657340381, 45.547659693], [4.657107833, 45.54528175], [4.659364963, 45.543392157], [4.657269984, 45.54204235], [4.654736229, 45.541834714], [4.65303325, 45.542580317], [4.650466616, 45.540406008], [4.647016607, 45.540761063], [4.64477921, 45.540559667], [4.643305507, 45.541649422], [4.643419502, 45.542728555], [4.638402318, 45.545490316], [4.636606043, 45.545647992], [4.63642927, 45.548215662], [4.634752312, 45.549206486], [4.633858409, 45.550497531], [4.634311964, 45.552012159], [4.633006824, 45.554577315], [4.63373424, 45.556031225], [4.633493426, 45.557213697], [4.631458911, 45.558220472], [4.6308208, 45.560064389], [4.628158242, 45.562350152], [4.628660533, 45.563736204], [4.627226646, 45.564903519], [4.62681448, 45.567026048], [4.62568979, 45.567765554], [4.623789215, 45.570211311], [4.62051633, 45.571693299], [4.62033164, 45.572350744], [4.618125075, 45.574168544], [4.616557261, 45.573882172], [4.61575371, 45.57482501], [4.613508437, 45.574704145], [4.607448433, 45.573585873], [4.606453218, 45.57221218], [4.603210109, 45.571816254], [4.602735625, 45.570529672], [4.601353265, 45.570930352], [4.599940603, 45.570503739], [4.598195206, 45.571212168], [4.594548464, 45.571759317], [4.591660294, 45.571840777], [4.589075062, 45.57072451], [4.586770281, 45.570801199], [4.582745216, 45.57462989], [4.581846681, 45.576714045], [4.577948985, 45.577564097], [4.570351392, 45.582501582]]]], ""type"": ""MultiPolygon""}";45.623274555,4.666036159
2167.57;0;0.0;0;0.0;0;0.0;0;0.0;0;0.0;"{""coordinates"": [[[[4.988795715, 45.618511162], [4.986704206, 45.619678576], [4.985738913, 45.619284869], [4.984065054, 45.620180936], [4.981345832, 45.620886415], [4.979327609, 45.621956015], [4.97771952, 45.624771252], [4.977340866, 45.626858668], [4.97582972, 45.627899472], [4.974840867, 45.629799423], [4.973041082, 45.631607297], [4.970495827, 45.63339667], [4.969354944, 45.633773343], [4.966511504, 45.636102892], [4.962757033, 45.638059129], [4.960025733, 45.639761424], [4.959102784, 45.641948321], [4.959704176, 45.643556514], [4.959778428, 45.646597984], [4.959018091, 45.647503872], [4.960512701, 45.648474989], [4.960923352, 45.650315294], [4.960350115, 45.651137763], [4.963366651, 45.651342807], [4.964394631, 45.653456072], [4.966273413, 45.65337463], [4.966244167, 45.654901931], [4.969224682, 45.655315527], [4.969339381, 45.659803821], [4.970440558, 45.659920569], [4.970563465, 45.661316402], [4.969235042, 45.661420713], [4.970766576, 45.664134937], [4.969566999, 45.66493779], [4.968761785, 45.668124359], [4.974716869, 45.668670433], [4.974358341, 45.675403631], [4.971351368, 45.675974248], [4.969115578, 45.676769104], [4.97458711, 45.681167221], [4.980509501, 45.681010088], [4.984896458, 45.679856441], [4.988634331, 45.678381699], [4.991094336, 45.677752734], [4.990928296, 45.685174413], [4.9895697, 45.687278297], [4.98790628, 45.688949769], [4.989542761, 45.689745983], [4.994199746, 45.693395532], [4.998277405, 45.703338073], [5.000030668, 45.708236903], [4.993505567, 45.710551317], [4.982344605, 45.714695383], [4.976927008, 45.712132383], [4.974413407, 45.718006219], [4.973485383, 45.720756303], [4.976218398, 45.72720566], [4.977701889, 45.729738728], [4.978761889, 45.733588932], [4.980297759, 45.735277931], [4.990348688, 45.744948189], [4.993622108, 45.744353498], [4.994876345, 45.746630994], [5.014992079, 45.751529381], [5.018982308, 45.75234258], [5.021928425, 45.752398791], [5.022869252, 45.75191261], [5.031604249, 45.751720452], [5.035501784, 45.751860953], [5.039696513, 45.751302337], [5.047588533, 45.751143099], [5.046521222, 45.752516362], [5.041016776, 45.756739933], [5.036467523, 45.762320581], [5.035898461, 45.766855513], [5.036081496, 45.767596261], [5.043712705, 45.765299063], [5.046446646, 45.765166622], [5.052330676, 45.765468675], [5.052140646, 45.768599686], [5.052377299, 45.772960625], [5.053043512, 45.775369836], [5.054734637, 45.776674926], [5.057524637, 45.776719562], [5.057152569, 45.782007709], [5.059732291, 45.782137201], [5.061120585, 45.78000939], [5.065222011, 45.772186632], [5.065781806, 45.768499328], [5.06751006, 45.765256322], [5.068411693, 45.765515436], [5.075638584, 45.766063685], [5.080892066, 45.76543812], [5.084618154, 45.76540445], [5.095753607, 45.769298571], [5.092974832, 45.76641624], [5.093890234, 45.76618576], [5.09122795, 45.762531941], [5.093052812, 45.759912782], [5.091412409, 45.760264799], [5.089055763, 45.749535766], [5.092023437, 45.748360147], [5.091457491, 45.746223129], [5.09316355, 45.745849166], [5.092712972, 45.744007278], [5.095259745, 45.743514982], [5.095484322, 45.742447859], [5.094250145, 45.739347701], [5.100867104, 45.739161537], [5.107732023, 45.739271218], [5.107821898, 45.738321888], [5.11233732, 45.738758944], [5.112576505, 45.738285141], [5.117903766, 45.737715867], [5.122315062, 45.737952699], [5.124067916, 45.738540348], [5.125710591, 45.73820221], [5.130427656, 45.735689077], [5.132212719, 45.733976208], [5.134645353, 45.733513093], [5.139150169, 45.731153135], [5.137634697, 45.727787605], [5.140313249, 45.723185845], [5.142789776, 45.724035103], [5.143843226, 45.720156865], [5.147030586, 45.719574615], [5.147935949, 45.719044797], [5.155358123, 45.717541051], [5.157834345, 45.715284849], [5.15934448, 45.71542798], [5.158778683, 45.712562493], [5.160110913, 45.711708206], [5.15915372, 45.710410449], [5.159969901, 45.70845984], [5.15799639, 45.706618539], [5.157737875, 45.705594751], [5.156208344, 45.704650244], [5.155996377, 45.702972467], [5.153978477, 45.699817655], [5.154511853, 45.702421638], [5.150206571, 45.705968437], [5.148710495, 45.706179843], [5.149627219, 45.703368016], [5.146592859, 45.703760072], [5.146333266, 45.700847268], [5.144031346, 45.700862272], [5.14308129, 45.700032679], [5.139761255, 45.70264059], [5.137831215, 45.70293216], [5.136914602, 45.705296172], [5.135829178, 45.704955526], [5.134738774, 45.706617475], [5.13244191, 45.705602512], [5.131076837, 45.707780382], [5.123870803, 45.702471936], [5.122988976, 45.702876805], [5.119100976, 45.699749423], [5.114260687, 45.70240226], [5.112578779, 45.702696846], [5.112481262, 45.701018668], [5.110593313, 45.69857413], [5.108729357, 45.698811716], [5.108976504, 45.699865537], [5.107180461, 45.700503585], [5.104797525, 45.700550831], [5.104390013, 45.698253283], [5.105045769, 45.694304514], [5.106246985, 45.693814544], [5.10572704, 45.692582054], [5.107202403, 45.692136491], [5.106363515, 45.69066315], [5.108448534, 45.690061139], [5.108247752, 45.688468669], [5.103477298, 45.685744646], [5.100874723, 45.684729371], [5.09420607, 45.683004217], [5.091463222, 45.681125671], [5.089616782, 45.67926106], [5.089033886, 45.677402716], [5.084244975, 45.67594568], [5.082116467, 45.677809167], [5.079781793, 45.676105663], [5.077269654, 45.674839571], [5.075204865, 45.672376134], [5.072930372, 45.67312515], [5.069010156, 45.668899565], [5.063010455, 45.666600935], [5.060418591, 45.66641509], [5.054562282, 45.660382336], [5.054410454, 45.658783507], [5.057407126, 45.654940069], [5.05817041, 45.653462336], [5.054883065, 45.652309032], [5.054047471, 45.651597348], [5.049652399, 45.649208409], [5.046752581, 45.647929817], [5.044209751, 45.647446366], [5.040337375, 45.647406732], [5.038050615, 45.64491066], [5.03994338, 45.64413773], [5.035221894, 45.637586258], [5.036358618, 45.635080443], [5.038675136, 45.632154201], [5.034828619, 45.628735106], [5.038817204, 45.627049607], [5.03962724, 45.624955926], [5.042443949, 45.62405269], [5.043572697, 45.621346966], [5.03852708, 45.617596679], [5.037789701, 45.614300577], [5.037044549, 45.612989929], [5.035162804, 45.613091548], [5.030676482, 45.616301023], [5.028993373, 45.617168214], [5.026866622, 45.617102963], [5.023709258, 45.617497596], [5.017476273, 45.6193012], [5.015477482, 45.619367652], [5.009650087, 45.621182464], [5.008538053, 45.620252009], [5.004557131, 45.623224389], [4.988795715, 45.618511162]]], [[[5.101489283, 45.813562104], [5.098278995, 45.806273021], [5.096114226, 45.803501819], [5.096769147, 45.801585347], [5.096564788, 45.79915426], [5.089179971, 45.784511688], [5.083628968, 45.786272709], [5.08136812, 45.786582874], [5.075458289, 45.788024013], [5.068960962, 45.789876466], [5.06526439, 45.790571135], [5.059088485, 45.792046898], [5.057658619, 45.792792714], [5.059071942, 45.796265629], [5.059941275, 45.799996178], [5.05941127, 45.802291171], [5.059775634, 45.803565455], [5.058442005, 45.810320536], [5.060380327, 45.809553728], [5.063458278, 45.809400221], [5.076352417, 45.811053673], [5.086050698, 45.812415253], [5.089338004, 45.811561751], [5.101489283, 45.813562104]]]], ""type"": ""MultiPolygon""}";45.703383044,5.045097281
2421.708;0;0.0;0;0.0;0;0.0;0;0.0;0;0.0;"{""coordinates"": [[[[4.748653773, 45.962632107], [4.7502555, 45.964629457], [4.744196109, 45.967426012], [4.736291353, 45.969561503], [4.733938429, 45.966667553], [4.732698199, 45.96456627], [4.729870438, 45.960686927], [4.722539848, 45.962501045], [4.71938891, 45.963134404], [4.719679915, 45.963767684], [4.716080821, 45.964612216], [4.707056493, 45.965860116], [4.701527246, 45.966490978], [4.701851254, 45.967487688], [4.698735827, 45.968744117], [4.697450062, 45.969647889], [4.696849531, 45.971411456], [4.695304749, 45.973177451], [4.693012319, 45.974788875], [4.689437811, 45.972808485], [4.687806791, 45.972318511], [4.682025008, 45.97506971], [4.68064308, 45.978041812], [4.680761357, 45.979546021], [4.678581367, 45.979359486], [4.676882789, 45.978011991], [4.675888829, 45.978250078], [4.674199729, 45.977083443], [4.67411388, 45.976214641], [4.670563952, 45.976471526], [4.6657584, 45.97741419], [4.663951442, 45.978024405], [4.660286282, 45.978449286], [4.659142839, 45.979259554], [4.652856966, 45.977384368], [4.649908854, 45.977079695], [4.648445466, 45.976139972], [4.64218809, 45.97675419], [4.639894708, 45.978693279], [4.636540105, 45.978186085], [4.634825841, 45.978274795], [4.634974176, 45.979658809], [4.638623369, 45.980858919], [4.629217747, 45.980498346], [4.627698558, 45.980065346], [4.62295059, 45.979971367], [4.618964057, 45.978092864], [4.621564352, 45.977471116], [4.62338845, 45.975456273], [4.620827531, 45.974384218], [4.622338821, 45.972233361], [4.619745386, 45.971586872], [4.618641196, 45.970012959], [4.620141093, 45.968661199], [4.619698287, 45.967395772], [4.618310679, 45.966414957], [4.621636033, 45.964337237], [4.62188047, 45.961279521], [4.621029225, 45.960264935], [4.618292024, 45.959189053], [4.618670788, 45.958279353], [4.621003127, 45.958237872], [4.622541324, 45.956664859], [4.622755589, 45.955346791], [4.617513062, 45.955883876], [4.613847738, 45.955426407], [4.612232907, 45.952624884], [4.609358388, 45.951558856], [4.608701367, 45.94873736], [4.606524906, 45.948133295], [4.605248655, 45.948467542], [4.602748933, 45.950063844], [4.594908932, 45.949935911], [4.59362186, 45.949409131], [4.593192184, 45.951963193], [4.595461241, 45.953757804], [4.593664252, 45.955559252], [4.592122004, 45.958850408], [4.589479398, 45.96205792], [4.588808331, 45.96350752], [4.588654809, 45.96633329], [4.587529533, 45.968248597], [4.583911185, 45.968500124], [4.583643921, 45.970614141], [4.579336022, 45.971239033], [4.577625554, 45.97415944], [4.576548438, 45.976737755], [4.574049169, 45.978197385], [4.573386066, 45.979223458], [4.574940056, 45.980031375], [4.572387837, 45.98140794], [4.569644207, 45.984729845], [4.566302234, 45.985880334], [4.565025884, 45.986976979], [4.565388929, 45.988884083], [4.563463255, 45.990869636], [4.562206895, 45.992767567], [4.562143678, 45.99504713], [4.559823997, 45.996046413], [4.557074635, 45.996340928], [4.55291332, 45.998577663], [4.550667482, 45.998860613], [4.54596844, 45.998579882], [4.550251289, 46.002849054], [4.548642221, 46.004134693], [4.548242481, 46.006463873], [4.549429041, 46.008025619], [4.547531171, 46.008516299], [4.544677642, 46.008577753], [4.544045695, 46.009641045], [4.544519848, 46.01147464], [4.545966783, 46.012687918], [4.543875104, 46.013096516], [4.542974624, 46.01491191], [4.545231714, 46.016753636], [4.545129228, 46.017569234], [4.543240854, 46.018549669], [4.540124505, 46.018154341], [4.53903574, 46.018931093], [4.539205539, 46.020656259], [4.53840941, 46.021774884], [4.535667108, 46.0232054], [4.532498298, 46.023161828], [4.530356192, 46.023587964], [4.525580204, 46.025545539], [4.524815971, 46.02628806], [4.519495872, 46.026164064], [4.518638586, 46.026630386], [4.515511778, 46.025489674], [4.513903669, 46.025876832], [4.513744637, 46.026863375], [4.516731559, 46.03099439], [4.515915554, 46.033337108], [4.518175177, 46.035885452], [4.522683557, 46.036504082], [4.521323637, 46.037458124], [4.524199365, 46.04010256], [4.528773101, 46.042172839], [4.531487074, 46.041913748], [4.532952247, 46.042278529], [4.535511, 46.043964167], [4.536087884, 46.045817119], [4.535348918, 46.046867392], [4.535978389, 46.048471952], [4.536748864, 46.052527999], [4.535336088, 46.055624695], [4.537730066, 46.056713582], [4.537169797, 46.058051455], [4.538933017, 46.062021076], [4.538993635, 46.063954875], [4.540592401, 46.066616242], [4.541697425, 46.067631586], [4.541821288, 46.069002511], [4.542986654, 46.072118268], [4.543965559, 46.072600313], [4.545042153, 46.07457702], [4.547381107, 46.07643293], [4.548326624, 46.078068243], [4.549277426, 46.080990524], [4.54961529, 46.083333039], [4.55095214, 46.085389902], [4.552061961, 46.08417234], [4.555596308, 46.083332253], [4.559687363, 46.083823694], [4.562801518, 46.083095435], [4.565560903, 46.084409295], [4.568896873, 46.085104465], [4.572906094, 46.085621782], [4.575951533, 46.087959992], [4.577754158, 46.088347448], [4.58015959, 46.08822481], [4.583753372, 46.086263483], [4.583706416, 46.083961123], [4.585865057, 46.081887348], [4.589371164, 46.082598453], [4.591310273, 46.082025465], [4.591723213, 46.079525709], [4.595737059, 46.077757142], [4.610216134, 46.06979232], [4.613348771, 46.068816505], [4.616544517, 46.067306501], [4.624359945, 46.062881484], [4.625660611, 46.062324241], [4.645720408, 46.075760489], [4.645970998, 46.077386194], [4.644460366, 46.082133097], [4.652306006, 46.079920507], [4.653491355, 46.079354719], [4.655469984, 46.079388011], [4.65930535, 46.078760943], [4.659537483, 46.077148017], [4.662206959, 46.076961222], [4.665443788, 46.077218182], [4.66915915, 46.073373468], [4.667335993, 46.072443746], [4.669402348, 46.071709014], [4.670138555, 46.070384968], [4.671857281, 46.069754384], [4.674751561, 46.067997669], [4.680929154, 46.062838078], [4.679740977, 46.062444065], [4.683196773, 46.05944035], [4.684548503, 46.059050995], [4.685470129, 46.057040458], [4.685657084, 46.054952568], [4.680922245, 46.054616638], [4.681977009, 46.053446307], [4.681415967, 46.051091203], [4.677145083, 46.052212769], [4.677049736, 46.049299533], [4.674243403, 46.047962944], [4.671137987, 46.047548502], [4.673115116, 46.046294402], [4.672792578, 46.045429091], [4.674148759, 46.04379323], [4.675992789, 46.039112999], [4.675998206, 46.035556978], [4.678507112, 46.036320574], [4.680149726, 46.03484522], [4.681595009, 46.03512372], [4.683293975, 46.033338544], [4.684363457, 46.034099058], [4.689088399, 46.035348273], [4.700871736, 46.03942519], [4.700914733, 46.039226391], [4.71547407, 46.038655736], [4.715525408, 46.035036831], [4.716394499, 46.033297925], [4.718146338, 46.033946013], [4.722476308, 46.033831662], [4.725188838, 46.034100254], [4.726236493, 46.033322307], [4.72860779, 46.029277121], [4.729767599, 46.029602597], [4.731114293, 46.027813046], [4.734624429, 46.027549515], [4.744330706, 46.027239322], [4.746624885, 46.027818277], [4.746274895, 46.026243821], [4.744116874, 46.020537717], [4.743954159, 46.018749606], [4.744876691, 46.015960312], [4.748572192, 46.010572929], [4.749494116, 46.006272204], [4.74916783, 46.0035715], [4.748456007, 46.001996332], [4.749423928, 45.99609793], [4.755684404, 45.997123362], [4.75672329, 45.996389385], [4.759975433, 45.99701444], [4.763099752, 45.996995579], [4.764091948, 45.9938006], [4.764891117, 45.9929712], [4.765126176, 45.990670708], [4.766442488, 45.987919211], [4.764475274, 45.986692474], [4.766987356, 45.985008598], [4.766964981, 45.983788474], [4.769228541, 45.98008721], [4.768776691, 45.976881406], [4.770664199, 45.974232616], [4.776507416, 45.973320534], [4.773277685, 45.970587036], [4.7683713, 45.970093618], [4.767777222, 45.968649136], [4.761779967, 45.963283372], [4.759310326, 45.959600019], [4.757487746, 45.958578996], [4.753451735, 45.956950043], [4.750521033, 45.95941292], [4.750007391, 45.960887224], [4.750711766, 45.961471705], [4.748653773, 45.962632107]]]], ""type"": ""MultiPolygon""}";46.018032754,4.637633151
394.789;0;0.0;0;0.0;1;8043.563;4;7710.831;1;91.032;"{""coordinates"": [[[[4.748653773, 45.962632107], [4.7502555, 45.964629457], [4.744196109, 45.967426012], [4.736291353, 45.969561503], [4.733938429, 45.966667553], [4.732698199, 45.96456627], [4.729870438, 45.960686927], [4.722539848, 45.962501045], [4.71938891, 45.963134404], [4.719679915, 45.963767684], [4.716080821, 45.964612216], [4.707056493, 45.965860116], [4.701527246, 45.966490978], [4.701851254, 45.967487688], [4.698735827, 45.968744117], [4.697450062, 45.969647889], [4.696849531, 45.971411456], [4.695304749, 45.973177451], [4.693012319, 45.974788875], [4.689437811, 45.972808485], [4.687806791, 45.972318511], [4.682025008, 45.97506971], [4.68064308, 45.978041812], [4.680761357, 45.979546021], [4.678581367, 45.979359486], [4.676882789, 45.978011991], [4.675888829, 45.978250078], [4.674199729, 45.977083443], [4.67411388, 45.976214641], [4.670563952, 45.976471526], [4.6657584, 45.97741419], [4.663951442, 45.978024405], [4.660286282, 45.978449286], [4.659142839, 45.979259554], [4.652856966, 45.977384368], [4.649908854, 45.977079695], [4.648445466, 45.976139972], [4.64218809, 45.97675419], [4.639894708, 45.978693279], [4.636540105, 45.978186085], [4.634825841, 45.978274795], [4.634974176, 45.979658809], [4.638623369, 45.980858919], [4.629217747, 45.980498346], [4.627698558, 45.980065346], [4.62295059, 45.979971367], [4.618964057, 45.978092864], [4.621564352, 45.977471116], [4.62338845, 45.975456273], [4.620827531, 45.974384218], [4.622338821, 45.972233361], [4.619745386, 45.971586872], [4.618641196, 45.970012959], [4.620141093, 45.968661199], [4.619698287, 45.967395772], [4.618310679, 45.966414957], [4.621636033, 45.964337237], [4.62188047, 45.961279521], [4.621029225, 45.960264935], [4.618292024, 45.959189053], [4.618670788, 45.958279353], [4.621003127, 45.958237872], [4.622541324, 45.956664859], [4.622755589, 45.955346791], [4.617513062, 45.955883876], [4.613847738, 45.955426407], [4.612232907, 45.952624884], [4.609358388, 45.951558856], [4.608701367, 45.94873736], [4.606524906, 45.948133295], [4.605248655, 45.948467542], [4.602748933, 45.950063844], [4.594908932, 45.949935911], [4.59362186, 45.949409131], [4.593192184, 45.951963193], [4.595461241, 45.953757804], [4.593664252, 45.955559252], [4.592122004, 45.958850408], [4.589479398, 45.96205792], [4.588808331, 45.96350752], [4.588654809, 45.96633329], [4.587529533, 45.968248597], [4.583911185, 45.968500124], [4.583643921, 45.970614141], [4.579336022, 45.971239033], [4.577625554, 45.97415944], [4.576548438, 45.976737755], [4.574049169, 45.978197385], [4.573386066, 45.979223458], [4.574940056, 45.980031375], [4.572387837, 45.98140794], [4.569644207, 45.984729845], [4.566302234, 45.985880334], [4.565025884, 45.986976979], [4.565388929, 45.988884083], [4.563463255, 45.990869636], [4.562206895, 45.992767567], [4.562143678, 45.99504713], [4.559823997, 45.996046413], [4.557074635, 45.996340928], [4.55291332, 45.998577663], [4.550667482, 45.998860613], [4.54596844, 45.998579882], [4.550251289, 46.002849054], [4.548642221, 46.004134693], [4.548242481, 46.006463873], [4.549429041, 46.008025619], [4.547531171, 46.008516299], [4.544677642, 46.008577753], [4.544045695, 46.009641045], [4.544519848, 46.01147464], [4.545966783, 46.012687918], [4.543875104, 46.013096516], [4.542974624, 46.01491191], [4.545231714, 46.016753636], [4.545129228, 46.017569234], [4.543240854, 46.018549669], [4.540124505, 46.018154341], [4.53903574, 46.018931093], [4.539205539, 46.020656259], [4.53840941, 46.021774884], [4.535667108, 46.0232054], [4.532498298, 46.023161828], [4.530356192, 46.023587964], [4.525580204, 46.025545539], [4.524815971, 46.02628806], [4.519495872, 46.026164064], [4.518638586, 46.026630386], [4.515511778, 46.025489674], [4.513903669, 46.025876832], [4.513744637, 46.026863375], [4.516731559, 46.03099439], [4.515915554, 46.033337108], [4.518175177, 46.035885452], [4.522683557, 46.036504082], [4.521323637, 46.037458124], [4.524199365, 46.04010256], [4.528773101, 46.042172839], [4.531487074, 46.041913748], [4.532952247, 46.042278529], [4.535511, 46.043964167], [4.536087884, 46.045817119], [4.535348918, 46.046867392], [4.535978389, 46.048471952], [4.536748864, 46.052527999], [4.535336088, 46.055624695], [4.537730066, 46.056713582], [4.537169797, 46.058051455], [4.538933017, 46.062021076], [4.538993635, 46.063954875], [4.540592401, 46.066616242], [4.541697425, 46.067631586], [4.541821288, 46.069002511], [4.542986654, 46.072118268], [4.543965559, 46.072600313], [4.545042153, 46.07457702], [4.547381107, 46.07643293], [4.548326624, 46.078068243], [4.549277426, 46.080990524], [4.54961529, 46.083333039], [4.55095214, 46.085389902], [4.552061961, 46.08417234], [4.555596308, 46.083332253], [4.559687363, 46.083823694], [4.562801518, 46.083095435], [4.565560903, 46.084409295], [4.568896873, 46.085104465], [4.572906094, 46.085621782], [4.575951533, 46.087959992], [4.577754158, 46.088347448], [4.58015959, 46.08822481], [4.583753372, 46.086263483], [4.583706416, 46.083961123], [4.585865057, 46.081887348], [4.589371164, 46.082598453], [4.591310273, 46.082025465], [4.591723213, 46.079525709], [4.595737059, 46.077757142], [4.610216134, 46.06979232], [4.613348771, 46.068816505], [4.616544517, 46.067306501], [4.624359945, 46.062881484], [4.625660611, 46.062324241], [4.645720408, 46.075760489], [4.645970998, 46.077386194], [4.644460366, 46.082133097], [4.652306006, 46.079920507], [4.653491355, 46.079354719], [4.655469984, 46.079388011], [4.65930535, 46.078760943], [4.659537483, 46.077148017], [4.662206959, 46.076961222], [4.665443788, 46.077218182], [4.66915915, 46.073373468], [4.667335993, 46.072443746], [4.669402348, 46.071709014], [4.670138555, 46.070384968], [4.671857281, 46.069754384], [4.674751561, 46.067997669], [4.680929154, 46.062838078], [4.679740977, 46.062444065], [4.683196773, 46.05944035], [4.684548503, 46.059050995], [4.685470129, 46.057040458], [4.685657084, 46.054952568], [4.680922245, 46.054616638], [4.681977009, 46.053446307], [4.681415967, 46.051091203], [4.677145083, 46.052212769], [4.677049736, 46.049299533], [4.674243403, 46.047962944], [4.671137987, 46.047548502], [4.673115116, 46.046294402], [4.672792578, 46.045429091], [4.674148759, 46.04379323], [4.675992789, 46.039112999], [4.675998206, 46.035556978], [4.678507112, 46.036320574], [4.680149726, 46.03484522], [4.681595009, 46.03512372], [4.683293975, 46.033338544], [4.684363457, 46.034099058], [4.689088399, 46.035348273], [4.700871736, 46.03942519], [4.700914733, 46.039226391], [4.71547407, 46.038655736], [4.715525408, 46.035036831], [4.716394499, 46.033297925], [4.718146338, 46.033946013], [4.722476308, 46.033831662], [4.725188838, 46.034100254], [4.726236493, 46.033322307], [4.72860779, 46.029277121], [4.729767599, 46.029602597], [4.731114293, 46.027813046], [4.734624429, 46.027549515], [4.744330706, 46.027239322], [4.746624885, 46.027818277], [4.746274895, 46.026243821], [4.744116874, 46.020537717], [4.743954159, 46.018749606], [4.744876691, 46.015960312], [4.748572192, 46.010572929], [4.749494116, 46.006272204], [4.74916783, 46.0035715], [4.748456007, 46.001996332], [4.749423928, 45.99609793], [4.755684404, 45.997123362], [4.75672329, 45.996389385], [4.759975433, 45.99701444], [4.763099752, 45.996995579], [4.764091948, 45.9938006], [4.764891117, 45.9929712], [4.765126176, 45.990670708], [4.766442488, 45.987919211], [4.764475274, 45.986692474], [4.766987356, 45.985008598], [4.766964981, 45.983788474], [4.769228541, 45.98008721], [4.768776691, 45.976881406], [4.770664199, 45.974232616], [4.776507416, 45.973320534], [4.773277685, 45.970587036], [4.7683713, 45.970093618], [4.767777222, 45.968649136], [4.761779967, 45.963283372], [4.759310326, 45.959600019], [4.757487746, 45.958578996], [4.753451735, 45.956950043], [4.750521033, 45.95941292], [4.750007391, 45.960887224], [4.750711766, 45.961471705], [4.748653773, 45.962632107]]]], ""type"": ""MultiPolygon""}";46.018032754,4.637633151
1590.227;0;0.0;0;0.0;0;0.0;0;0.0;0;0.0;"{""coordinates"": [[[[4.758140354, 45.607920999], [4.757651113, 45.608720361], [4.755373494, 45.608809069], [4.753532161, 45.609869991], [4.749368233, 45.610657184], [4.748998399, 45.611666314], [4.746638346, 45.612197467], [4.745539853, 45.612933275], [4.74340324, 45.612696198], [4.741138099, 45.611921553], [4.739322869, 45.613621328], [4.736342622, 45.615376888], [4.734802395, 45.615333098], [4.732121282, 45.616647093], [4.73077442, 45.619876999], [4.729897507, 45.620691204], [4.730616613, 45.622015876], [4.730388729, 45.623719895], [4.73364434, 45.630784384], [4.734339979, 45.632869588], [4.739392201, 45.637129378], [4.740717231, 45.639048998], [4.740865545, 45.641438963], [4.743497642, 45.643797687], [4.743427226, 45.645068766], [4.745512656, 45.645353492], [4.744595127, 45.646718769], [4.746086621, 45.64759184], [4.750666998, 45.65464796], [4.751084631, 45.658553221], [4.748058414, 45.658470546], [4.747954343, 45.661113924], [4.744584673, 45.664443843], [4.742522676, 45.669292727], [4.742680419, 45.670222513], [4.74112011, 45.671263542], [4.742051598, 45.67220388], [4.739001912, 45.672296951], [4.735289991, 45.67274061], [4.733326899, 45.672578092], [4.726901416, 45.673679285], [4.725984498, 45.674269788], [4.726257225, 45.676299386], [4.723956951, 45.680205822], [4.726297591, 45.686326251], [4.728824042, 45.687641256], [4.728483098, 45.688698506], [4.729283484, 45.691116312], [4.727548298, 45.691069978], [4.727072332, 45.692949831], [4.725269416, 45.695267035], [4.721664766, 45.69487363], [4.718312718, 45.696031764], [4.716877364, 45.695794245], [4.713043862, 45.696933435], [4.710091731, 45.698647273], [4.71420532, 45.704799574], [4.71527938, 45.706976429], [4.716240468, 45.712387604], [4.717054751, 45.715424967], [4.719102614, 45.716985285], [4.72316204, 45.71905345], [4.725143318, 45.720777708], [4.73158745, 45.723053146], [4.735377436, 45.725275442], [4.740173675, 45.72758747], [4.763252841, 45.726766766], [4.77175247, 45.728617765], [4.773337827, 45.72644013], [4.775577987, 45.725755451], [4.776244454, 45.724043501], [4.778788929, 45.723548515], [4.780394331, 45.722805299], [4.778649957, 45.720907109], [4.778261049, 45.718490323], [4.77766554, 45.717405349], [4.775203398, 45.714728505], [4.773140786, 45.713678318], [4.772569781, 45.712310111], [4.768958427, 45.707774126], [4.767878778, 45.705569915], [4.76761643, 45.702348584], [4.766478865, 45.698687923], [4.7661315, 45.696544274], [4.766769001, 45.694249176], [4.766336926, 45.692108658], [4.764416, 45.689787008], [4.765219197, 45.688093701], [4.770334768, 45.689199658], [4.770844216, 45.688533231], [4.773347387, 45.689164882], [4.774946424, 45.687450863], [4.773895536, 45.685257071], [4.774162972, 45.684018884], [4.775270407, 45.683449299], [4.779050009, 45.68321853], [4.779841679, 45.681782897], [4.779183919, 45.680389078], [4.7799288, 45.678898339], [4.779229467, 45.67808884], [4.779904368, 45.676660454], [4.779831324, 45.674828659], [4.781488314, 45.674654743], [4.781165478, 45.672727821], [4.785654355, 45.673279127], [4.785944411, 45.672035145], [4.787692541, 45.669554763], [4.784794567, 45.668809006], [4.783698598, 45.667011435], [4.786601431, 45.664766774], [4.7890195, 45.66529673], [4.789709198, 45.662073824], [4.78503872, 45.66072394], [4.786318364, 45.658582466], [4.782124706, 45.657429362], [4.783868489, 45.65542108], [4.779506525, 45.654896544], [4.779003541, 45.652353681], [4.775049936, 45.651698225], [4.772209978, 45.650603574], [4.769562294, 45.650418247], [4.771167956, 45.649023018], [4.77567835, 45.648026031], [4.777671649, 45.643711695], [4.778946418, 45.638983546], [4.781049197, 45.638970105], [4.784017694, 45.637969237], [4.786516202, 45.638323214], [4.786834204, 45.636837396], [4.789967872, 45.637418098], [4.792014899, 45.636278546], [4.796194115, 45.637147763], [4.797354236, 45.63621952], [4.800232768, 45.635624075], [4.800193491, 45.634336682], [4.804781215, 45.635567437], [4.805923697, 45.634536704], [4.804420213, 45.632092861], [4.804392294, 45.628201318], [4.803651295, 45.624368948], [4.80249428, 45.621239494], [4.798329951, 45.622297817], [4.796489423, 45.62317479], [4.793328518, 45.621531877], [4.791168504, 45.62138254], [4.788695666, 45.622119031], [4.789180742, 45.618021192], [4.784182292, 45.616335183], [4.78015335, 45.614775032], [4.778158649, 45.614928173], [4.774981461, 45.614146996], [4.773794853, 45.611959883], [4.7742526, 45.610704286], [4.773488249, 45.609638195], [4.770862164, 45.609666057], [4.769376507, 45.610764877], [4.76797985, 45.610270733], [4.765597257, 45.610208177], [4.764149005, 45.609422068], [4.762836166, 45.611882653], [4.761365749, 45.609632313], [4.758140354, 45.607920999]]]], ""type"": ""MultiPolygon""}";45.668787006,4.756202655
976.078;0;0.0;0;0.0;0;0.0;0;0.0;0;0.0;"{""coordinates"": [[[[4.599482546, 45.670924375], [4.597380854, 45.671950344], [4.595733879, 45.674090261], [4.595672887, 45.675316934], [4.593356555, 45.676036036], [4.592343139, 45.676850161], [4.590439535, 45.676957218], [4.589957885, 45.678349243], [4.590472278, 45.679661456], [4.59030354, 45.682955775], [4.587938206, 45.682025433], [4.586548647, 45.680975924], [4.583378422, 45.683793682], [4.583504904, 45.68650741], [4.580470408, 45.689639306], [4.579733396, 45.690967316], [4.575614303, 45.694932081], [4.578293415, 45.697298456], [4.581871536, 45.698372307], [4.581293533, 45.69915049], [4.575741937, 45.699955103], [4.57093502, 45.70141465], [4.567706262, 45.701238056], [4.564278274, 45.701515367], [4.562696537, 45.703947486], [4.564477713, 45.704249711], [4.565206339, 45.707285633], [4.567646878, 45.708214517], [4.570926243, 45.711154551], [4.572903174, 45.712272622], [4.576449181, 45.712821117], [4.57505468, 45.714506846], [4.568264969, 45.716321796], [4.566320078, 45.719060739], [4.568347238, 45.720900528], [4.573663, 45.720406728], [4.578200512, 45.721887029], [4.580555416, 45.723118569], [4.584957346, 45.723712446], [4.587458883, 45.724578814], [4.58919935, 45.724375958], [4.591006321, 45.723266963], [4.593284718, 45.722768234], [4.597114037, 45.72374531], [4.599805246, 45.725115798], [4.604552659, 45.729448108], [4.605141922, 45.73043136], [4.607845242, 45.732377022], [4.610315679, 45.733164979], [4.610945329, 45.734602467], [4.613685881, 45.735606257], [4.615456173, 45.735798869], [4.61634728, 45.736758828], [4.615218909, 45.73736314], [4.61402813, 45.740324501], [4.61163637, 45.741806998], [4.611082078, 45.743223575], [4.611678671, 45.745287503], [4.611667248, 45.747807756], [4.610598084, 45.749393809], [4.610365236, 45.751381322], [4.612014516, 45.752392636], [4.615705925, 45.752971187], [4.617670022, 45.756249418], [4.620936696, 45.757777804], [4.623103815, 45.759321026], [4.62586149, 45.760245036], [4.627398159, 45.762263816], [4.629290898, 45.762956137], [4.630607072, 45.764386314], [4.630635492, 45.766003525], [4.631331676, 45.767004925], [4.633281227, 45.768218755], [4.636568303, 45.769614911], [4.6372062, 45.772075327], [4.638311425, 45.773539105], [4.637443979, 45.774756812], [4.640160163, 45.778107532], [4.643800356, 45.77979468], [4.647533541, 45.783513204], [4.649792261, 45.784012509], [4.650212362, 45.787258745], [4.652122416, 45.789007853], [4.654010347, 45.789842157], [4.65608, 45.790122542], [4.657269226, 45.791095842], [4.661463867, 45.791950168], [4.669361009, 45.79320989], [4.670462273, 45.792925189], [4.67688864, 45.792507441], [4.678300756, 45.792878253], [4.682120632, 45.793079884], [4.685873831, 45.792024111], [4.688247509, 45.791795879], [4.691111195, 45.790919861], [4.692163993, 45.790234862], [4.691760301, 45.789287077], [4.6920283, 45.784208535], [4.696448192, 45.778227295], [4.699497489, 45.77772115], [4.704709515, 45.774846753], [4.705463151, 45.77382568], [4.709559399, 45.773721351], [4.711659188, 45.773986745], [4.711857478, 45.769835109], [4.712416795, 45.768198154], [4.714590039, 45.767850799], [4.712615416, 45.765056197], [4.705916324, 45.760823542], [4.70778673, 45.760262025], [4.714746781, 45.758926072], [4.716658334, 45.758824038], [4.715648915, 45.756649792], [4.715962855, 45.754121252], [4.714195133, 45.752923182], [4.710199091, 45.751558943], [4.710121986, 45.746821533], [4.70940825, 45.745582185], [4.710016405, 45.743367153], [4.70946671, 45.742563958], [4.706348681, 45.742694951], [4.707641862, 45.741373865], [4.708351644, 45.739324833], [4.710983293, 45.738239217], [4.712614442, 45.736084299], [4.718064311, 45.736086048], [4.718822192, 45.735433198], [4.721834464, 45.735761025], [4.722146641, 45.737276641], [4.725011507, 45.73790567], [4.727317437, 45.73781092], [4.727141239, 45.735794244], [4.725567307, 45.733541369], [4.72697585, 45.732805544], [4.730924576, 45.732441449], [4.734218057, 45.729189731], [4.735047244, 45.727621456], [4.735377436, 45.725275442], [4.73158745, 45.723053146], [4.725143318, 45.720777708], [4.72316204, 45.71905345], [4.719102614, 45.716985285], [4.717054751, 45.715424967], [4.716240468, 45.712387604], [4.71527938, 45.706976429], [4.71420532, 45.704799574], [4.710091731, 45.698647273], [4.707966198, 45.699745038], [4.706274635, 45.699870644], [4.704519573, 45.699103697], [4.703117227, 45.700439917], [4.699945134, 45.699445718], [4.69917782, 45.698150386], [4.696337803, 45.697248355], [4.697141959, 45.695808646], [4.696462042, 45.694257986], [4.694057803, 45.694022155], [4.692979487, 45.692594555], [4.691969415, 45.692514256], [4.690615884, 45.690615204], [4.688747472, 45.690370319], [4.68857629, 45.689140741], [4.68542128, 45.685934698], [4.680422261, 45.683730644], [4.674747033, 45.678955063], [4.670206733, 45.67833436], [4.665400862, 45.675673751], [4.66100428, 45.671908977], [4.659354904, 45.669088038], [4.658841112, 45.667332973], [4.654220631, 45.658273451], [4.647205048, 45.66478824], [4.641775503, 45.666617552], [4.637509928, 45.670024776], [4.632228415, 45.670279785], [4.629556597, 45.67064002], [4.628438915, 45.669635724], [4.626190506, 45.670108644], [4.624069053, 45.669086372], [4.623813283, 45.670264539], [4.619957711, 45.670958645], [4.617370482, 45.670128485], [4.613213777, 45.671776892], [4.610587213, 45.671667677], [4.605272751, 45.670839285], [4.601826373, 45.671387329], [4.599482546, 45.670924375]]]], ""type"": ""MultiPolygon""}";45.724661893,4.652947491
78.776;0;0.0;0;0.0;0;0.0;0;0.0;0;0.0;"{""coordinates"": [[[[4.599482546, 45.670924375], [4.597380854, 45.671950344], [4.595733879, 45.674090261], [4.595672887, 45.675316934], [4.593356555, 45.676036036], [4.592343139, 45.676850161], [4.590439535, 45.676957218], [4.589957885, 45.678349243], [4.590472278, 45.679661456], [4.59030354, 45.682955775], [4.587938206, 45.682025433], [4.586548647, 45.680975924], [4.583378422, 45.683793682], [4.583504904, 45.68650741], [4.580470408, 45.689639306], [4.579733396, 45.690967316], [4.575614303, 45.694932081], [4.578293415, 45.697298456], [4.581871536, 45.698372307], [4.581293533, 45.69915049], [4.575741937, 45.699955103], [4.57093502, 45.70141465], [4.567706262, 45.701238056], [4.564278274, 45.701515367], [4.562696537, 45.703947486], [4.564477713, 45.704249711], [4.565206339, 45.707285633], [4.567646878, 45.708214517], [4.570926243, 45.711154551], [4.572903174, 45.712272622], [4.576449181, 45.712821117], [4.57505468, 45.714506846], [4.568264969, 45.716321796], [4.566320078, 45.719060739], [4.568347238, 45.720900528], [4.573663, 45.720406728], [4.578200512, 45.721887029], [4.580555416, 45.723118569], [4.584957346, 45.723712446], [4.587458883, 45.724578814], [4.58919935, 45.724375958], [4.591006321, 45.723266963], [4.593284718, 45.722768234], [4.597114037, 45.72374531], [4.599805246, 45.725115798], [4.604552659, 45.729448108], [4.605141922, 45.73043136], [4.607845242, 45.732377022], [4.610315679, 45.733164979], [4.610945329, 45.734602467], [4.613685881, 45.735606257], [4.615456173, 45.735798869], [4.61634728, 45.736758828], [4.615218909, 45.73736314], [4.61402813, 45.740324501], [4.61163637, 45.741806998], [4.611082078, 45.743223575], [4.611678671, 45.745287503], [4.611667248, 45.747807756], [4.610598084, 45.749393809], [4.610365236, 45.751381322], [4.612014516, 45.752392636], [4.615705925, 45.752971187], [4.617670022, 45.756249418], [4.620936696, 45.757777804], [4.623103815, 45.759321026], [4.62586149, 45.760245036], [4.627398159, 45.762263816], [4.629290898, 45.762956137], [4.630607072, 45.764386314], [4.630635492, 45.766003525], [4.631331676, 45.767004925], [4.633281227, 45.768218755], [4.636568303, 45.769614911], [4.6372062, 45.772075327], [4.638311425, 45.773539105], [4.637443979, 45.774756812], [4.640160163, 45.778107532], [4.643800356, 45.77979468], [4.647533541, 45.783513204], [4.649792261, 45.784012509], [4.650212362, 45.787258745], [4.652122416, 45.789007853], [4.654010347, 45.789842157], [4.65608, 45.790122542], [4.657269226, 45.791095842], [4.661463867, 45.791950168], [4.669361009, 45.79320989], [4.670462273, 45.792925189], [4.67688864, 45.792507441], [4.678300756, 45.792878253], [4.682120632, 45.793079884], [4.685873831, 45.792024111], [4.688247509, 45.791795879], [4.691111195, 45.790919861], [4.692163993, 45.790234862], [4.691760301, 45.789287077], [4.6920283, 45.784208535], [4.696448192, 45.778227295], [4.699497489, 45.77772115], [4.704709515, 45.774846753], [4.705463151, 45.77382568], [4.709559399, 45.773721351], [4.711659188, 45.773986745], [4.711857478, 45.769835109], [4.712416795, 45.768198154], [4.714590039, 45.767850799], [4.712615416, 45.765056197], [4.705916324, 45.760823542], [4.70778673, 45.760262025], [4.714746781, 45.758926072], [4.716658334, 45.758824038], [4.715648915, 45.756649792], [4.715962855, 45.754121252], [4.714195133, 45.752923182], [4.710199091, 45.751558943], [4.710121986, 45.746821533], [4.70940825, 45.745582185], [4.710016405, 45.743367153], [4.70946671, 45.742563958], [4.706348681, 45.742694951], [4.707641862, 45.741373865], [4.708351644, 45.739324833], [4.710983293, 45.738239217], [4.712614442, 45.736084299], [4.718064311, 45.736086048], [4.718822192, 45.735433198], [4.721834464, 45.735761025], [4.722146641, 45.737276641], [4.725011507, 45.73790567], [4.727317437, 45.73781092], [4.727141239, 45.735794244], [4.725567307, 45.733541369], [4.72697585, 45.732805544], [4.730924576, 45.732441449], [4.734218057, 45.729189731], [4.735047244, 45.727621456], [4.735377436, 45.725275442], [4.73158745, 45.723053146], [4.725143318, 45.720777708], [4.72316204, 45.71905345], [4.719102614, 45.716985285], [4.717054751, 45.715424967], [4.716240468, 45.712387604], [4.71527938, 45.706976429], [4.71420532, 45.704799574], [4.710091731, 45.698647273], [4.707966198, 45.699745038], [4.706274635, 45.699870644], [4.704519573, 45.699103697], [4.703117227, 45.700439917], [4.699945134, 45.699445718], [4.69917782, 45.698150386], [4.696337803, 45.697248355], [4.697141959, 45.695808646], [4.696462042, 45.694257986], [4.694057803, 45.694022155], [4.692979487, 45.692594555], [4.691969415, 45.692514256], [4.690615884, 45.690615204], [4.688747472, 45.690370319], [4.68857629, 45.689140741], [4.68542128, 45.685934698], [4.680422261, 45.683730644], [4.674747033, 45.678955063], [4.670206733, 45.67833436], [4.665400862, 45.675673751], [4.66100428, 45.671908977], [4.659354904, 45.669088038], [4.658841112, 45.667332973], [4.654220631, 45.658273451], [4.647205048, 45.66478824], [4.641775503, 45.666617552], [4.637509928, 45.670024776], [4.632228415, 45.670279785], [4.629556597, 45.67064002], [4.628438915, 45.669635724], [4.626190506, 45.670108644], [4.624069053, 45.669086372], [4.623813283, 45.670264539], [4.619957711, 45.670958645], [4.617370482, 45.670128485], [4.613213777, 45.671776892], [4.610587213, 45.671667677], [4.605272751, 45.670839285], [4.601826373, 45.671387329], [4.599482546, 45.670924375]]]], ""type"": ""MultiPolygon""}";45.724661893,4.652947491
2640.142;0;0.0;0;0.0;0;0.0;0;0.0;0;0.0;"{""coordinates"": [[[[4.566320078, 45.719060739], [4.563454396, 45.716981266], [4.556379615, 45.716046124], [4.552065754, 45.716632499], [4.547265222, 45.718669145], [4.542709427, 45.72128676], [4.541129887, 45.721867676], [4.539006994, 45.723579109], [4.535390067, 45.722616996], [4.531565011, 45.720310215], [4.530449063, 45.720175864], [4.528982162, 45.721253141], [4.527024917, 45.724132948], [4.525184119, 45.725367449], [4.521054794, 45.729287048], [4.522764452, 45.730614049], [4.523789444, 45.733040974], [4.523787512, 45.735257511], [4.524692166, 45.735927978], [4.523448903, 45.738138779], [4.523803264, 45.739515596], [4.525429823, 45.740054711], [4.527293358, 45.742326157], [4.528669018, 45.742067942], [4.530937036, 45.742680241], [4.532228847, 45.742367279], [4.536595349, 45.744336144], [4.541320816, 45.745649661], [4.541445144, 45.746509893], [4.543271652, 45.747377466], [4.546142018, 45.750607546], [4.547779034, 45.750673356], [4.548375432, 45.751847738], [4.5462247, 45.75291931], [4.546050773, 45.75369266], [4.543506009, 45.754249898], [4.543039358, 45.755277632], [4.536743966, 45.755234789], [4.535802522, 45.75473874], [4.533651021, 45.755748833], [4.529787301, 45.755286129], [4.526294875, 45.758808177], [4.524575025, 45.759805046], [4.525865334, 45.763056983], [4.528625194, 45.76392838], [4.529261222, 45.766311906], [4.52871254, 45.769969709], [4.52810687, 45.772035016], [4.526308789, 45.771564895], [4.523636859, 45.771467714], [4.521546499, 45.770990656], [4.519041783, 45.771356751], [4.516314795, 45.772159892], [4.514831036, 45.774982662], [4.512081801, 45.777850297], [4.50629238, 45.775826508], [4.503965991, 45.776277246], [4.499507415, 45.77556473], [4.497153514, 45.775571671], [4.493771814, 45.7749338], [4.48795186, 45.775275493], [4.485801454, 45.776961926], [4.487503424, 45.778028386], [4.486892371, 45.779427942], [4.490855361, 45.781231891], [4.49252639, 45.78143046], [4.495772568, 45.785226052], [4.498217645, 45.789182604], [4.501375128, 45.788926288], [4.501585102, 45.790541066], [4.499962556, 45.794035558], [4.497177479, 45.797971459], [4.4965782, 45.801657669], [4.494480761, 45.804806215], [4.491824502, 45.806632744], [4.487617639, 45.807508749], [4.48216344, 45.810234701], [4.477558347, 45.813667091], [4.475712735, 45.817957598], [4.48138406, 45.817475342], [4.486401536, 45.818066879], [4.490010345, 45.81752756], [4.491688125, 45.81826916], [4.497471836, 45.818371836], [4.500192939, 45.818016885], [4.507292673, 45.817774627], [4.517746867, 45.821902806], [4.516338681, 45.824943428], [4.520357316, 45.825432494], [4.521976325, 45.825326925], [4.530790098, 45.826981196], [4.535252616, 45.829245226], [4.538503153, 45.82882992], [4.539262581, 45.827419042], [4.540630593, 45.826351116], [4.542119578, 45.826433469], [4.543779651, 45.825447078], [4.543615157, 45.828409807], [4.540996473, 45.833273121], [4.543091151, 45.833214801], [4.545002761, 45.832646468], [4.546858456, 45.832750764], [4.549351566, 45.831740271], [4.552641837, 45.834017903], [4.554522801, 45.8361149], [4.557134882, 45.839777057], [4.55859378, 45.841243938], [4.561172557, 45.842162135], [4.562590616, 45.846458529], [4.560202668, 45.847101285], [4.557702703, 45.849301886], [4.557750982, 45.851057521], [4.555766317, 45.852572769], [4.55610787, 45.854126219], [4.555270834, 45.856439847], [4.55295995, 45.859288915], [4.552958667, 45.861349657], [4.552367323, 45.863011405], [4.550830876, 45.863615231], [4.550998668, 45.864814416], [4.549297586, 45.865617726], [4.547048503, 45.871108368], [4.5385273, 45.877070888], [4.535598216, 45.88227872], [4.534765787, 45.884572304], [4.535189172, 45.885605019], [4.534207524, 45.892642611], [4.5318018, 45.894307228], [4.531274761, 45.897158657], [4.532667421, 45.900760452], [4.532685863, 45.902537208], [4.536450594, 45.901669221], [4.540899064, 45.901775316], [4.541853717, 45.902882731], [4.544673859, 45.902469569], [4.545504409, 45.901080204], [4.547003868, 45.901049794], [4.550124198, 45.900260412], [4.550633367, 45.901026203], [4.555191322, 45.901721073], [4.558246561, 45.900365841], [4.55860895, 45.898810797], [4.561079278, 45.897945404], [4.561893149, 45.895073641], [4.566956786, 45.895100855], [4.570268361, 45.895386361], [4.57385098, 45.890163996], [4.576548591, 45.886578665], [4.579890333, 45.881721522], [4.583138863, 45.879297396], [4.588203654, 45.879100255], [4.594920421, 45.879397478], [4.598875205, 45.87712054], [4.600173927, 45.87841625], [4.603661953, 45.877524685], [4.606296195, 45.880350539], [4.61695187, 45.880920067], [4.623620263, 45.879209561], [4.624375798, 45.879948975], [4.627754906, 45.880094915], [4.624032161, 45.876118806], [4.624558079, 45.871341232], [4.624002338, 45.867268226], [4.627506577, 45.859403487], [4.628474822, 45.858796887], [4.628259114, 45.856161894], [4.629088834, 45.856235499], [4.633199591, 45.852014994], [4.636796849, 45.846363377], [4.639391704, 45.848723377], [4.641371359, 45.848029926], [4.643153492, 45.848928125], [4.643683091, 45.850005749], [4.645601138, 45.850963179], [4.647529758, 45.85106387], [4.650087435, 45.852459539], [4.652412726, 45.854742127], [4.655539505, 45.857008426], [4.659088408, 45.857742676], [4.66048199, 45.856204541], [4.662652121, 45.855586278], [4.665631122, 45.855888268], [4.667700404, 45.85530472], [4.670379769, 45.855714587], [4.669519226, 45.853090976], [4.669945334, 45.851029297], [4.674493953, 45.847591575], [4.67484824, 45.845548953], [4.676035905, 45.844341521], [4.675361148, 45.843001389], [4.676637262, 45.84195026], [4.684743004, 45.838441239], [4.687087071, 45.83810632], [4.699197433, 45.841578927], [4.710927606, 45.842964586], [4.715527492, 45.843930633], [4.718636084, 45.845465019], [4.72687654, 45.848797166], [4.727589339, 45.849333898], [4.733541135, 45.851375606], [4.734699277, 45.851110135], [4.734959385, 45.847986985], [4.734634327, 45.846297743], [4.735405641, 45.845374379], [4.734228348, 45.844493551], [4.734523993, 45.842747041], [4.73332725, 45.841039653], [4.735404664, 45.83899197], [4.735724872, 45.837454944], [4.737324663, 45.833299695], [4.732622632, 45.831157985], [4.7371834, 45.826601492], [4.731453435, 45.826376045], [4.729779172, 45.825778414], [4.725395252, 45.825787835], [4.725527522, 45.823260234], [4.720905401, 45.823101989], [4.716875376, 45.828145128], [4.714901706, 45.829518065], [4.71356793, 45.828264716], [4.711505056, 45.82809334], [4.709936439, 45.827032656], [4.706189959, 45.826326427], [4.704957543, 45.82534256], [4.701455631, 45.82616998], [4.700420656, 45.827828445], [4.697557365, 45.825717049], [4.694571952, 45.825201653], [4.69433654, 45.819043508], [4.692678929, 45.812582445], [4.69333894, 45.811340393], [4.695145215, 45.809553323], [4.700273333, 45.803096553], [4.701670087, 45.797480361], [4.702672216, 45.796989679], [4.703185831, 45.795356167], [4.706405882, 45.79430505], [4.704536619, 45.792688618], [4.70104823, 45.791128999], [4.695136061, 45.791090957], [4.692163993, 45.790234862], [4.691111195, 45.790919861], [4.688247509, 45.791795879], [4.685873831, 45.792024111], [4.682120632, 45.793079884], [4.678300756, 45.792878253], [4.67688864, 45.792507441], [4.670462273, 45.792925189], [4.669361009, 45.79320989], [4.661463867, 45.791950168], [4.657269226, 45.791095842], [4.65608, 45.790122542], [4.654010347, 45.789842157], [4.652122416, 45.789007853], [4.650212362, 45.787258745], [4.649792261, 45.784012509], [4.647533541, 45.783513204], [4.643800356, 45.77979468], [4.640160163, 45.778107532], [4.637443979, 45.774756812], [4.638311425, 45.773539105], [4.6372062, 45.772075327], [4.636568303, 45.769614911], [4.633281227, 45.768218755], [4.631331676, 45.767004925], [4.630635492, 45.766003525], [4.630607072, 45.764386314], [4.629290898, 45.762956137], [4.627398159, 45.762263816], [4.62586149, 45.760245036], [4.623103815, 45.759321026], [4.620936696, 45.757777804], [4.617670022, 45.756249418], [4.615705925, 45.752971187], [4.612014516, 45.752392636], [4.610365236, 45.751381322], [4.610598084, 45.749393809], [4.611667248, 45.747807756], [4.611678671, 45.745287503], [4.611082078, 45.743223575], [4.61163637, 45.741806998], [4.61402813, 45.740324501], [4.615218909, 45.73736314], [4.61634728, 45.736758828], [4.615456173, 45.735798869], [4.613685881, 45.735606257], [4.610945329, 45.734602467], [4.610315679, 45.733164979], [4.607845242, 45.732377022], [4.605141922, 45.73043136], [4.604552659, 45.729448108], [4.599805246, 45.725115798], [4.597114037, 45.72374531], [4.593284718, 45.722768234], [4.591006321, 45.723266963], [4.58919935, 45.724375958], [4.587458883, 45.724578814], [4.584957346, 45.723712446], [4.580555416, 45.723118569], [4.578200512, 45.721887029], [4.573663, 45.720406728], [4.568347238, 45.720900528], [4.566320078, 45.719060739]]]], ""type"": ""MultiPolygon""}";45.80718942,4.593656849
3062.147;0;0.0;0;0.0;0;0.0;0;0.0;0;0.0;"{""coordinates"": [[[[4.734699277, 45.851110135], [4.733541135, 45.851375606], [4.727589339, 45.849333898], [4.72687654, 45.848797166], [4.718636084, 45.845465019], [4.715527492, 45.843930633], [4.710927606, 45.842964586], [4.699197433, 45.841578927], [4.687087071, 45.83810632], [4.684743004, 45.838441239], [4.676637262, 45.84195026], [4.675361148, 45.843001389], [4.676035905, 45.844341521], [4.67484824, 45.845548953], [4.674493953, 45.847591575], [4.669945334, 45.851029297], [4.669519226, 45.853090976], [4.670379769, 45.855714587], [4.667700404, 45.85530472], [4.665631122, 45.855888268], [4.662652121, 45.855586278], [4.66048199, 45.856204541], [4.659088408, 45.857742676], [4.655539505, 45.857008426], [4.652412726, 45.854742127], [4.650087435, 45.852459539], [4.647529758, 45.85106387], [4.645601138, 45.850963179], [4.643683091, 45.850005749], [4.643153492, 45.848928125], [4.641371359, 45.848029926], [4.639391704, 45.848723377], [4.636796849, 45.846363377], [4.633199591, 45.852014994], [4.629088834, 45.856235499], [4.628259114, 45.856161894], [4.628474822, 45.858796887], [4.627506577, 45.859403487], [4.624002338, 45.867268226], [4.624558079, 45.871341232], [4.624032161, 45.876118806], [4.627754906, 45.880094915], [4.624375798, 45.879948975], [4.623620263, 45.879209561], [4.61695187, 45.880920067], [4.606296195, 45.880350539], [4.603661953, 45.877524685], [4.600173927, 45.87841625], [4.598875205, 45.87712054], [4.594920421, 45.879397478], [4.588203654, 45.879100255], [4.583138863, 45.879297396], [4.579890333, 45.881721522], [4.576548591, 45.886578665], [4.57385098, 45.890163996], [4.570268361, 45.895386361], [4.566956786, 45.895100855], [4.561893149, 45.895073641], [4.561079278, 45.897945404], [4.55860895, 45.898810797], [4.558246561, 45.900365841], [4.555191322, 45.901721073], [4.550633367, 45.901026203], [4.550124198, 45.900260412], [4.547003868, 45.901049794], [4.545504409, 45.901080204], [4.544673859, 45.902469569], [4.541853717, 45.902882731], [4.540899064, 45.901775316], [4.536450594, 45.901669221], [4.532685863, 45.902537208], [4.531077416, 45.903661406], [4.527645132, 45.904336484], [4.523952005, 45.905472507], [4.520258507, 45.907442423], [4.517043939, 45.908212419], [4.513413915, 45.90865644], [4.512029977, 45.908531746], [4.50786634, 45.909751882], [4.505601036, 45.909433505], [4.501543532, 45.910862746], [4.499810635, 45.911096492], [4.498923492, 45.912065648], [4.495458197, 45.912793313], [4.492241789, 45.914329076], [4.490264221, 45.916304161], [4.48937745, 45.918967362], [4.489993585, 45.921184762], [4.49108247, 45.923177071], [4.489419376, 45.926343158], [4.489276208, 45.927635678], [4.486537348, 45.929353215], [4.485682316, 45.931101804], [4.485850711, 45.932799123], [4.48144125, 45.936630669], [4.480952047, 45.938312284], [4.47915304, 45.940349668], [4.48067578, 45.942441782], [4.482072341, 45.945501928], [4.478146319, 45.94675564], [4.478491175, 45.952436042], [4.480108739, 45.958765392], [4.482987269, 45.961213518], [4.480176202, 45.961899676], [4.477718728, 45.96291529], [4.475930477, 45.96442469], [4.476872739, 45.965801205], [4.476374567, 45.96716318], [4.472248738, 45.969121777], [4.471387402, 45.969901228], [4.468804019, 45.977206604], [4.464515787, 45.976352489], [4.457375865, 45.977024619], [4.457938997, 45.977850468], [4.459912877, 45.978386141], [4.460784913, 45.979507909], [4.463300824, 45.979096256], [4.467108692, 45.97985397], [4.469970899, 45.982397212], [4.472039797, 45.983624944], [4.475914437, 45.984832725], [4.475145214, 45.987465438], [4.473121394, 45.989184999], [4.474095359, 45.990622373], [4.475613058, 45.991759045], [4.477396662, 45.992160903], [4.478301306, 45.993128107], [4.481902908, 45.994819303], [4.483064488, 45.99462307], [4.488793779, 45.995612487], [4.492452427, 45.996625314], [4.494667273, 45.99766879], [4.494835813, 45.999163453], [4.496256195, 46.000356082], [4.500040977, 46.002660343], [4.502997872, 46.002703114], [4.506856344, 46.004047878], [4.510723214, 46.003526239], [4.512143222, 46.003042556], [4.515902267, 46.0025519], [4.52063745, 46.002357847], [4.522506449, 46.002784877], [4.526994622, 46.00211923], [4.529854202, 46.000427938], [4.531900727, 45.999989581], [4.534921759, 46.001547366], [4.534800902, 46.0024965], [4.538957191, 46.003647908], [4.54278287, 46.001253249], [4.544108539, 46.001057758], [4.54596844, 45.998579882], [4.550667482, 45.998860613], [4.55291332, 45.998577663], [4.557074635, 45.996340928], [4.559823997, 45.996046413], [4.562143678, 45.99504713], [4.562206895, 45.992767567], [4.563463255, 45.990869636], [4.565388929, 45.988884083], [4.565025884, 45.986976979], [4.566302234, 45.985880334], [4.569644207, 45.984729845], [4.572387837, 45.98140794], [4.574940056, 45.980031375], [4.573386066, 45.979223458], [4.574049169, 45.978197385], [4.576548438, 45.976737755], [4.577625554, 45.97415944], [4.579336022, 45.971239033], [4.583643921, 45.970614141], [4.583911185, 45.968500124], [4.587529533, 45.968248597], [4.588654809, 45.96633329], [4.588808331, 45.96350752], [4.589479398, 45.96205792], [4.592122004, 45.958850408], [4.593664252, 45.955559252], [4.595461241, 45.953757804], [4.593192184, 45.951963193], [4.59362186, 45.949409131], [4.594908932, 45.949935911], [4.602748933, 45.950063844], [4.605248655, 45.948467542], [4.606524906, 45.948133295], [4.608701367, 45.94873736], [4.609358388, 45.951558856], [4.612232907, 45.952624884], [4.613847738, 45.955426407], [4.617513062, 45.955883876], [4.622755589, 45.955346791], [4.622541324, 45.956664859], [4.621003127, 45.958237872], [4.618670788, 45.958279353], [4.618292024, 45.959189053], [4.621029225, 45.960264935], [4.62188047, 45.961279521], [4.621636033, 45.964337237], [4.618310679, 45.966414957], [4.619698287, 45.967395772], [4.620141093, 45.968661199], [4.618641196, 45.970012959], [4.619745386, 45.971586872], [4.622338821, 45.972233361], [4.620827531, 45.974384218], [4.62338845, 45.975456273], [4.621564352, 45.977471116], [4.618964057, 45.978092864], [4.62295059, 45.979971367], [4.627698558, 45.980065346], [4.629217747, 45.980498346], [4.638623369, 45.980858919], [4.634974176, 45.979658809], [4.634825841, 45.978274795], [4.636540105, 45.978186085], [4.639894708, 45.978693279], [4.64218809, 45.97675419], [4.648445466, 45.976139972], [4.649908854, 45.977079695], [4.652856966, 45.977384368], [4.659142839, 45.979259554], [4.660286282, 45.978449286], [4.663951442, 45.978024405], [4.6657584, 45.97741419], [4.670563952, 45.976471526], [4.67411388, 45.976214641], [4.674199729, 45.977083443], [4.675888829, 45.978250078], [4.676882789, 45.978011991], [4.678581367, 45.979359486], [4.680761357, 45.979546021], [4.68064308, 45.978041812], [4.682025008, 45.97506971], [4.687806791, 45.972318511], [4.689437811, 45.972808485], [4.693012319, 45.974788875], [4.695304749, 45.973177451], [4.696849531, 45.971411456], [4.697450062, 45.969647889], [4.698735827, 45.968744117], [4.701851254, 45.967487688], [4.701527246, 45.966490978], [4.707056493, 45.965860116], [4.716080821, 45.964612216], [4.719679915, 45.963767684], [4.71938891, 45.963134404], [4.722539848, 45.962501045], [4.729870438, 45.960686927], [4.732698199, 45.96456627], [4.733938429, 45.966667553], [4.736291353, 45.969561503], [4.744196109, 45.967426012], [4.7502555, 45.964629457], [4.748653773, 45.962632107], [4.74599118, 45.960491677], [4.738695299, 45.956231018], [4.733499613, 45.952977179], [4.729114135, 45.949517084], [4.728131944, 45.947679328], [4.728625143, 45.944304947], [4.730554891, 45.941948022], [4.733767162, 45.939819114], [4.736482639, 45.938565121], [4.740720065, 45.9377209], [4.747238628, 45.937085411], [4.75270947, 45.935253416], [4.755947398, 45.934534883], [4.761117868, 45.934952621], [4.762234515, 45.931079266], [4.761729311, 45.929772086], [4.758452166, 45.930383314], [4.755692464, 45.930383838], [4.749626751, 45.922490272], [4.746706461, 45.922460641], [4.744493823, 45.918611812], [4.743281486, 45.918431445], [4.740739584, 45.916524153], [4.73764045, 45.911671938], [4.733861478, 45.911317407], [4.737581729, 45.902565754], [4.738376515, 45.902690447], [4.742795225, 45.900812904], [4.746541401, 45.900845177], [4.750664102, 45.901765006], [4.749830899, 45.899292832], [4.750964728, 45.898963634], [4.755865615, 45.898881333], [4.757674322, 45.899287378], [4.75884308, 45.898113586], [4.763768795, 45.896430882], [4.76355866, 45.897483495], [4.768613539, 45.898586285], [4.770190581, 45.89719882], [4.772403082, 45.896881335], [4.774249915, 45.895984977], [4.77593259, 45.894479578], [4.776573672, 45.897560779], [4.778162949, 45.897839341], [4.783207174, 45.897286124], [4.783327801, 45.897665227], [4.791032489, 45.897801958], [4.79342579, 45.897294746], [4.792940457, 45.896215268], [4.789630907, 45.894644594], [4.788465198, 45.894657635], [4.78725675, 45.892954561], [4.789986508, 45.891810692], [4.789353084, 45.891132566], [4.789368726, 45.888554447], [4.788468886, 45.885546759], [4.789915561, 45.885295078], [4.790026039, 45.883056832], [4.788530486, 45.879493823], [4.790013828, 45.877317613], [4.789623883, 45.874481104], [4.789765311, 45.871170507], [4.78902049, 45.869714121], [4.787336207, 45.86886797], [4.78769402, 45.865745809], [4.786426188, 45.86489576], [4.785514544, 45.861466707], [4.783104946, 45.861264263], [4.782295237, 45.860263725], [4.782574133, 45.857125716], [4.780612054, 45.856324387], [4.778161342, 45.855958559], [4.777801468, 45.855271568], [4.774608485, 45.855391119], [4.771983482, 45.852927419], [4.771028823, 45.850372638], [4.766039287, 45.848034121], [4.761799885, 45.849921562], [4.755143262, 45.857233589], [4.753088248, 45.860755758], [4.749264965, 45.871052514], [4.746467709, 45.878975208], [4.742837362, 45.877582896], [4.742437711, 45.872444193], [4.74270386, 45.87070622], [4.737759779, 45.870688674], [4.735614173, 45.869826339], [4.737584169, 45.86589239], [4.736146042, 45.865791997], [4.734540263, 45.861139271], [4.733884998, 45.860143235], [4.733172866, 45.857131381], [4.73584717, 45.856418399], [4.736704907, 45.855206374], [4.736616402, 45.854073741], [4.735102968, 45.853249425], [4.734699277, 45.851110135]]]], ""type"": ""MultiPolygon""}";45.922892327,4.629186507
1266.556;0;0.0;0;0.0;0;0.0;0;0.0;0;0.0;"{""coordinates"": [[[[4.734699277, 45.851110135], [4.733541135, 45.851375606], [4.727589339, 45.849333898], [4.72687654, 45.848797166], [4.718636084, 45.845465019], [4.715527492, 45.843930633], [4.710927606, 45.842964586], [4.699197433, 45.841578927], [4.687087071, 45.83810632], [4.684743004, 45.838441239], [4.676637262, 45.84195026], [4.675361148, 45.843001389], [4.676035905, 45.844341521], [4.67484824, 45.845548953], [4.674493953, 45.847591575], [4.669945334, 45.851029297], [4.669519226, 45.853090976], [4.670379769, 45.855714587], [4.667700404, 45.85530472], [4.665631122, 45.855888268], [4.662652121, 45.855586278], [4.66048199, 45.856204541], [4.659088408, 45.857742676], [4.655539505, 45.857008426], [4.652412726, 45.854742127], [4.650087435, 45.852459539], [4.647529758, 45.85106387], [4.645601138, 45.850963179], [4.643683091, 45.850005749], [4.643153492, 45.848928125], [4.641371359, 45.848029926], [4.639391704, 45.848723377], [4.636796849, 45.846363377], [4.633199591, 45.852014994], [4.629088834, 45.856235499], [4.628259114, 45.856161894], [4.628474822, 45.858796887], [4.627506577, 45.859403487], [4.624002338, 45.867268226], [4.624558079, 45.871341232], [4.624032161, 45.876118806], [4.627754906, 45.880094915], [4.624375798, 45.879948975], [4.623620263, 45.879209561], [4.61695187, 45.880920067], [4.606296195, 45.880350539], [4.603661953, 45.877524685], [4.600173927, 45.87841625], [4.598875205, 45.87712054], [4.594920421, 45.879397478], [4.588203654, 45.879100255], [4.583138863, 45.879297396], [4.579890333, 45.881721522], [4.576548591, 45.886578665], [4.57385098, 45.890163996], [4.570268361, 45.895386361], [4.566956786, 45.895100855], [4.561893149, 45.895073641], [4.561079278, 45.897945404], [4.55860895, 45.898810797], [4.558246561, 45.900365841], [4.555191322, 45.901721073], [4.550633367, 45.901026203], [4.550124198, 45.900260412], [4.547003868, 45.901049794], [4.545504409, 45.901080204], [4.544673859, 45.902469569], [4.541853717, 45.902882731], [4.540899064, 45.901775316], [4.536450594, 45.901669221], [4.532685863, 45.902537208], [4.531077416, 45.903661406], [4.527645132, 45.904336484], [4.523952005, 45.905472507], [4.520258507, 45.907442423], [4.517043939, 45.908212419], [4.513413915, 45.90865644], [4.512029977, 45.908531746], [4.50786634, 45.909751882], [4.505601036, 45.909433505], [4.501543532, 45.910862746], [4.499810635, 45.911096492], [4.498923492, 45.912065648], [4.495458197, 45.912793313], [4.492241789, 45.914329076], [4.490264221, 45.916304161], [4.48937745, 45.918967362], [4.489993585, 45.921184762], [4.49108247, 45.923177071], [4.489419376, 45.926343158], [4.489276208, 45.927635678], [4.486537348, 45.929353215], [4.485682316, 45.931101804], [4.485850711, 45.932799123], [4.48144125, 45.936630669], [4.480952047, 45.938312284], [4.47915304, 45.940349668], [4.48067578, 45.942441782], [4.482072341, 45.945501928], [4.478146319, 45.94675564], [4.478491175, 45.952436042], [4.480108739, 45.958765392], [4.482987269, 45.961213518], [4.480176202, 45.961899676], [4.477718728, 45.96291529], [4.475930477, 45.96442469], [4.476872739, 45.965801205], [4.476374567, 45.96716318], [4.472248738, 45.969121777], [4.471387402, 45.969901228], [4.468804019, 45.977206604], [4.464515787, 45.976352489], [4.457375865, 45.977024619], [4.457938997, 45.977850468], [4.459912877, 45.978386141], [4.460784913, 45.979507909], [4.463300824, 45.979096256], [4.467108692, 45.97985397], [4.469970899, 45.982397212], [4.472039797, 45.983624944], [4.475914437, 45.984832725], [4.475145214, 45.987465438], [4.473121394, 45.989184999], [4.474095359, 45.990622373], [4.475613058, 45.991759045], [4.477396662, 45.992160903], [4.478301306, 45.993128107], [4.481902908, 45.994819303], [4.483064488, 45.99462307], [4.488793779, 45.995612487], [4.492452427, 45.996625314], [4.494667273, 45.99766879], [4.494835813, 45.999163453], [4.496256195, 46.000356082], [4.500040977, 46.002660343], [4.502997872, 46.002703114], [4.506856344, 46.004047878], [4.510723214, 46.003526239], [4.512143222, 46.003042556], [4.515902267, 46.0025519], [4.52063745, 46.002357847], [4.522506449, 46.002784877], [4.526994622, 46.00211923], [4.529854202, 46.000427938], [4.531900727, 45.999989581], [4.534921759, 46.001547366], [4.534800902, 46.0024965], [4.538957191, 46.003647908], [4.54278287, 46.001253249], [4.544108539, 46.001057758], [4.54596844, 45.998579882], [4.550667482, 45.998860613], [4.55291332, 45.998577663], [4.557074635, 45.996340928], [4.559823997, 45.996046413], [4.562143678, 45.99504713], [4.562206895, 45.992767567], [4.563463255, 45.990869636], [4.565388929, 45.988884083], [4.565025884, 45.986976979], [4.566302234, 45.985880334], [4.569644207, 45.984729845], [4.572387837, 45.98140794], [4.574940056, 45.980031375], [4.573386066, 45.979223458], [4.574049169, 45.978197385], [4.576548438, 45.976737755], [4.577625554, 45.97415944], [4.579336022, 45.971239033], [4.583643921, 45.970614141], [4.583911185, 45.968500124], [4.587529533, 45.968248597], [4.588654809, 45.96633329], [4.588808331, 45.96350752], [4.589479398, 45.96205792], [4.592122004, 45.958850408], [4.593664252, 45.955559252], [4.595461241, 45.953757804], [4.593192184, 45.951963193], [4.59362186, 45.949409131], [4.594908932, 45.949935911], [4.602748933, 45.950063844], [4.605248655, 45.948467542], [4.606524906, 45.948133295], [4.608701367, 45.94873736], [4.609358388, 45.951558856], [4.612232907, 45.952624884], [4.613847738, 45.955426407], [4.617513062, 45.955883876], [4.622755589, 45.955346791], [4.622541324, 45.956664859], [4.621003127, 45.958237872], [4.618670788, 45.958279353], [4.618292024, 45.959189053], [4.621029225, 45.960264935], [4.62188047, 45.961279521], [4.621636033, 45.964337237], [4.618310679, 45.966414957], [4.619698287, 45.967395772], [4.620141093, 45.968661199], [4.618641196, 45.970012959], [4.619745386, 45.971586872], [4.622338821, 45.972233361], [4.620827531, 45.974384218], [4.62338845, 45.975456273], [4.621564352, 45.977471116], [4.618964057, 45.978092864], [4.62295059, 45.979971367], [4.627698558, 45.980065346], [4.629217747, 45.980498346], [4.638623369, 45.980858919], [4.634974176, 45.979658809], [4.634825841, 45.978274795], [4.636540105, 45.978186085], [4.639894708, 45.978693279], [4.64218809, 45.97675419], [4.648445466, 45.976139972], [4.649908854, 45.977079695], [4.652856966, 45.977384368], [4.659142839, 45.979259554], [4.660286282, 45.978449286], [4.663951442, 45.978024405], [4.6657584, 45.97741419], [4.670563952, 45.976471526], [4.67411388, 45.976214641], [4.674199729, 45.977083443], [4.675888829, 45.978250078], [4.676882789, 45.978011991], [4.678581367, 45.979359486], [4.680761357, 45.979546021], [4.68064308, 45.978041812], [4.682025008, 45.97506971], [4.687806791, 45.972318511], [4.689437811, 45.972808485], [4.693012319, 45.974788875], [4.695304749, 45.973177451], [4.696849531, 45.971411456], [4.697450062, 45.969647889], [4.698735827, 45.968744117], [4.701851254, 45.967487688], [4.701527246, 45.966490978], [4.707056493, 45.965860116], [4.716080821, 45.964612216], [4.719679915, 45.963767684], [4.71938891, 45.963134404], [4.722539848, 45.962501045], [4.729870438, 45.960686927], [4.732698199, 45.96456627], [4.733938429, 45.966667553], [4.736291353, 45.969561503], [4.744196109, 45.967426012], [4.7502555, 45.964629457], [4.748653773, 45.962632107], [4.74599118, 45.960491677], [4.738695299, 45.956231018], [4.733499613, 45.952977179], [4.729114135, 45.949517084], [4.728131944, 45.947679328], [4.728625143, 45.944304947], [4.730554891, 45.941948022], [4.733767162, 45.939819114], [4.736482639, 45.938565121], [4.740720065, 45.9377209], [4.747238628, 45.937085411], [4.75270947, 45.935253416], [4.755947398, 45.934534883], [4.761117868, 45.934952621], [4.762234515, 45.931079266], [4.761729311, 45.929772086], [4.758452166, 45.930383314], [4.755692464, 45.930383838], [4.749626751, 45.922490272], [4.746706461, 45.922460641], [4.744493823, 45.918611812], [4.743281486, 45.918431445], [4.740739584, 45.916524153], [4.73764045, 45.911671938], [4.733861478, 45.911317407], [4.737581729, 45.902565754], [4.738376515, 45.902690447], [4.742795225, 45.900812904], [4.746541401, 45.900845177], [4.750664102, 45.901765006], [4.749830899, 45.899292832], [4.750964728, 45.898963634], [4.755865615, 45.898881333], [4.757674322, 45.899287378], [4.75884308, 45.898113586], [4.763768795, 45.896430882], [4.76355866, 45.897483495], [4.768613539, 45.898586285], [4.770190581, 45.89719882], [4.772403082, 45.896881335], [4.774249915, 45.895984977], [4.77593259, 45.894479578], [4.776573672, 45.897560779], [4.778162949, 45.897839341], [4.783207174, 45.897286124], [4.783327801, 45.897665227], [4.791032489, 45.897801958], [4.79342579, 45.897294746], [4.792940457, 45.896215268], [4.789630907, 45.894644594], [4.788465198, 45.894657635], [4.78725675, 45.892954561], [4.789986508, 45.891810692], [4.789353084, 45.891132566], [4.789368726, 45.888554447], [4.788468886, 45.885546759], [4.789915561, 45.885295078], [4.790026039, 45.883056832], [4.788530486, 45.879493823], [4.790013828, 45.877317613], [4.789623883, 45.874481104], [4.789765311, 45.871170507], [4.78902049, 45.869714121], [4.787336207, 45.86886797], [4.78769402, 45.865745809], [4.786426188, 45.86489576], [4.785514544, 45.861466707], [4.783104946, 45.861264263], [4.782295237, 45.860263725], [4.782574133, 45.857125716], [4.780612054, 45.856324387], [4.778161342, 45.855958559], [4.777801468, 45.855271568], [4.774608485, 45.855391119], [4.771983482, 45.852927419], [4.771028823, 45.850372638], [4.766039287, 45.848034121], [4.761799885, 45.849921562], [4.755143262, 45.857233589], [4.753088248, 45.860755758], [4.749264965, 45.871052514], [4.746467709, 45.878975208], [4.742837362, 45.877582896], [4.742437711, 45.872444193], [4.74270386, 45.87070622], [4.737759779, 45.870688674], [4.735614173, 45.869826339], [4.737584169, 45.86589239], [4.736146042, 45.865791997], [4.734540263, 45.861139271], [4.733884998, 45.860143235], [4.733172866, 45.857131381], [4.73584717, 45.856418399], [4.736704907, 45.855206374], [4.736616402, 45.854073741], [4.735102968, 45.853249425], [4.734699277, 45.851110135]]]], ""type"": ""MultiPolygon""}";45.922892327,4.629186507
1.512;1;22540.017;0;0.0;0;0.0;0;0.0;1;234.115;"{""coordinates"": [[[[4.475712735, 45.817957598], [4.465571171, 45.824340167], [4.46012752, 45.825278905], [4.45523466, 45.828107938], [4.453353608, 45.829521854], [4.453305077, 45.831739863], [4.453719834, 45.834475185], [4.452559407, 45.835031401], [4.449386015, 45.835378385], [4.448658239, 45.836613497], [4.445384471, 45.835247732], [4.442627243, 45.835004683], [4.440592849, 45.833921959], [4.434410507, 45.835243524], [4.429993453, 45.831953657], [4.42768443, 45.831396552], [4.427492293, 45.830094857], [4.425426174, 45.827764883], [4.421054482, 45.82689322], [4.42008497, 45.827565582], [4.4175348, 45.826987889], [4.416021735, 45.8276157], [4.413553179, 45.830525055], [4.410781698, 45.830162528], [4.406095226, 45.831244091], [4.403628664, 45.832232145], [4.402504374, 45.832250614], [4.398968745, 45.833407644], [4.395663926, 45.833813285], [4.392479627, 45.836546375], [4.39059184, 45.837460356], [4.387686063, 45.839553131], [4.386379753, 45.840128462], [4.384596232, 45.842176755], [4.382348627, 45.843709232], [4.382759567, 45.847612036], [4.390331777, 45.849999443], [4.39136737, 45.850537881], [4.392186176, 45.853823206], [4.393827798, 45.855694295], [4.394731049, 45.858385046], [4.396030853, 45.860442252], [4.394514479, 45.861341794], [4.393160963, 45.86374066], [4.394337816, 45.864858241], [4.39119701, 45.865044652], [4.385008829, 45.863903907], [4.378856509, 45.86398094], [4.376422582, 45.863151411], [4.373282769, 45.864877386], [4.368565348, 45.868131838], [4.36602624, 45.867012455], [4.36304381, 45.864538419], [4.361714813, 45.865638793], [4.355323135, 45.8689939], [4.350365216, 45.870855393], [4.348477933, 45.872445911], [4.348228054, 45.874249238], [4.347285893, 45.875002586], [4.342584759, 45.876957934], [4.341502027, 45.879093556], [4.340521125, 45.879798671], [4.339865805, 45.881432963], [4.339450568, 45.88429916], [4.338723771, 45.885648795], [4.337966248, 45.889347609], [4.336530185, 45.890439035], [4.334360031, 45.891310351], [4.331064058, 45.893686309], [4.328250267, 45.896171786], [4.326739456, 45.896852378], [4.323610442, 45.901051708], [4.323517417, 45.904161734], [4.326474136, 45.904802559], [4.327051465, 45.905741437], [4.330916971, 45.907415299], [4.334510343, 45.907857491], [4.336686365, 45.908797261], [4.339457449, 45.91144473], [4.340076513, 45.914141066], [4.341766065, 45.914323677], [4.346097537, 45.915749237], [4.339633863, 45.917003983], [4.337512432, 45.916096042], [4.335239914, 45.916298511], [4.335308496, 45.917637826], [4.336513704, 45.918117134], [4.338887798, 45.920605398], [4.337872793, 45.922435762], [4.338321839, 45.924028155], [4.339618757, 45.924822465], [4.341763803, 45.925042015], [4.345734792, 45.929005328], [4.346061949, 45.929929078], [4.344849753, 45.93092247], [4.340630536, 45.931028378], [4.339009966, 45.93168701], [4.336617629, 45.931552282], [4.335233565, 45.932598934], [4.332292725, 45.934015151], [4.331926467, 45.935256015], [4.330576311, 45.935255688], [4.32945412, 45.936625212], [4.323367611, 45.939565027], [4.321032495, 45.942797612], [4.319512494, 45.943582671], [4.31601792, 45.942126533], [4.316422078, 45.941482394], [4.314127123, 45.940250002], [4.311660707, 45.941136904], [4.311807266, 45.942358243], [4.310097803, 45.944680922], [4.307055422, 45.946006681], [4.305125625, 45.947325837], [4.301970067, 45.947698109], [4.300271045, 45.94704218], [4.299668213, 45.948632384], [4.298009486, 45.950343673], [4.297255603, 45.952158047], [4.29475628, 45.952942278], [4.293785715, 45.953838679], [4.296177107, 45.954336379], [4.297713247, 45.955250915], [4.300321396, 45.955955887], [4.301039045, 45.957638095], [4.300130063, 45.958735581], [4.30022949, 45.959938561], [4.298599878, 45.964924154], [4.297170349, 45.965860969], [4.295062908, 45.966256147], [4.293469407, 45.967528917], [4.293112207, 45.968927147], [4.292085296, 45.969472033], [4.290748245, 45.972159401], [4.287114371, 45.974401861], [4.283772728, 45.975783506], [4.280742563, 45.975902474], [4.27746792, 45.976619423], [4.27519722, 45.9786894], [4.275274433, 45.979903453], [4.271092484, 45.979663173], [4.265295067, 45.981075403], [4.26092345, 45.980846772], [4.257107111, 45.981569155], [4.25566989, 45.983124235], [4.253002902, 45.983610379], [4.248322197, 45.986677292], [4.24767613, 45.989352002], [4.249143454, 45.991269429], [4.248765769, 45.992333605], [4.24627229, 45.993657036], [4.244032561, 45.995864719], [4.244088559, 45.996741292], [4.249230842, 45.995460782], [4.253273147, 45.995819605], [4.257698602, 45.9947916], [4.259314236, 45.995488733], [4.260719585, 45.997552603], [4.260625265, 45.998230009], [4.262517187, 45.999585969], [4.262924936, 46.001980643], [4.264399817, 46.001883138], [4.265635422, 46.000934511], [4.267686806, 46.000339689], [4.268796006, 45.999349212], [4.267785723, 45.998126688], [4.265490974, 45.996901401], [4.266178195, 45.991949383], [4.267094467, 45.990834992], [4.269008828, 45.989749942], [4.26959273, 45.988401492], [4.270979143, 45.988013992], [4.272906109, 45.990051147], [4.273076769, 45.991731567], [4.274377195, 45.993821669], [4.277622334, 45.992789941], [4.280347469, 45.992793396], [4.282776359, 45.994444656], [4.285453035, 45.994471953], [4.287258701, 45.998416843], [4.289466506, 45.998224222], [4.290544468, 45.995864951], [4.292760986, 45.994342859], [4.293308224, 45.992006727], [4.293033122, 45.990361745], [4.29470444, 45.989841913], [4.296999009, 45.990057027], [4.299548208, 45.989126294], [4.300426503, 45.991192131], [4.302301475, 45.993820199], [4.303697842, 45.994238234], [4.305365334, 45.995571755], [4.306006608, 46.000759114], [4.308578962, 46.001059057], [4.312620347, 46.005623463], [4.312587759, 46.006803648], [4.309800417, 46.00861462], [4.309655807, 46.010304046], [4.307275256, 46.012274162], [4.307751071, 46.016195356], [4.308357844, 46.018608306], [4.306940706, 46.020825761], [4.305869089, 46.021700903], [4.303255896, 46.020917727], [4.301166169, 46.020728292], [4.299186357, 46.021524632], [4.297244365, 46.02140548], [4.292389219, 46.019393142], [4.290044415, 46.017859096], [4.288241407, 46.017154613], [4.287436619, 46.018338156], [4.285030952, 46.019115668], [4.280833357, 46.022219856], [4.279697915, 46.021537411], [4.276915568, 46.022806231], [4.271484635, 46.031873371], [4.269121436, 46.034750277], [4.267364197, 46.035763306], [4.262208289, 46.035413754], [4.260757202, 46.03799843], [4.26110663, 46.039532779], [4.260319411, 46.040788872], [4.258374924, 46.04143369], [4.257725284, 46.043958992], [4.252988763, 46.047117618], [4.25151515, 46.048574859], [4.250589958, 46.050262892], [4.254143866, 46.05211221], [4.253541908, 46.052431376], [4.257976432, 46.05454012], [4.26495838, 46.051757034], [4.267217339, 46.051723707], [4.277528735, 46.05382531], [4.278915504, 46.05293969], [4.281530781, 46.05337398], [4.283478517, 46.053138508], [4.285887219, 46.053753356], [4.289807477, 46.055993686], [4.290837758, 46.057560735], [4.291321734, 46.060045416], [4.295167357, 46.06145065], [4.295625323, 46.062547768], [4.300452499, 46.06523489], [4.299389604, 46.067504907], [4.301378805, 46.069985806], [4.304273521, 46.06977604], [4.304133509, 46.070800746], [4.301757104, 46.076451467], [4.301495019, 46.078662775], [4.309091572, 46.079965925], [4.311129722, 46.079308357], [4.31020186, 46.082186631], [4.3106954, 46.083127476], [4.309498992, 46.084028395], [4.310649162, 46.085855069], [4.310228139, 46.087467527], [4.309328273, 46.087889494], [4.309132772, 46.08946242], [4.310168902, 46.090085394], [4.312483788, 46.093735851], [4.310290124, 46.095439042], [4.310898292, 46.096458719], [4.308021408, 46.098508384], [4.305067988, 46.099470915], [4.306733149, 46.103346004], [4.306932762, 46.106239174], [4.308867758, 46.107078765], [4.309713441, 46.108226298], [4.309281942, 46.109896509], [4.316614342, 46.114792097], [4.32011854, 46.116837227], [4.319934415, 46.119198077], [4.321403321, 46.12362192], [4.322189837, 46.124657476], [4.321792301, 46.126544388], [4.321732028, 46.129851244], [4.322523285, 46.130757056], [4.327723525, 46.132443569], [4.333119319, 46.13475438], [4.333884864, 46.135977434], [4.342799294, 46.134341336], [4.34690844, 46.135870561], [4.352253959, 46.135830456], [4.35330424, 46.137286857], [4.356511224, 46.138305026], [4.359420782, 46.138242319], [4.361900188, 46.138752989], [4.363684516, 46.140122139], [4.365171235, 46.142544964], [4.368929002, 46.146455271], [4.370417266, 46.147419005], [4.374930732, 46.148619934], [4.377015179, 46.149994255], [4.381377268, 46.149954805], [4.382954564, 46.148885486], [4.387699884, 46.146786799], [4.390428097, 46.146965085], [4.393526033, 46.145220435], [4.397866027, 46.143310915], [4.40059453, 46.141627351], [4.406949844, 46.138803686], [4.408347608, 46.137181438], [4.411900858, 46.136308741], [4.417255029, 46.135998882], [4.417497453, 46.138061908], [4.416857399, 46.139013757], [4.418118146, 46.140172447], [4.421927612, 46.142086399], [4.422122117, 46.150542708], [4.425757356, 46.152501051], [4.430053148, 46.154484292], [4.433095502, 46.157142456], [4.434680421, 46.159715381], [4.43892813, 46.167886268], [4.440643659, 46.168055467], [4.44133846, 46.16884462], [4.455520611, 46.175658213], [4.461697121, 46.17872848], [4.46824534, 46.183306695], [4.468098464, 46.185085555], [4.470838572, 46.185769745], [4.475512037, 46.183846652], [4.478887887, 46.183293017], [4.481709855, 46.183261671], [4.481110525, 46.184979803], [4.480966662, 46.189783904], [4.479695838, 46.190650658], [4.478999815, 46.192635724], [4.479371969, 46.194796926], [4.477710639, 46.196674753], [4.479569987, 46.197713329], [4.481830748, 46.196901229], [4.483816129, 46.195309119], [4.48530928, 46.195322945], [4.487238524, 46.194009805], [4.489054633, 46.193596054], [4.490182621, 46.192391524], [4.490689293, 46.190850183], [4.493260021, 46.188150535], [4.500038882, 46.184618114], [4.502427939, 46.182366466], [4.505183766, 46.17879316], [4.509095481, 46.175400781], [4.510943664, 46.170861266], [4.510165683, 46.168830734], [4.510701377, 46.16568845], [4.507486282, 46.159211342], [4.50190863, 46.151615281], [4.504381553, 46.151390721], [4.507166341, 46.149027429], [4.506090046, 46.147961823], [4.504246405, 46.147406233], [4.500870227, 46.145773882], [4.498785492, 46.144024428], [4.502848142, 46.141204852], [4.506088887, 46.13762687], [4.507758594, 46.134833411], [4.520207379, 46.128243085], [4.522938938, 46.125241525], [4.530205276, 46.121142214], [4.53243544, 46.108978469], [4.536445024, 46.106359191], [4.540466954, 46.104193531], [4.540755707, 46.10137865], [4.542100587, 46.09873766], [4.541953664, 46.097331923], [4.545244766, 46.093746658], [4.550452527, 46.091215015], [4.551860942, 46.086495199], [4.55095214, 46.085389902], [4.54961529, 46.083333039], [4.549277426, 46.080990524], [4.548326624, 46.078068243], [4.547381107, 46.07643293], [4.545042153, 46.07457702], [4.543965559, 46.072600313], [4.542986654, 46.072118268], [4.541821288, 46.069002511], [4.541697425, 46.067631586], [4.540592401, 46.066616242], [4.538993635, 46.063954875], [4.538933017, 46.062021076], [4.537169797, 46.058051455], [4.537730066, 46.056713582], [4.535336088, 46.055624695], [4.536748864, 46.052527999], [4.535978389, 46.048471952], [4.535348918, 46.046867392], [4.536087884, 46.045817119], [4.535511, 46.043964167], [4.532952247, 46.042278529], [4.531487074, 46.041913748], [4.528773101, 46.042172839], [4.524199365, 46.04010256], [4.521323637, 46.037458124], [4.522683557, 46.036504082], [4.518175177, 46.035885452], [4.515915554, 46.033337108], [4.516731559, 46.03099439], [4.513744637, 46.026863375], [4.513903669, 46.025876832], [4.515511778, 46.025489674], [4.518638586, 46.026630386], [4.519495872, 46.026164064], [4.524815971, 46.02628806], [4.525580204, 46.025545539], [4.530356192, 46.023587964], [4.532498298, 46.023161828], [4.535667108, 46.0232054], [4.53840941, 46.021774884], [4.539205539, 46.020656259], [4.53903574, 46.018931093], [4.540124505, 46.018154341], [4.543240854, 46.018549669], [4.545129228, 46.017569234], [4.545231714, 46.016753636], [4.542974624, 46.01491191], [4.543875104, 46.013096516], [4.545966783, 46.012687918], [4.544519848, 46.01147464], [4.544045695, 46.009641045], [4.544677642, 46.008577753], [4.547531171, 46.008516299], [4.549429041, 46.008025619], [4.548242481, 46.006463873], [4.548642221, 46.004134693], [4.550251289, 46.002849054], [4.54596844, 45.998579882], [4.544108539, 46.001057758], [4.54278287, 46.001253249], [4.538957191, 46.003647908], [4.534800902, 46.0024965], [4.534921759, 46.001547366], [4.531900727, 45.999989581], [4.529854202, 46.000427938], [4.526994622, 46.00211923], [4.522506449, 46.002784877], [4.52063745, 46.002357847], [4.515902267, 46.0025519], [4.512143222, 46.003042556], [4.510723214, 46.003526239], [4.506856344, 46.004047878], [4.502997872, 46.002703114], [4.500040977, 46.002660343], [4.496256195, 46.000356082], [4.494835813, 45.999163453], [4.494667273, 45.99766879], [4.492452427, 45.996625314], [4.488793779, 45.995612487], [4.483064488, 45.99462307], [4.481902908, 45.994819303], [4.478301306, 45.993128107], [4.477396662, 45.992160903], [4.475613058, 45.991759045], [4.474095359, 45.990622373], [4.473121394, 45.989184999], [4.475145214, 45.987465438], [4.475914437, 45.984832725], [4.472039797, 45.983624944], [4.469970899, 45.982397212], [4.467108692, 45.97985397], [4.463300824, 45.979096256], [4.460784913, 45.979507909], [4.459912877, 45.978386141], [4.457938997, 45.977850468], [4.457375865, 45.977024619], [4.464515787, 45.976352489], [4.468804019, 45.977206604], [4.471387402, 45.969901228], [4.472248738, 45.969121777], [4.476374567, 45.96716318], [4.476872739, 45.965801205], [4.475930477, 45.96442469], [4.477718728, 45.96291529], [4.480176202, 45.961899676], [4.482987269, 45.961213518], [4.480108739, 45.958765392], [4.478491175, 45.952436042], [4.478146319, 45.94675564], [4.482072341, 45.945501928], [4.48067578, 45.942441782], [4.47915304, 45.940349668], [4.480952047, 45.938312284], [4.48144125, 45.936630669], [4.485850711, 45.932799123], [4.485682316, 45.931101804], [4.486537348, 45.929353215], [4.489276208, 45.927635678], [4.489419376, 45.926343158], [4.49108247, 45.923177071], [4.489993585, 45.921184762], [4.48937745, 45.918967362], [4.490264221, 45.916304161], [4.492241789, 45.914329076], [4.495458197, 45.912793313], [4.498923492, 45.912065648], [4.499810635, 45.911096492], [4.501543532, 45.910862746], [4.505601036, 45.909433505], [4.50786634, 45.909751882], [4.512029977, 45.908531746], [4.513413915, 45.90865644], [4.517043939, 45.908212419], [4.520258507, 45.907442423], [4.523952005, 45.905472507], [4.527645132, 45.904336484], [4.531077416, 45.903661406], [4.532685863, 45.902537208], [4.532667421, 45.900760452], [4.531274761, 45.897158657], [4.5318018, 45.894307228], [4.534207524, 45.892642611], [4.535189172, 45.885605019], [4.534765787, 45.884572304], [4.535598216, 45.88227872], [4.5385273, 45.877070888], [4.547048503, 45.871108368], [4.549297586, 45.865617726], [4.550998668, 45.864814416], [4.550830876, 45.863615231], [4.552367323, 45.863011405], [4.552958667, 45.861349657], [4.55295995, 45.859288915], [4.555270834, 45.856439847], [4.55610787, 45.854126219], [4.555766317, 45.852572769], [4.557750982, 45.851057521], [4.557702703, 45.849301886], [4.560202668, 45.847101285], [4.562590616, 45.846458529], [4.561172557, 45.842162135], [4.55859378, 45.841243938], [4.557134882, 45.839777057], [4.554522801, 45.8361149], [4.552641837, 45.834017903], [4.549351566, 45.831740271], [4.546858456, 45.832750764], [4.545002761, 45.832646468], [4.543091151, 45.833214801], [4.540996473, 45.833273121], [4.543615157, 45.828409807], [4.543779651, 45.825447078], [4.542119578, 45.826433469], [4.540630593, 45.826351116], [4.539262581, 45.827419042], [4.538503153, 45.82882992], [4.535252616, 45.829245226], [4.530790098, 45.826981196], [4.521976325, 45.825326925], [4.520357316, 45.825432494], [4.516338681, 45.824943428], [4.517746867, 45.821902806], [4.507292673, 45.817774627], [4.500192939, 45.818016885], [4.497471836, 45.818371836], [4.491688125, 45.81826916], [4.490010345, 45.81752756], [4.486401536, 45.818066879], [4.48138406, 45.817475342], [4.475712735, 45.817957598]]]], ""type"": ""MultiPolygon""}";46.001337982,4.420866302
3746.400933230766;0;0.0;0;0.0;0;0.0;2;1576.222;0;0.0;;45.763270576,4.85388642
;0;0.0;0;0.0;0;0.0;0;0.0;0;0.0;;
;0;0.0;0;0.0;0;0.0;0;0.0;0;0.0;;45.703383044,5.045097281
354.12157959249384;0;0.0;0;0.0;0;0.0;0;0.0;0;0.0;;46.018032754,4.637633151
449.0605014992114;0;0.0;0;0.0;0;0.0;0;0.0;0;0.0;;45.724661893,4.652947491
1028.9837463643998;;;0;0.0;0;0.0;0;0.0;0;0.0;;
1148.0185050048458;0;0.0;0;0.0;0;0.0;0;0.0;0;0.0;;
1160.244970365301;0;0.0;0;0.0;0;0.0;0;0.0;0;0.0;;45.623274555,4.666036159
;0;0.0;0;0.0;0;0.0;0;0.0;0;0.0;;45.621392169,4.882790254
1139.864239573584;0;0.0;0;0.0;0;0.0;0;0.0;0;0.0;;
11426.491;0;0.0;6;411552.613;2;58012.524;17;154610.443;0;0.0;;45.763270576,4.85388642
;0;0.0;0;0.0;0;0.0;0;0.0;0;0.0;;45.621392169,4.882790254
13294.290666666666;0;0.0;5;432880.9421666667;2;60950.64766666667;19;198715.71283333335;0;0.0;;45.763270576,4.85388642
1203.56;0;0.0;0;0.0;0;0.0;0;0.0;0;0.0;;45.668787006,4.756202655
743.604;0;0.0;0;0.0;0;0.0;0;0.0;0;0.0;;45.668787006,4.756202655
788.644;0;0.0;0;0.0;0;0.0;0;0.0;0;0.0;;45.668787006,4.756202655
2336.516;0;0.0;0;0.0;0;0.0;0;0.0;0;0.0;;45.922892327,4.629186507
827.283;0;0.0;0;0.0;0;0.0;0;0.0;0;0.0;;45.623274555,4.666036159
563.75;0;0.0;0;0.0;0;0.0;0;0.0;0;0.0;;45.623274555,4.666036159
663.268;0;0.0;0;0.0;0;0.0;0;0.0;0;0.0;;45.668787006,4.756202655
;;;0;0.0;0;0.0;0;0.0;0;0.0;;45.688444196,4.463245904
462.6327685068069;0;0.0;0;0.0;0;0.0;0;0.0;0;0.0;;45.80718942,4.593656849
;0;0.0;0;0.0;0;0.0;0;0.0;0;0.0;;45.703383044,5.045097281
1.623;0;0.0;0;0.0;0;0.0;0;0.0;0;0.0;;46.001337982,4.420866302
339.575;0;0.0;0;0.0;0;0.0;0;0.0;0;0.0;;46.018032754,4.637633151
407.687;0;0.0;0;0.0;1;22899.019;2;2813.932;1;123.103;;46.018032754,4.637633151
12264.572;0;0.0;5;348766.024;2;51351.564;19;183968.818;2;5792.383;;45.763270576,4.85388642
1757.1770570816213;0;0.0;0;0.0;0;0.0;0;0.0;0;0.0;;45.623274555,4.666036159
367.20983333333334;0;0.0;0;0.0;1;20809.551166666668;1;6939.166833333333;1;38.26733333333333;;46.018032754,4.637633151
112.543;0;0.0;0;0.0;0;0.0;0;0.0;0;0.0;;45.922892327,4.629186507
5074.963833333333;0;0.0;0;0.0;0;0.0;2;1567.784;0;0.0;;45.763270576,4.85388642
